vehicle_age,engine_cc,vehicle_value,safety_features,anti_theft,fuel_type,driver_age,driving_experience,license_age,previous_accidents,previous_claims,traffic_violations,usage_type,annual_mileage,previous_insurance,policy_lapses,claim_occurred
6,1500,2035496,0,0,0,20,2,1,1,0,1,0,39183,0,0,1
19,2000,1411649,0,0,0,19,0,0,0,0,2,3,17730,0,1,1
14,1000,542720,0,1,1,29,7,6,1,0,0,0,42475,1,0,0
10,1500,4253089,1,0,0,41,19,18,0,0,0,0,43052,1,1,1
7,1500,629649,0,1,2,35,17,17,0,0,0,0,38579,1,0,0
6,1200,4506459,0,0,0,73,52,51,0,0,1,3,25490,1,0,1
18,1200,3326526,1,0,4,53,32,31,0,0,0,1,34870,0,0,0
10,1200,677150,1,0,2,42,22,22,0,0,0,1,8443,0,0,0
10,1000,4326088,1,0,1,69,50,49,1,0,2,0,48636,0,0,1
3,1000,4871586,0,0,0,32,12,11,2,0,0,4,16476,1,0,1
7,1000,2461594,1,1,1,18,0,0,0,0,1,0,13371,1,0,0
2,1500,2825076,1,0,0,25,5,5,0,0,0,0,2136,0,0,0
1,1500,1327236,0,0,1,66,45,44,1,1,0,0,7185,1,0,0
11,2500,2028207,1,0,0,54,32,31,0,0,0,1,15819,0,0,0
5,1500,2591796,0,0,2,24,6,5,0,0,0,0,17895,1,0,0
1,800,3962391,1,1,0,52,32,31,1,1,0,0,13736,1,0,0
0,2000,882275,1,1,1,55,33,32,1,1,0,0,6932,1,0,0
11,2000,1004990,1,0,2,62,40,39,0,1,0,0,45167,1,0,0
11,1200,1061632,0,1,1,33,15,14,1,0,0,2,46637,1,1,0
16,1500,1790852,0,0,0,34,16,16,0,0,0,0,28573,1,0,0
9,3000,3165559,0,0,0,55,33,32,0,1,1,0,39365,1,0,0
15,1500,2703752,0,0,1,47,25,24,1,0,0,0,6624,1,0,0
14,2500,1516028,1,1,0,54,34,34,1,0,0,0,58569,1,1,0
14,800,1468826,1,0,0,35,15,15,0,0,1,0,12441,1,0,0
18,1000,801554,1,0,0,53,34,33,0,1,0,0,22833,0,0,0
11,1200,1098001,0,0,1,29,10,10,0,0,0,3,49314,1,0,0
19,1500,4881742,0,0,0,45,23,23,0,0,1,0,21411,1,0,1
2,2000,3345838,1,0,4,65,46,45,0,0,0,0,11163,1,0,0
4,3000,3393307,0,0,0,28,6,6,2,1,0,0,48180,1,2,1
18,1200,452721,0,1,1,60,42,42,0,0,0,0,34885,0,1,0
6,800,1182564,1,0,0,72,54,53,1,0,0,3,52921,0,0,0
8,2000,2497649,0,0,4,23,3,2,0,0,1,2,13993,1,0,1
6,1500,3855495,1,1,0,43,22,21,0,0,0,1,45895,0,0,0
17,1000,2511584,0,1,0,33,11,10,0,0,3,2,15514,0,0,0
3,1200,1793488,1,0,0,55,35,34,0,2,0,0,25689,1,1,0
13,1500,1221372,1,0,0,26,7,7,0,0,1,0,5272,1,0,0
17,2000,3487002,1,1,1,35,13,12,0,1,0,2,18154,1,0,1
8,1200,3871297,0,0,1,50,30,29,0,0,1,0,26201,1,1,0
1,1200,3476381,0,0,0,67,48,48,0,0,0,0,49647,1,0,0
19,3000,1606159,1,0,1,36,14,14,0,0,0,4,10708,1,0,0
14,1500,905978,0,1,1,26,6,6,0,0,0,1,39595,1,0,0
6,1200,662757,0,0,4,63,42,42,0,0,0,2,16985,1,0,0
11,1200,4930981,0,0,0,61,41,40,0,0,1,0,53465,1,1,0
7,1500,3919258,1,0,0,59,37,36,0,0,0,0,43443,0,0,0
14,1000,2289150,1,1,0,26,7,7,0,0,0,1,41213,0,0,0
2,1000,1989575,0,0,0,61,39,38,1,0,0,0,5130,1,0,0
13,1500,3822909,1,1,1,22,0,0,3,0,0,0,38659,1,0,1
16,1200,2750231,1,1,1,40,20,20,1,0,0,3,25294,1,1,1
3,1500,3982027,1,0,0,68,46,45,0,0,0,0,30935,1,0,0
17,1000,4535025,1,1,1,59,41,41,0,0,1,0,34654,1,0,0
7,1500,1122501,1,0,0,51,30,30,1,0,0,0,58390,1,0,0
3,1200,1663990,0,1,0,55,36,36,1,0,0,0,49344,0,1,0
1,800,311227,1,1,0,39,18,18,0,0,0,1,21274,1,0,0
5,1000,3776177,1,1,1,22,2,1,1,0,1,0,28399,1,0,1
9,2500,2712947,1,1,1,18,0,0,1,0,0,0,29635,1,0,0
3,2000,613476,0,1,1,43,25,24,1,1,0,0,56620,1,0,0
17,1000,4694257,0,0,4,35,15,14,0,0,0,0,22793,1,1,0
11,2000,4388039,0,0,1,72,52,52,0,0,1,3,8086,0,0,0
1,1500,4275712,1,0,0,43,23,22,0,2,0,1,59036,1,0,1
9,3000,1557550,1,0,0,32,11,11,1,1,2,0,6646,1,0,0
3,1200,3045378,0,1,4,19,1,0,0,0,1,0,29642,1,1,1
13,1500,941518,0,0,1,70,48,48,2,2,0,1,35151,1,0,0
15,800,3385632,0,0,1,32,13,12,0,1,0,0,30349,1,1,0
14,1200,1442334,1,1,1,28,10,9,0,1,0,0,45438,1,0,0
7,2500,1113383,1,1,0,62,41,41,0,1,0,0,22077,1,0,0
13,1500,3420070,1,1,2,37,15,15,1,2,1,3,35650,1,0,1
7,1200,4252424,0,1,0,64,42,41,0,0,0,0,53442,1,0,0
15,1000,2743647,1,0,0,59,40,40,0,0,0,3,55666,1,0,0
12,1500,612683,1,1,0,34,12,12,0,0,1,0,30527,0,0,0
17,1500,4997319,1,0,1,22,4,4,1,0,0,0,59561,0,0,1
14,1200,997757,1,1,1,50,28,28,0,0,1,1,21672,1,0,0
12,2500,3366247,1,0,1,68,47,46,0,0,1,0,45185,1,0,0
8,800,1131299,1,1,1,61,39,38,1,0,0,0,34268,1,0,0
14,1200,1349892,0,0,0,42,21,21,0,0,0,0,46328,1,0,0
12,2500,337972,1,0,0,24,2,1,0,0,1,0,31772,0,0,0
0,1200,1173356,1,1,1,51,32,32,0,0,1,3,19576,1,0,0
6,1200,1296552,1,1,1,70,52,51,0,0,0,0,27352,1,1,0
8,1500,1021580,1,1,1,32,11,11,0,0,1,0,53750,1,0,0
0,2000,2751996,0,0,1,69,47,46,0,0,0,1,54317,1,0,0
11,1000,3943688,1,0,1,30,10,10,0,0,0,0,48192,1,0,0
7,2500,3574807,0,0,0,49,29,29,1,1,0,3,29322,1,1,1
10,2000,3678191,0,0,0,56,38,38,0,0,1,0,23235,1,0,0
18,1000,3619435,0,0,0,31,10,10,0,1,1,0,39400,1,1,1
16,1500,3103777,1,1,1,37,18,17,2,0,0,0,58005,1,0,1
7,1200,3626909,1,0,1,33,14,14,0,0,1,0,31191,1,0,1
2,1200,479869,0,1,0,47,29,29,0,0,0,0,4598,1,0,0
2,2000,1933751,1,0,1,58,39,39,0,0,1,0,14258,1,0,0
0,2500,3074924,1,0,3,36,14,14,0,0,1,0,27248,0,0,0
4,1000,4268022,0,0,0,39,21,20,0,0,0,1,55995,1,0,0
9,1200,2786973,1,1,4,54,33,32,0,0,1,3,55431,1,0,0
6,1200,2088663,1,1,4,27,8,7,0,2,1,2,36326,1,0,1
8,1200,3067333,0,0,1,25,3,2,0,1,0,0,13554,1,0,1
6,1200,2732414,0,0,2,46,27,26,2,0,2,0,32787,1,0,1
8,800,1423124,0,0,0,31,13,12,0,3,0,4,52828,0,1,1
7,1500,2561879,1,1,0,28,10,10,0,0,0,4,56416,1,0,0
11,1200,4598623,1,1,4,47,28,27,1,0,1,0,4599,1,1,0
1,1000,4679952,1,0,0,50,32,31,1,0,0,1,3653,1,0,0
0,2000,2477218,1,0,0,59,39,38,1,1,1,0,20251,0,0,0
15,2000,2643787,0,0,0,51,33,32,0,0,0,0,38084,1,0,0
4,1200,1131653,1,0,1,56,35,35,1,0,0,4,17245,1,0,0
2,1200,4319349,1,0,0,66,47,47,0,1,0,0,9461,1,0,0
11,1500,1978676,0,0,0,54,34,33,0,0,2,0,35375,1,0,0
7,1200,4586630,0,0,2,73,54,54,1,1,1,0,18448,1,0,1
2,1000,439972,0,0,1,59,41,41,1,1,1,0,48048,0,0,0
0,1500,2299565,0,0,1,54,34,34,1,1,0,0,53252,0,2,1
2,800,2630193,0,0,0,22,3,3,1,1,0,4,9286,0,0,1
4,800,1362467,1,0,0,58,40,39,1,0,0,0,54429,0,1,0
14,800,1195072,1,1,0,60,42,42,0,1,1,2,3609,1,1,0
13,1000,4116102,1,0,1,64,45,44,1,0,3,0,58832,1,0,0
2,800,3365827,1,0,1,22,3,2,0,0,1,0,26407,1,1,1
0,3000,3934412,0,1,1,34,15,15,0,1,2,0,2583,1,0,0
4,1200,3445523,1,1,0,36,16,16,0,1,1,0,14970,1,0,0
13,1000,1172231,1,0,3,63,43,42,0,0,1,0,47669,0,0,0
6,1000,515928,1,0,0,70,49,48,0,1,1,0,35809,1,1,0
8,2500,4214608,1,1,0,73,53,52,0,0,1,2,19530,1,0,0
14,1500,4533763,0,1,2,43,25,24,0,1,0,0,59127,1,0,1
14,1200,2142053,0,0,0,19,0,0,0,0,0,0,29709,1,0,0
9,2000,1653975,0,0,1,31,12,11,0,0,1,0,6858,1,0,0
12,1200,3184821,1,1,0,69,50,49,0,0,0,0,49118,0,0,0
18,1200,4546499,0,0,0,45,25,25,0,1,0,1,23956,1,0,1
6,1000,1728495,0,1,1,21,3,3,0,1,2,0,57355,1,0,1
16,1200,436365,0,0,0,20,0,0,0,0,2,3,48549,1,0,1
19,1200,3995290,0,1,0,32,13,13,0,0,0,0,39082,1,0,0
3,1500,1182961,0,0,1,39,17,16,0,0,0,0,55665,1,0,0
4,1200,973589,0,0,0,65,44,44,1,1,1,0,10098,1,0,0
6,1500,3943610,0,1,2,59,37,36,0,0,0,3,21672,1,2,1
12,800,4048863,0,0,2,67,45,44,0,0,2,0,7052,1,0,0
14,1000,618862,1,0,1,36,14,13,0,0,0,0,43018,1,0,0
10,1200,4300878,0,1,0,51,32,31,0,0,0,2,46417,1,0,0
3,2500,4737387,0,0,1,27,8,8,0,0,0,0,47823,1,0,0
12,1200,1219419,0,0,1,73,51,51,0,0,2,0,40550,0,0,0
6,1500,2404228,0,0,0,51,29,28,0,0,0,4,29796,1,0,0
18,1200,3788222,1,0,0,33,12,12,0,0,0,0,29140,0,0,0
1,1000,3237502,1,1,2,54,35,34,0,1,1,0,55627,0,1,0
9,800,1746585,1,1,0,53,31,31,0,0,1,2,3425,1,0,0
12,1200,3704768,0,0,1,66,48,47,0,0,0,0,49137,1,0,0
5,1000,1136960,1,0,0,62,43,42,0,0,1,0,54323,1,0,0
11,1000,679647,1,0,1,72,53,53,1,0,0,2,23101,1,0,0
11,2000,4561102,0,1,0,39,21,20,0,0,0,3,6581,1,1,1
19,800,2406471,0,1,3,49,27,27,0,1,0,1,33258,1,0,0
10,1500,3852138,0,1,0,61,41,40,0,1,0,0,29004,1,1,0
6,1200,712525,0,1,3,34,15,15,1,0,1,0,13058,1,0,0
0,1500,303468,0,0,0,26,4,4,2,1,0,0,43883,1,0,0
0,1500,3589451,0,0,1,69,51,50,0,0,0,0,57374,1,1,0
19,1200,3187993,0,0,2,50,32,31,0,0,0,4,36814,1,1,0
12,1200,366083,1,0,0,73,54,53,2,1,0,3,18088,1,0,0
8,1500,1582843,1,0,0,50,32,31,0,1,0,0,25184,1,0,0
2,2000,1109858,0,1,4,19,1,1,0,0,0,0,43344,1,0,0
6,1000,3238341,0,0,0,31,9,8,1,0,1,1,53226,1,1,1
5,800,4639812,0,0,1,54,36,36,0,0,0,2,16394,1,1,1
7,2000,1508610,1,0,0,50,30,30,0,0,0,2,20889,1,0,0
8,1200,2894140,1,1,1,18,0,0,2,0,1,0,35574,1,0,0
4,1500,3591723,0,0,0,64,42,41,0,0,0,1,7941,1,0,0
0,1200,4430018,1,0,1,39,20,20,0,0,0,1,12953,1,0,0
18,1000,4484052,1,0,0,47,25,25,0,0,1,0,25391,1,1,0
9,1500,1667089,1,1,1,44,25,24,0,0,0,2,21381,1,0,0
11,1500,1677123,1,0,0,50,32,32,0,0,0,1,10148,1,0,0
14,1000,3432113,0,1,1,70,49,49,0,0,0,0,49943,1,0,0
8,1200,4801661,0,0,0,33,13,12,1,1,1,0,46657,1,0,1
19,2000,4592935,0,1,0,27,7,6,0,0,0,0,5601,1,0,1
16,1500,4330322,0,1,1,44,26,26,1,0,0,3,58580,1,0,1
16,800,609982,0,0,0,54,33,33,1,0,0,0,10109,1,0,0
19,1500,1601112,0,0,3,19,0,0,0,0,2,4,50758,1,0,1
11,1500,2309414,1,0,1,47,26,26,2,0,1,2,51621,0,0,0
6,2000,2803525,1,1,1,63,41,40,2,1,0,3,55325,1,0,1
1,1500,4089040,0,0,0,60,38,38,1,1,0,1,42543,1,1,1
2,1000,4226719,1,0,1,36,14,13,0,1,0,0,42815,1,0,1
16,1500,4852404,0,0,0,36,15,14,0,0,1,0,24943,1,0,0
4,1500,1556919,1,1,2,68,50,50,0,0,0,1,29723,1,0,0
16,800,1862266,0,0,0,52,30,29,0,0,1,3,41805,0,0,1
16,1200,2403884,0,0,0,28,10,9,0,0,0,2,45204,1,0,0
16,1200,2632582,1,0,0,69,47,47,1,0,0,0,21827,1,0,0
1,1500,2643480,1,0,4,49,31,31,0,0,0,0,20907,1,0,0
1,1000,3981327,0,0,1,33,15,14,0,0,0,1,41323,1,0,1
4,1500,1024629,1,1,0,34,16,15,0,0,0,0,24236,0,0,0
0,2500,4361667,1,0,4,46,27,27,0,1,0,0,47433,1,0,1
0,2000,3956861,0,0,0,37,16,15,0,0,0,0,37057,0,1,1
18,2500,732795,0,0,1,53,31,30,0,1,0,3,10417,1,0,0
1,3000,3650678,0,1,1,64,42,41,2,0,0,1,35589,1,0,0
11,800,2735296,1,0,2,41,22,21,0,0,0,0,39517,1,0,0
5,1500,1528162,1,1,0,60,42,41,1,0,0,0,20087,0,0,0
3,1200,310300,1,0,0,65,47,46,1,0,3,2,8351,1,0,0
10,2000,4035391,1,0,1,69,47,47,1,0,0,0,34468,1,1,0
16,1200,3218147,1,1,0,70,50,50,0,0,2,1,26154,1,1,0
5,3000,1790752,1,0,0,21,0,0,0,0,0,2,29021,0,0,0
4,1500,945515,0,1,1,22,0,0,0,1,1,0,25403,1,1,0
19,2000,690305,0,1,1,36,17,17,0,1,0,4,37846,1,0,0
1,800,2260315,0,0,0,65,47,47,0,0,0,1,48930,0,0,0
5,1000,2032026,0,1,0,68,47,46,0,1,0,1,17509,1,0,0
10,2000,4084703,1,0,0,41,19,19,0,0,1,0,35169,1,0,0
15,800,4470076,1,1,1,65,43,43,0,1,0,2,41413,1,1,0
15,2000,4510632,0,0,1,18,0,0,0,0,1,1,21164,1,0,1
0,800,719870,0,0,2,52,33,33,1,0,0,3,16679,1,0,0
8,1500,3353569,0,0,1,19,0,0,1,0,0,0,4439,1,0,1
5,1200,4846705,1,1,1,27,8,7,1,0,2,1,17842,1,0,1
15,1500,3988626,0,0,0,23,1,0,0,0,1,1,2866,0,0,1
2,1500,3372263,1,0,0,57,38,38,1,0,0,1,30074,1,0,0
19,1200,772374,1,0,1,55,34,34,0,0,0,2,3251,1,0,0
3,1000,459947,1,1,0,37,18,17,0,0,1,0,57422,0,0,0
18,800,3500810,0,0,4,36,14,14,1,1,0,1,2805,0,0,1
2,1500,847514,1,0,3,65,44,43,0,0,2,0,15897,1,0,0
18,1500,3211261,0,0,1,53,32,31,0,0,1,0,2950,1,1,0
19,1500,1646568,1,0,0,65,43,42,0,0,0,0,28289,1,0,0
6,1500,3832099,1,0,1,46,24,24,0,0,0,0,40576,1,0,0
19,1200,1150086,0,0,1,73,51,50,1,0,1,0,14521,0,0,0
8,1200,978794,1,0,1,58,38,37,0,0,0,0,25581,1,0,0
0,800,2503002,0,0,0,41,19,19,0,0,1,0,26975,0,0,0
7,1200,4488950,1,0,2,26,7,6,0,1,0,0,43573,1,0,0
6,3000,1284766,0,0,1,49,31,30,0,0,0,0,38950,0,0,0
17,2000,1166236,1,1,0,57,37,37,0,1,0,2,20254,1,0,0
7,1200,4147833,1,0,0,22,2,1,0,1,0,2,45717,1,0,1
0,1500,1177727,0,0,1,38,20,19,0,1,0,3,28566,0,0,0
10,2000,1335016,1,0,0,34,15,14,0,1,1,3,23198,1,0,0
17,1200,3111114,1,0,0,41,21,20,0,0,1,3,32658,0,0,1
9,800,4901284,0,1,0,44,24,23,1,0,1,3,12548,1,0,1
2,800,1225894,1,0,4,65,43,43,0,0,0,3,10623,1,0,0
6,1500,4524476,1,0,0,35,14,13,0,1,0,0,23886,0,1,0
15,2500,3831808,0,1,0,39,19,19,0,0,0,0,47005,0,0,0
15,1500,927800,0,1,0,23,4,3,1,0,1,1,21732,0,0,0
19,800,995902,1,1,1,45,24,24,0,0,2,3,46424,1,0,0
16,1000,3864780,0,1,1,59,41,40,1,0,0,0,24583,1,1,0
1,2000,3408746,0,0,2,37,17,17,0,0,0,3,54776,1,1,1
0,2000,3336319,1,1,1,74,55,55,2,1,1,0,31679,1,0,0
15,1500,961311,1,1,1,33,15,14,0,1,0,0,26362,1,0,0
11,1500,3723047,1,0,0,36,14,14,0,0,1,2,34370,0,1,0
4,800,2801395,0,1,1,25,3,2,0,0,0,1,51943,1,0,0
4,2000,3553537,1,0,0,35,14,14,0,0,0,3,56059,1,1,1
8,2000,2223625,0,1,1,54,36,36,0,0,0,1,31928,1,0,0
8,1200,967527,0,0,0,62,41,41,0,0,0,0,51683,0,0,0
2,1500,4910580,1,0,3,64,46,45,0,2,0,4,27506,1,1,0
18,1000,2524462,1,0,1,48,30,30,0,0,1,3,21618,1,0,0
15,800,1677276,0,0,1,55,33,32,0,1,0,4,31921,0,0,0
15,1000,3392037,1,0,1,19,0,0,0,1,2,2,12843,1,0,1
2,1000,1188580,1,0,1,72,50,50,0,1,0,3,47872,1,0,0
19,1200,4504789,0,1,1,49,31,31,0,0,0,0,34900,0,1,0
0,1200,1714466,1,1,0,32,10,10,0,0,1,1,50175,1,0,0
19,1500,2124682,1,0,0,28,7,7,0,0,0,0,40830,1,0,0
10,1200,2930242,1,1,0,22,1,0,1,0,0,0,52001,0,0,0
16,1200,2897192,1,0,0,59,40,39,0,0,0,3,18310,0,0,0
7,800,1119746,1,1,0,46,24,23,0,1,1,2,27800,1,1,0
3,1500,2127154,0,0,3,37,18,18,1,1,0,4,49173,0,0,1
5,1200,1265802,0,1,1,37,19,19,0,0,0,2,26134,1,1,0
7,1200,3421958,1,1,0,35,13,12,0,0,0,0,5438,0,0,0
19,2000,1827699,1,0,0,29,9,9,0,1,0,3,59600,1,0,1
2,1500,2183392,1,0,1,74,55,54,0,0,0,0,19022,1,0,0
15,2000,1164685,1,1,0,66,45,45,0,1,0,0,31661,1,0,0
2,1200,4426202,1,1,1,34,15,14,0,0,0,0,18661,1,0,0
17,1000,2530306,1,0,0,21,0,0,1,0,1,3,50224,1,0,1
13,1500,4417036,0,0,3,36,17,17,0,1,0,4,40819,1,0,1
17,1000,2554485,1,1,0,74,53,52,0,0,0,1,16320,0,0,0
1,1200,3455523,1,1,0,40,21,21,1,0,1,4,57924,0,0,1
2,800,4801757,1,0,4,44,25,25,2,1,2,1,29908,1,0,1
15,2000,3151076,1,1,0,67,47,47,0,0,0,4,16126,1,0,0
8,1000,3754207,0,0,0,69,51,50,0,0,0,0,49194,1,0,0
3,2500,4325047,1,1,0,70,49,48,0,0,0,4,43265,1,0,0
0,2000,797502,0,1,1,59,41,41,1,1,0,0,24967,0,0,0
3,1200,2132359,1,0,0,63,43,43,0,0,0,0,11068,0,1,0
0,1500,2823636,0,0,3,69,47,47,0,1,1,0,50127,1,0,0
13,1500,3111910,0,0,4,62,40,40,0,2,1,0,32163,1,0,0
15,2000,3043792,1,0,2,31,11,11,0,0,0,0,57521,1,0,1
19,1200,2761563,1,1,0,21,0,0,0,0,1,0,17267,0,0,0
7,2000,2058406,0,1,4,21,0,0,0,0,0,2,50212,1,0,1
6,1200,4604855,1,0,1,41,22,21,0,0,0,0,39902,1,0,0
2,2500,3526536,0,1,0,40,21,21,0,0,0,3,31556,0,1,1
16,1200,420469,1,0,0,53,34,34,0,0,0,3,54272,0,0,0
0,1200,2071571,1,1,1,28,8,7,0,0,1,2,48421,1,0,0
15,2000,3779794,1,1,1,50,28,27,1,0,0,4,24182,0,0,0
11,2000,4827322,0,1,0,55,37,36,0,0,0,0,31809,1,0,0
18,1500,2719657,1,0,1,22,1,0,0,2,0,4,50197,0,0,1
13,1000,1501048,1,0,4,44,22,21,0,0,0,0,57404,0,0,0
5,1200,1007593,0,0,0,54,34,34,1,0,0,0,52191,0,1,0
5,2500,3697401,1,0,0,44,25,25,0,0,0,0,35077,1,1,0
12,2000,4906852,1,0,4,48,27,27,2,0,0,1,41789,1,0,1
18,2000,3421365,1,1,0,29,8,7,0,1,1,0,24363,0,0,1
7,800,3828771,0,0,4,64,43,42,1,0,0,0,20589,1,0,0
1,1200,1461974,0,0,1,23,5,4,0,0,2,0,28085,1,0,0
0,1500,738598,1,0,0,29,10,10,0,0,1,0,29577,0,0,0
14,2000,4016145,1,0,0,73,54,53,0,1,2,3,40729,1,0,1
0,800,1951210,0,1,0,71,52,52,0,0,0,0,35858,1,0,0
4,2000,2699623,0,0,0,31,12,12,0,0,1,0,30968,1,1,0
15,1500,4478907,1,0,1,39,17,17,0,1,0,0,33598,1,1,1
18,1000,4644955,1,0,1,72,51,51,0,0,3,0,29921,1,0,0
3,1200,2942923,1,0,1,28,7,6,0,0,0,0,51749,1,0,0
2,1200,2205888,0,0,1,57,36,36,0,0,0,1,53262,1,0,0
16,1500,4503251,0,1,1,69,49,48,0,1,1,0,36204,0,0,0
16,800,4148664,1,1,4,56,37,37,0,1,0,1,30871,1,0,0
11,1000,3748788,1,0,1,73,51,50,0,0,0,0,26763,1,0,0
13,2000,2321242,1,0,4,55,33,33,1,0,1,0,8004,1,0,0
5,1000,773945,1,1,0,74,54,54,0,0,0,0,40343,0,0,0
2,1000,3046908,1,0,1,30,10,10,1,1,1,1,31826,1,0,1
8,1200,3905861,0,0,1,23,2,2,1,2,1,1,52697,1,0,1
4,1500,4745666,1,0,4,37,16,16,0,0,0,0,47880,1,0,0
16,2000,4763460,0,1,1,71,50,50,0,0,1,0,54294,1,0,1
13,1200,1363789,1,1,0,19,0,0,0,2,0,0,29877,0,1,1
2,2000,2293643,0,0,0,28,7,7,0,0,3,1,29126,1,1,0
0,1500,3541388,1,0,0,25,6,5,1,0,0,0,51147,1,0,0
19,1000,3243772,1,1,0,47,25,24,0,2,0,3,18102,1,0,1
0,1000,3718583,0,1,1,44,25,25,1,2,0,0,13666,1,0,1
2,1200,2361882,1,1,3,71,49,49,0,0,0,0,12125,0,1,0
17,1200,3695214,0,1,0,21,3,2,0,2,0,0,6384,1,0,1
9,1500,1855269,0,1,0,24,6,6,1,0,0,3,13131,0,0,1
2,1500,1071935,1,0,3,64,46,46,0,0,0,4,47422,1,1,0
7,1200,3424899,0,0,0,41,19,18,0,0,2,3,33835,1,0,0
13,1000,4291755,0,0,4,49,29,28,0,1,0,2,26531,1,1,1
17,1000,1796418,0,0,0,36,17,17,0,1,0,0,18363,0,0,0
14,1500,2668496,0,0,0,59,39,39,0,0,0,2,46224,1,0,0
1,1200,1005829,1,1,0,52,30,29,1,0,2,0,58281,1,0,0
9,1500,2026967,0,0,4,59,38,38,1,0,1,0,28569,1,0,0
1,1000,1482864,0,1,3,68,48,47,0,1,1,0,19439,1,0,0
16,1500,4597278,0,0,2,20,0,0,0,1,0,0,3008,0,0,1
7,2000,4913898,0,1,0,35,17,17,1,0,0,3,6255,1,0,1
0,1200,2498079,1,0,4,54,33,32,0,0,1,1,20963,1,0,0
8,1200,4835334,1,1,4,39,21,20,0,0,0,0,27340,1,0,0
10,3000,4781973,0,0,0,50,30,30,0,1,2,1,24051,1,0,1
15,1200,3867516,0,0,1,55,35,35,0,0,3,1,43437,0,0,0
6,1500,2973487,1,0,4,56,37,36,0,1,1,0,23281,0,0,0
9,800,419786,0,0,0,51,32,31,0,0,1,0,42992,1,0,0
2,1500,1763735,0,0,0,66,44,44,1,1,2,0,25573,1,0,0
17,800,4224584,0,0,3,40,20,20,0,0,1,0,21485,1,1,0
12,2500,4510044,0,0,1,71,53,53,1,0,0,4,54592,1,1,1
6,1500,4979501,0,1,4,52,33,33,1,0,1,3,9470,1,0,1
3,2000,2230410,0,1,1,46,28,28,0,0,3,0,16599,1,0,0
12,1500,3916098,0,1,0,19,0,0,1,0,3,0,29931,1,0,1
19,1500,3142784,1,0,1,67,49,49,0,0,0,0,56868,1,2,0
0,1200,600826,1,0,1,31,13,13,1,0,2,1,9240,1,1,0
7,2000,1993223,1,1,0,65,44,43,1,0,1,0,4988,0,0,0
13,2500,1504249,1,0,0,61,39,38,0,0,1,3,19528,1,0,0
15,1200,3216434,1,0,0,67,48,48,1,0,0,2,40095,0,0,0
13,2500,3486860,0,1,1,25,4,4,0,0,1,0,56199,1,0,1
11,1500,3582604,0,0,4,18,0,0,0,1,1,3,8107,1,0,1
18,1500,4747001,1,0,1,45,25,25,1,1,0,0,19334,1,0,1
14,1200,3006501,0,1,1,20,1,0,0,2,2,0,11536,1,0,1
1,1000,3752933,1,1,0,73,51,51,1,0,1,1,32308,0,0,0
1,800,716962,1,1,1,71,51,50,0,0,1,0,28353,1,0,0
18,1000,640492,0,0,1,24,4,3,1,0,0,1,58843,1,2,0
16,1500,3678188,1,1,1,51,31,30,1,0,1,0,31321,0,0,0
19,1200,2029272,0,1,3,65,43,43,0,2,2,0,45217,1,0,0
9,1200,2231004,1,1,1,49,29,29,0,0,0,4,41118,1,1,0
5,3000,3623943,1,1,4,26,7,7,0,1,1,3,20732,1,0,1
14,1200,3086832,0,0,2,72,53,53,0,1,1,3,47558,1,0,1
10,1200,2757407,1,0,0,52,33,32,0,0,1,0,56646,1,0,0
4,1000,2889496,0,1,1,74,53,52,0,1,0,2,25927,1,0,0
0,800,4489068,1,1,4,36,17,17,0,0,0,4,12483,0,1,0
7,2000,1909380,1,0,4,63,45,44,1,0,0,4,20038,1,0,0
11,1500,1539437,0,1,0,73,53,53,0,0,2,0,16159,1,0,0
11,2000,4354238,0,0,1,32,13,12,0,0,1,0,44824,0,0,1
4,1000,361240,1,0,0,72,50,50,1,0,1,0,15148,0,0,0
6,1500,1652518,1,0,0,48,26,26,2,1,0,3,39199,1,1,1
3,1200,2846288,0,0,3,33,11,10,0,0,0,0,31645,1,0,0
5,1000,4479881,1,0,4,68,47,46,0,0,0,2,4535,1,0,0
12,800,2593550,1,1,1,64,42,42,1,0,0,0,49867,1,0,0
19,1000,4095827,0,0,0,63,42,41,1,0,0,2,48373,1,1,1
14,1200,4436363,0,0,2,54,34,33,1,0,2,0,19056,1,0,0
2,1000,3555534,1,1,1,24,6,6,0,0,1,3,26429,0,0,0
7,3000,4071225,1,0,0,52,30,30,0,1,0,2,28172,1,1,1
19,1200,2231886,0,1,0,46,24,24,1,2,1,0,47784,0,0,1
15,1000,4947001,0,1,0,19,0,0,0,0,1,3,23206,0,1,1
12,1000,3902816,0,0,1,74,53,53,0,1,0,0,40854,1,0,0
17,1500,1426350,1,1,0,65,47,47,1,0,1,2,36350,0,0,0
9,800,2687082,1,1,0,51,32,32,2,0,0,3,10032,1,0,0
18,2000,1968068,1,1,4,52,31,31,0,0,0,3,40662,1,0,0
16,2500,2590869,1,0,4,48,30,30,1,1,1,0,42458,1,0,1
18,1000,3989666,1,0,0,29,9,9,0,2,0,0,43937,1,0,1
4,1200,4897369,1,0,0,18,0,0,0,0,0,0,13978,1,0,1
8,800,3141561,0,1,1,64,42,41,0,0,0,0,39204,1,0,0
11,1500,1673173,0,1,0,46,28,27,1,0,1,0,4034,0,0,0
0,1200,4944767,1,1,0,18,0,0,0,0,0,0,6076,1,0,0
0,1200,3883843,0,0,0,18,0,0,0,0,0,3,29090,1,1,1
14,1000,1940626,0,0,4,32,11,11,0,0,0,0,29866,0,0,0
1,1500,4965233,1,0,4,20,1,1,0,0,1,1,18779,1,0,0
15,1200,3998031,1,0,2,31,11,10,0,1,3,3,33425,1,0,1
7,1000,3384303,0,1,1,71,52,52,0,0,0,4,22165,0,1,0
12,1500,2237536,1,0,1,27,8,8,0,0,0,3,39837,1,0,0
0,1500,2621630,1,0,1,20,1,1,0,0,0,0,8063,1,1,1
15,2000,1075411,1,1,1,37,15,15,2,1,0,0,50243,0,0,1
6,1000,3757449,1,0,1,67,48,48,0,0,1,0,40222,0,0,1
4,2000,3611969,0,1,1,72,51,50,0,1,1,1,33484,1,0,0
2,1500,4903205,0,0,0,53,32,31,1,1,0,0,54119,0,0,1
11,1000,4550704,1,1,0,44,23,22,0,0,0,0,19300,0,0,0
15,1500,4549754,0,0,4,66,48,47,1,0,0,1,43952,0,0,1
18,1200,3270546,0,0,0,69,49,48,0,1,0,0,42211,1,1,1
4,2500,3125119,0,1,0,53,32,31,0,0,0,0,49481,1,1,0
13,1000,1762370,1,1,0,64,45,44,1,1,0,0,57215,1,0,0
4,1500,2883948,0,0,0,28,10,9,0,0,0,1,25045,1,0,0
14,1200,3998858,1,1,0,20,0,0,1,0,0,1,28567,1,0,1
16,2500,1102963,1,1,0,41,20,20,0,1,1,0,28142,1,1,0
13,1200,1743962,1,0,1,56,37,37,1,0,1,3,9494,0,0,0
19,2500,3929167,1,1,0,27,8,7,0,0,0,1,47347,1,1,1
4,2500,3059809,1,0,1,43,21,21,1,0,2,3,24107,1,0,0
11,1200,1877027,1,0,0,68,50,50,0,0,1,1,25460,1,0,0
15,2000,3487515,0,0,0,49,30,30,1,0,0,0,3313,0,1,1
15,3000,3546971,1,0,3,69,49,48,1,0,1,0,26945,1,0,0
6,1200,4170240,0,0,1,25,4,3,0,0,0,0,43687,1,0,1
3,1200,2369789,0,0,1,64,46,46,0,1,0,3,56627,1,0,0
0,1500,4288597,1,0,0,30,9,9,1,0,1,3,50133,1,0,1
4,1200,3998315,1,0,0,20,0,0,0,0,2,0,53159,1,0,1
9,800,1518296,0,0,2,70,48,48,0,0,0,3,4891,0,0,0
4,1000,4377328,1,0,0,70,50,49,0,0,0,3,24075,1,0,0
3,1200,3966796,0,0,2,32,12,12,0,0,0,1,21742,0,0,0
1,1200,700607,0,1,1,70,48,47,0,0,1,2,42221,1,1,0
19,1000,4741239,1,0,1,38,17,17,1,0,0,4,40930,1,0,1
9,2000,4831339,1,0,1,74,54,53,0,1,1,0,51301,1,0,0
18,1500,763999,1,0,0,59,38,37,0,0,0,2,39276,1,0,0
0,800,3938556,0,1,0,46,28,27,0,0,0,4,7266,1,0,0
4,1500,3160500,0,0,1,70,48,47,0,0,0,0,40101,1,0,0
12,1500,4847801,0,0,2,64,42,41,1,1,0,0,33225,1,0,1
3,2500,3032467,1,1,0,44,24,24,0,2,0,1,42823,0,0,1
15,800,1477416,1,0,0,47,29,29,2,0,1,0,36991,1,0,0
15,1000,4557044,1,0,0,31,10,10,0,2,0,0,48644,1,0,1
1,2500,332827,0,1,1,58,38,38,0,1,0,1,30106,1,0,0
16,2500,2423361,1,0,0,74,53,53,0,0,1,2,36083,1,0,0
19,1500,2243955,1,0,4,32,14,14,0,0,0,0,33858,0,0,0
11,2000,1421972,0,0,1,63,44,43,0,0,1,0,37203,1,2,0
17,800,3328462,1,0,4,64,44,44,0,1,0,4,50782,1,0,1
2,1500,521519,0,0,2,63,43,42,2,0,0,3,56015,0,0,0
0,1000,2291486,1,0,0,59,37,37,1,1,0,4,12942,0,0,0
0,1000,3611160,1,0,0,61,42,42,0,0,1,1,25429,0,0,0
18,2000,3058970,0,0,3,69,49,48,0,0,0,0,50509,1,0,0
10,1000,3192735,0,1,1,31,10,10,0,0,0,0,20132,1,0,0
4,1200,4145864,1,1,0,42,24,23,0,0,0,0,8269,1,1,0
11,2500,2783274,1,0,4,44,25,25,0,0,1,0,32979,1,0,0
2,1000,390254,1,0,1,64,42,41,0,0,0,0,38943,1,0,0
0,3000,4112258,0,0,0,61,39,39,1,0,0,0,10443,1,0,0
0,3000,2968724,1,0,1,19,0,0,1,0,1,0,27597,1,1,1
7,1500,2013196,0,1,2,68,50,50,2,1,0,0,4687,1,0,1
9,1000,3846580,1,1,0,34,12,11,0,1,0,1,7215,1,1,0
10,1200,402491,0,0,0,32,10,10,0,0,1,1,26915,1,0,0
11,1200,3481836,1,0,0,44,26,25,1,0,0,0,27664,1,0,0
12,1200,3681281,0,1,2,72,53,52,0,0,0,0,5331,1,0,0
11,1200,4220549,1,1,1,27,7,7,0,1,0,3,31795,1,0,1
13,3000,3199525,1,0,0,60,40,39,0,0,1,3,32243,1,0,0
1,1000,2072907,0,0,1,63,45,44,0,1,0,1,17315,1,0,0
18,1500,1245859,1,0,0,26,8,8,0,0,0,3,28961,1,0,0
17,800,464805,1,1,1,20,2,1,1,0,0,3,38838,0,0,0
2,1500,4734306,1,0,4,41,20,20,0,0,0,0,56531,1,1,0
16,2500,3534326,1,1,1,18,0,0,1,0,1,0,16028,0,0,1
7,1200,304554,0,0,4,55,37,37,0,0,0,0,4028,1,0,0
9,1000,4477969,1,1,1,23,2,2,0,1,0,1,28233,0,0,1
1,1500,2790041,0,0,0,22,2,1,0,0,1,2,41666,1,0,1
18,1500,2721267,0,0,1,21,3,3,1,1,0,0,33001,0,0,1
8,1500,4802507,0,0,0,20,0,0,1,0,0,0,51074,1,0,1
6,1200,369468,1,0,1,62,42,42,0,1,1,3,23434,1,0,0
3,1200,2947495,1,0,1,47,26,26,0,0,0,1,58136,0,2,0
17,2500,4390932,0,0,3,53,31,31,1,0,0,1,5220,1,0,0
12,2500,2046772,1,0,0,40,18,18,0,0,1,0,7309,1,0,0
10,1200,4207336,0,0,3,24,5,5,0,1,1,0,35295,1,0,1
3,2000,469640,1,0,4,68,49,48,0,0,1,0,59753,0,0,0
3,1200,2477096,1,0,0,49,27,26,0,0,2,0,2037,1,0,0
9,1200,3393477,0,0,3,60,42,42,0,1,0,1,57449,1,1,0
4,1000,4827009,0,0,0,27,5,5,1,0,0,1,15793,1,0,1
8,1200,3482854,0,0,0,68,47,47,0,1,2,0,40995,1,1,1
2,1500,358126,0,0,4,68,46,45,0,0,0,0,35915,0,0,0
16,800,3790296,0,0,0,54,36,35,0,1,1,4,31718,0,0,1
2,1200,4801706,1,0,1,50,32,32,0,0,0,0,52015,1,1,1
15,2000,1120959,0,0,1,43,24,23,0,0,0,1,33133,1,0,0
3,1500,1592253,0,1,0,60,41,41,0,0,0,0,40762,1,0,0
17,1500,1876658,0,0,1,62,44,44,2,1,1,0,8871,1,0,0
16,2500,2280778,1,0,0,48,28,28,0,0,1,0,35788,0,0,0
6,800,2540556,0,1,0,47,28,28,0,0,0,3,47751,1,0,0
4,1500,4730650,1,0,4,40,19,18,1,0,0,1,20411,0,0,0
11,2000,3979609,1,0,4,46,26,25,0,0,1,0,51218,1,0,0
16,1500,4983163,1,0,1,25,4,3,0,0,0,0,36647,1,0,1
12,1200,1314530,1,1,0,72,51,50,0,0,0,0,11192,1,0,0
2,1000,1469549,1,1,0,33,15,14,0,0,0,1,22382,0,1,0
8,2000,4809612,0,1,3,73,53,53,1,1,0,0,43237,1,1,1
16,1200,2547575,0,1,0,26,7,7,0,0,0,2,8905,1,0,0
16,2000,526935,1,1,0,21,3,2,0,1,1,0,44104,0,0,0
19,1500,2979853,0,1,3,36,14,14,1,1,1,0,5989,1,1,1
15,1500,1104491,1,0,0,56,37,36,0,0,0,0,13127,1,0,0
12,2000,1070833,1,0,0,61,39,39,0,0,0,0,46215,1,0,0
18,1500,2596076,1,1,0,58,40,39,0,0,1,0,42200,1,0,0
16,1200,3003235,0,1,3,30,9,8,0,1,0,0,43814,0,1,1
3,1500,2367222,1,0,1,29,8,7,0,0,1,0,36646,1,0,0
11,2000,1077277,1,0,0,26,6,6,0,0,1,3,42595,1,0,0
8,1200,2732969,1,1,3,29,10,10,0,0,1,0,44266,1,1,0
18,1200,2683798,0,0,2,41,19,19,2,1,1,3,36330,0,0,1
11,800,2817572,0,0,0,65,43,43,0,1,0,1,16396,1,0,0
8,2500,4136839,1,0,1,30,10,10,0,0,0,0,52972,1,0,1
6,800,2878189,1,0,0,52,33,32,0,0,1,1,28051,1,0,0
13,1500,1241819,0,0,1,49,28,28,0,0,1,0,52099,1,0,0
19,1200,4803905,0,1,0,55,37,36,0,0,0,2,5342,0,0,0
18,1200,4016891,1,0,0,31,11,11,0,0,0,1,2134,1,0,0
14,1500,4617254,0,1,1,19,1,1,0,1,0,2,5155,1,1,1
15,800,4406652,0,1,1,71,53,53,1,1,1,1,57496,1,0,1
4,1500,4134467,1,1,0,38,18,17,1,0,1,0,3023,1,0,0
2,2000,552988,0,1,0,48,26,26,0,0,1,4,56639,1,0,0
11,2000,1712547,1,0,4,69,50,50,0,0,0,0,59308,1,0,0
19,1000,3107176,0,0,0,52,30,30,0,0,0,3,8986,1,0,0
3,2000,1703408,1,1,1,33,12,11,0,0,0,0,41233,1,0,0
15,1500,2599184,1,0,0,57,38,38,0,0,0,0,32103,1,0,0
6,2000,4962995,0,0,1,43,23,23,1,0,1,4,22801,1,0,1
12,1200,2194477,0,0,0,55,35,34,0,0,0,3,58185,1,0,0
9,1500,1776188,1,1,0,74,54,54,2,0,0,2,22472,0,0,0
6,2500,2986476,1,1,1,20,2,1,0,1,2,0,18203,1,0,0
13,2000,3977923,1,1,0,54,34,33,0,0,0,2,31182,1,1,0
4,1200,3973388,0,1,1,53,32,32,0,0,1,0,5780,1,0,0
2,1200,982932,0,1,0,55,34,33,0,0,1,1,29123,1,0,0
10,1200,4781040,1,0,0,19,0,0,0,0,0,4,29512,1,0,1
10,1200,1980957,0,0,1,39,20,20,0,0,1,0,34719,1,1,0
17,1200,1609105,0,1,0,20,0,0,0,0,1,0,38806,1,0,0
14,1200,1505290,1,0,0,57,38,38,0,0,0,0,32122,0,0,0
11,2000,3711011,0,1,0,64,45,45,1,0,1,0,43991,1,0,0
8,800,2677939,1,1,0,59,40,39,1,0,1,4,14850,1,0,0
9,1500,1580202,0,1,0,64,44,43,0,1,0,0,36643,1,0,0
11,1000,2457269,1,1,0,43,25,24,0,1,1,4,46409,1,1,0
16,1200,1508428,1,0,0,44,24,23,1,0,0,2,25533,1,0,0
5,800,3552213,1,0,3,55,34,33,0,1,1,0,22048,1,0,0
6,1200,4345767,0,0,0,61,40,40,0,0,0,1,37537,1,1,0
13,2000,1037563,1,0,3,25,4,4,0,1,0,0,43424,1,0,0
12,2000,2042429,1,0,2,40,19,19,0,0,0,0,8191,1,0,0
7,1000,3100864,0,0,0,23,5,4,1,0,2,0,55503,0,0,1
9,1200,1509056,0,1,0,42,23,23,0,0,1,0,58494,1,0,0
8,1200,3421754,0,0,0,74,54,54,1,0,0,1,41991,0,0,0
17,2000,2029875,1,0,1,33,12,12,0,0,0,0,25490,1,0,0
1,2000,4210936,0,0,1,43,24,23,0,2,0,2,17493,1,0,1
4,1500,4793291,1,0,1,32,12,11,0,0,0,0,13719,0,0,1
4,1500,771530,1,0,1,69,51,51,0,1,0,3,13370,1,0,0
5,2000,1771662,1,0,0,64,42,41,0,0,2,0,43551,1,0,0
18,800,2765236,1,1,2,49,31,31,1,0,0,0,35180,0,0,0
7,1200,3486498,1,0,0,57,35,34,0,0,1,0,55971,0,0,0
15,2500,3033197,1,0,4,36,15,14,1,2,1,2,21727,1,0,1
12,1500,1378734,0,0,0,31,12,12,0,1,0,4,30041,1,1,0
0,1500,1857973,1,0,0,70,51,51,0,0,0,0,14540,1,0,0
19,1500,2279072,1,1,3,65,45,44,1,0,0,1,41318,1,0,0
16,1200,2900798,1,1,1,61,39,39,0,1,2,1,22384,1,0,0
6,1500,1242894,0,1,1,52,30,30,0,0,0,0,31427,0,1,0
12,1500,4278018,1,0,0,43,23,22,0,1,0,0,50477,1,0,1
3,1200,1234260,1,0,3,69,50,50,0,0,0,0,37794,1,0,0
3,1500,477589,1,0,4,54,35,35,0,0,1,4,21336,1,0,0
5,2000,1171243,0,0,0,30,10,9,0,0,2,0,31600,1,0,0
18,1000,306586,1,0,0,64,42,42,0,1,0,0,20392,1,1,0
11,1200,2154711,1,1,1,25,4,4,0,0,0,3,15315,1,0,0
6,1200,3144813,1,0,4,31,11,11,0,0,0,0,24884,1,0,0
9,1500,4046193,0,0,1,43,24,23,0,0,1,2,24951,1,0,1
18,1000,2958175,1,0,4,64,43,42,0,1,0,0,33187,1,0,0
6,1500,2594582,0,1,0,73,52,52,0,0,0,2,34510,1,0,0
2,2000,1447101,1,0,4,47,25,24,0,0,0,1,13750,0,0,0
12,1200,2278209,0,0,0,68,48,47,0,0,0,1,53462,1,0,0
12,2500,4706455,0,0,0,57,36,35,1,0,0,1,16630,0,2,1
17,3000,2881867,0,0,1,59,41,41,0,1,0,0,25749,1,0,0
19,1000,1647376,1,0,1,30,9,9,0,0,1,3,6074,1,0,0
7,1000,4130753,1,0,0,53,32,32,0,0,1,0,22486,1,0,0
8,2500,2017435,1,0,4,28,7,7,1,0,0,3,58453,0,0,1
6,2500,2210896,0,0,4,19,0,0,0,0,0,0,33361,1,1,0
0,800,4221076,0,0,1,47,25,24,0,1,0,0,31770,1,1,1
2,800,2416806,1,1,0,68,46,46,0,0,0,1,56777,1,0,0
12,1000,954405,0,0,0,41,23,23,0,1,0,0,47994,1,0,0
16,3000,1435189,1,0,1,70,52,52,1,0,2,0,11303,0,0,0
0,1000,4474308,0,0,1,35,14,13,0,0,1,1,31052,0,0,0
5,1500,3807842,1,1,0,40,19,18,0,0,0,0,49853,1,1,0
5,2000,2479000,1,0,1,70,49,48,0,0,1,0,34562,1,0,0
11,800,1196009,1,0,1,23,5,4,0,0,1,1,22209,1,0,0
12,1500,2477026,0,1,1,63,41,40,0,0,0,1,54787,0,0,0
12,1200,4786621,0,0,0,67,49,49,0,0,0,0,39591,1,0,1
14,2000,4531829,1,0,1,28,6,5,0,1,0,1,58769,1,0,0
15,1200,2358306,1,0,0,24,6,6,1,1,0,3,22533,0,0,1
10,1500,442432,1,0,0,64,42,42,0,0,0,0,48375,1,0,0
4,1500,416242,1,1,4,50,32,31,0,0,0,4,55774,0,1,0
3,1000,1895489,1,0,0,27,5,5,1,0,1,0,43468,1,0,0
2,800,407576,0,0,4,38,18,17,0,0,1,0,29638,1,0,0
18,1200,475966,0,1,0,26,6,5,1,0,0,3,17008,1,0,0
19,1200,1052746,0,1,1,72,53,53,0,1,0,0,3081,1,0,0
17,2000,3462199,0,0,0,47,25,24,0,0,0,1,58609,1,0,0
14,2000,3747755,1,1,4,65,43,43,0,0,0,0,17434,0,0,0
8,1200,4193900,0,1,4,65,43,43,1,1,0,0,22663,1,0,0
16,1500,1531218,1,1,0,42,23,22,0,0,0,1,27530,0,0,0
13,1500,3249108,0,0,0,42,24,23,2,0,1,0,31078,0,0,1
14,2000,3349171,1,0,1,66,46,46,0,0,0,0,56582,1,0,0
0,1200,1029128,0,0,3,41,22,22,0,1,0,0,28099,1,0,0
2,1200,839439,1,0,1,29,9,9,0,0,1,0,55272,0,0,0
15,1200,1817658,1,0,3,24,3,2,0,0,2,0,22469,1,0,0
10,1500,1397766,0,0,0,51,32,31,0,1,0,0,22299,0,1,0
11,1200,664385,1,0,1,20,1,1,0,0,0,3,24998,1,0,1
9,1200,1146299,1,0,1,23,3,2,0,0,1,0,57392,1,0,0
15,800,1604684,0,0,0,44,22,22,0,1,0,0,57032,1,0,0
7,1500,611509,0,0,1,36,15,14,1,0,1,2,33444,1,0,0
5,1000,2665019,1,1,4,25,5,4,0,1,0,0,49481,0,0,0
11,1000,4344468,1,1,3,53,34,33,1,1,1,0,4687,1,1,0
7,1200,748920,1,1,0,56,34,34,0,0,1,2,41816,1,0,0
3,1000,3947016,0,0,0,53,32,32,0,1,1,3,29816,1,0,1
7,1500,1674840,1,1,1,35,13,12,1,0,0,2,21981,0,0,0
17,1200,2288702,0,1,0,24,4,4,1,1,0,4,43917,0,0,1
4,1200,1793352,1,1,4,73,51,50,0,2,0,0,28202,1,0,0
8,1500,4253322,1,1,0,18,0,0,1,0,1,1,13400,1,0,1
3,1000,2655664,1,0,1,22,3,2,0,1,1,0,14908,0,0,1
16,1000,2283286,1,0,0,59,41,41,0,0,0,4,53930,1,0,0
8,2000,4358675,0,1,1,31,10,10,1,0,0,0,8857,1,0,0
0,1200,4352948,1,1,0,73,53,52,0,1,1,4,26942,1,0,0
19,1200,1924611,0,1,0,18,0,0,0,0,0,0,2963,1,1,0
12,800,3564369,1,0,0,29,10,9,0,1,0,2,13622,1,0,1
15,1200,2253527,1,0,1,36,18,18,1,0,0,4,17783,1,1,0
12,1500,2079763,1,0,1,19,0,0,0,0,0,0,42855,1,0,1
13,1500,419271,0,1,0,31,12,11,0,1,0,3,31795,1,0,0
2,1500,2638322,0,1,0,20,0,0,1,0,1,3,57674,0,0,1
5,1000,617531,1,0,1,68,49,49,0,0,0,1,29961,1,1,0
17,1200,2398786,0,1,2,52,32,31,0,0,0,1,58315,1,0,0
18,2000,969419,1,0,0,30,11,11,0,0,1,0,22973,1,1,0
4,2500,763566,0,0,0,66,44,44,0,0,0,0,57369,1,0,0
14,1000,3037295,0,0,0,20,0,0,0,0,0,0,58627,0,0,1
1,1200,3290278,0,1,0,31,12,12,1,1,0,1,17460,0,0,1
9,1000,4222734,0,1,0,51,31,31,1,0,0,0,40581,1,0,1
17,800,4623102,0,0,1,62,43,42,1,1,0,0,36325,1,0,1
12,1200,453816,0,0,4,26,8,7,0,0,0,0,17314,1,0,0
4,1000,4655772,1,0,0,27,5,4,0,1,0,0,54740,1,0,1
0,1500,2892177,1,0,1,25,7,6,0,0,0,1,43069,0,0,0
0,1500,705972,0,1,1,46,26,25,0,0,0,0,9999,1,0,0
17,1000,551585,0,1,4,71,52,51,1,0,0,0,12908,1,0,0
14,800,3953389,1,0,1,56,37,36,0,0,1,0,12463,1,1,0
16,2000,1752397,1,0,3,50,32,32,0,1,1,1,57096,1,1,0
10,1000,799459,0,0,1,40,19,19,0,0,1,0,13881,1,0,0
16,1500,3074928,0,0,2,25,3,3,0,0,0,0,21132,1,0,0
12,1200,4288718,1,1,0,57,38,37,0,1,1,1,36575,1,1,0
0,1500,730703,1,0,0,55,36,35,0,0,1,0,27211,1,0,0
1,1200,396816,1,1,4,40,20,20,2,0,0,0,33938,1,0,0
8,800,4892278,1,0,1,67,49,49,0,0,3,0,50608,1,2,0
2,1000,4821586,0,1,0,53,33,32,0,0,0,0,8823,1,0,0
0,1000,3301441,0,0,3,73,51,50,0,0,0,4,21658,1,0,0
15,1200,2250078,1,1,0,60,41,41,1,1,0,3,17399,0,1,0
5,1500,4797006,0,1,0,37,19,19,0,0,0,0,58136,0,1,1
16,1200,3670239,0,0,1,73,55,54,1,0,1,0,36267,1,0,0
4,800,2190612,1,0,1,65,47,46,0,2,0,0,50375,1,0,0
4,1500,2652756,0,1,1,29,7,6,0,3,1,3,43820,1,1,1
5,1500,1909903,0,0,0,53,32,31,0,1,1,3,49644,1,1,0
2,2500,632003,0,0,4,26,5,5,2,0,0,4,4278,1,1,0
4,1500,4062522,1,1,4,50,29,28,1,0,2,0,13368,0,0,0
4,1200,4856790,0,0,0,23,3,3,0,0,0,0,31604,1,0,0
9,1500,1004105,1,0,0,49,29,29,0,0,0,3,57331,1,1,0
9,2500,1091893,1,1,0,18,0,0,0,0,2,0,53279,1,0,1
18,2000,3217614,1,0,3,71,53,52,0,0,1,3,36916,1,0,0
16,1200,436803,1,0,3,69,48,48,0,0,0,0,32884,1,0,0
13,1000,4515804,1,0,1,41,22,22,0,1,1,4,39296,0,1,1
8,1200,394138,1,1,2,46,25,25,0,0,2,0,27712,1,1,0
13,1500,1510822,0,0,1,25,3,3,0,0,1,0,20588,0,1,0
0,1500,2744024,0,1,1,30,9,8,0,0,0,0,48422,1,0,0
18,1500,1433058,1,0,0,42,23,22,2,1,0,1,15419,1,0,1
12,800,1969206,1,1,0,72,53,53,1,0,1,0,14009,0,0,0
12,1500,4454341,0,0,0,46,27,27,0,0,0,0,56445,1,0,1
3,2000,2645245,1,1,1,41,19,18,0,0,0,2,38204,1,0,0
0,1200,3822633,1,0,0,44,23,22,1,0,0,0,55974,0,1,1
16,1500,4520342,0,0,0,68,46,46,0,0,0,4,6265,1,0,0
7,1200,4391002,1,0,0,43,24,23,0,1,0,0,26048,1,1,0
1,2000,4828933,1,0,1,37,16,15,0,0,0,0,53532,1,1,0
7,2000,450636,1,0,4,21,1,1,0,1,2,0,53186,0,0,1
6,1500,2284194,1,1,3,39,17,17,0,0,1,0,16350,1,0,0
1,1500,3147833,0,1,1,24,4,4,1,0,1,3,41578,1,0,1
2,2000,1202140,1,0,1,74,54,54,0,0,1,3,59093,1,0,0
17,1200,4624301,1,0,0,71,53,53,1,0,0,0,11152,1,0,0
11,1200,3898285,0,1,0,35,16,15,0,0,2,0,39312,0,1,0
0,2000,4557063,1,0,0,27,7,7,2,0,0,0,26322,1,0,1
11,1000,3260072,1,0,0,48,26,26,0,0,1,3,51863,1,1,0
4,1200,4286026,0,0,1,43,24,23,0,0,0,0,17409,1,0,0
16,2000,2786441,0,0,0,72,53,52,0,1,3,2,58632,1,0,1
15,1500,2067089,1,0,1,64,42,41,1,0,0,3,43343,1,0,0
14,1200,1492508,1,1,0,62,41,40,0,1,2,3,8378,1,0,0
14,1000,3918727,0,0,0,43,21,21,0,0,0,1,41199,0,0,1
4,1200,3530494,1,1,4,42,21,21,0,0,0,0,38531,0,0,0
13,1200,1258784,1,0,0,73,54,54,0,2,0,1,17930,1,0,0
1,1000,1438270,1,0,1,69,47,46,1,1,1,0,34474,0,0,0
10,1500,4136149,1,0,0,35,15,15,1,0,1,2,53215,1,0,1
18,1200,738804,1,1,0,41,19,18,0,1,1,0,21634,0,0,0
6,1200,3199517,1,0,1,71,51,51,0,0,0,1,29124,0,1,0
5,1200,3203299,0,0,1,61,41,40,1,0,0,0,6594,1,0,0
1,3000,1566828,1,0,0,32,13,13,0,2,0,3,28671,1,0,0
5,1200,3140498,1,0,3,25,4,3,0,0,1,0,6431,1,0,0
17,800,1102735,1,0,1,60,39,38,0,0,0,4,53965,0,0,0
1,800,4083334,0,0,0,42,22,22,0,0,0,0,2480,1,1,0
17,1500,1110463,1,0,0,52,31,30,1,0,1,0,47436,1,0,0
14,1500,387389,1,1,1,41,19,18,0,1,1,0,39740,1,0,0
18,1200,4799155,1,0,1,63,43,43,0,0,1,4,34335,1,0,1
1,1200,3853409,1,1,0,57,37,37,0,0,1,0,35315,1,0,0
19,800,4832209,0,0,0,70,52,51,0,0,0,1,50838,0,1,0
5,1500,1847800,0,0,0,55,33,33,0,0,0,0,44844,1,0,0
0,1500,447712,1,1,0,38,17,16,0,0,1,0,44549,0,0,0
14,1000,4787983,0,1,0,71,50,49,0,0,0,1,14775,1,0,0
9,1000,2021737,1,0,4,18,0,0,0,0,1,0,41146,1,0,1
18,1000,2804098,1,1,1,43,21,21,1,0,1,0,29675,1,1,1
16,1000,3443092,1,1,1,27,8,7,0,0,0,2,33078,0,0,0
4,1500,2678232,0,0,0,43,24,24,2,1,1,0,32799,0,0,1
3,1000,4732929,1,0,0,19,0,0,0,2,0,0,27339,0,0,1
9,1200,2018091,1,0,0,57,36,35,0,0,0,0,10065,0,1,0
16,1000,2787274,1,1,1,31,12,11,0,0,0,0,29804,1,0,0
9,2500,1475806,1,1,0,50,31,31,0,1,0,1,41099,1,0,0
16,2000,4758490,0,1,0,74,53,53,1,1,0,1,39561,1,0,1
19,1000,4792774,0,0,0,56,34,33,0,0,1,0,5555,1,0,0
4,1200,1483306,0,1,3,18,0,0,0,1,0,0,35156,1,0,0
1,1000,906143,0,0,1,47,25,24,0,0,0,0,14300,1,0,0
5,1200,646758,0,0,0,54,36,36,1,2,0,3,30997,1,0,0
1,800,4334348,1,0,1,35,13,12,1,2,0,0,21954,1,0,1
12,1500,3090060,1,1,1,47,28,28,0,1,1,3,7114,0,0,0
10,1500,3072180,1,0,0,44,24,24,0,0,1,0,42327,0,0,0
10,2000,4403517,1,0,0,66,46,45,0,1,0,0,39377,1,0,0
15,1000,4007890,1,1,2,66,45,45,0,0,0,3,50994,0,0,1
10,2000,875606,1,1,0,47,25,25,1,0,0,2,49241,1,0,0
18,2000,1123597,1,0,2,62,40,39,0,0,1,0,53041,1,0,0
14,1000,4688346,1,1,0,70,49,49,0,0,0,0,57555,1,0,0
15,1200,2191828,0,1,1,53,32,32,0,0,0,0,2802,1,1,0
10,1000,4982428,1,0,0,38,20,20,0,0,3,0,43904,1,0,1
15,1200,2870726,1,0,1,71,53,53,0,0,0,0,54326,1,0,0
7,1200,4317472,0,0,4,33,13,13,0,0,1,3,50087,0,0,1
3,1500,4723318,1,0,0,34,15,15,1,0,0,0,11841,1,0,1
7,1200,1909343,1,1,0,35,13,12,0,2,2,1,43874,0,1,1
3,2500,339906,1,0,0,51,31,31,0,0,0,0,10966,1,0,0
2,1000,1946062,0,1,3,38,18,17,0,0,0,0,7533,1,0,0
2,3000,2162782,0,1,1,29,10,10,0,2,1,0,30477,1,1,1
17,1000,2798924,0,0,0,48,28,27,0,1,0,0,5350,0,0,0
18,2000,549699,1,1,4,27,7,6,0,0,1,1,3178,1,0,0
18,1200,3622923,1,1,1,58,39,39,0,0,0,0,42817,0,1,0
4,1000,378342,1,0,0,72,52,51,0,0,1,2,42725,1,0,0
17,2000,1968416,0,1,1,21,0,0,1,0,1,3,53596,0,0,1
9,1200,4754585,0,1,1,32,11,11,0,0,0,0,40474,1,0,0
5,1500,4026109,1,0,2,70,51,50,0,0,1,3,4079,0,0,0
0,1500,3505467,0,1,0,72,51,50,1,1,0,2,10878,1,0,0
4,1200,3619796,1,0,3,59,37,36,0,0,0,3,30933,1,0,0
8,1200,2892224,0,0,2,58,38,37,0,1,1,2,52749,1,0,1
11,1500,1103737,0,1,1,45,25,24,0,1,0,0,48655,0,0,0
13,800,377474,1,1,0,24,4,4,1,0,1,1,44405,0,0,0
1,1500,3724190,0,1,4,28,7,7,0,1,0,0,19542,1,0,0
16,2000,352810,1,0,1,46,28,27,1,0,0,4,42894,1,2,0
13,800,1470328,1,1,4,51,30,29,1,0,0,1,33882,1,0,0
12,1000,4138908,0,1,0,69,51,50,0,0,0,1,22763,1,0,0
8,1500,1410376,1,0,4,69,48,48,0,0,0,4,17911,1,0,0
14,1200,2952256,1,0,2,47,25,24,0,0,0,0,7402,1,0,0
14,1200,2344217,0,1,4,44,23,23,0,0,1,2,13551,0,0,0
10,1000,2830234,0,0,0,42,21,21,1,0,0,0,24216,0,2,0
15,1500,2712215,1,0,0,73,54,53,0,0,0,0,40887,1,1,0
16,1000,4870608,1,0,0,65,45,45,0,0,0,1,5219,1,1,0
3,1200,1979762,0,1,0,55,35,35,1,0,0,0,13478,1,0,0
0,2000,4159579,1,0,0,57,37,36,1,0,0,0,53499,1,0,0
7,1200,1775172,0,0,4,40,22,21,1,0,1,0,21172,1,0,0
16,1200,1159254,1,0,1,73,51,51,0,1,1,0,39599,0,0,0
2,3000,3783476,1,0,0,46,28,27,0,0,0,1,16705,1,0,0
19,1500,1503134,1,0,4,72,53,53,0,0,0,1,44617,1,0,0
14,2000,3047239,1,0,1,67,48,48,0,0,1,0,43458,1,2,0
14,1200,395933,0,0,4,28,7,6,1,0,1,0,18950,1,0,0
13,2000,2819879,1,0,4,71,52,52,1,1,0,4,30161,0,0,1
13,800,3161388,1,1,1,21,2,2,0,0,1,0,49167,1,1,1
1,1000,1096434,0,0,0,53,31,31,0,0,0,0,13563,1,0,0
12,1000,2183594,1,1,4,48,29,29,0,2,1,3,37770,0,1,1
13,1200,3413712,1,1,0,27,6,6,1,0,0,3,54043,0,0,1
18,2000,1739877,1,0,1,71,51,50,0,0,1,4,24689,1,0,0
6,1200,1837458,1,0,2,33,15,14,0,0,2,3,5290,0,0,0
2,1500,3092836,1,1,0,73,55,55,0,1,0,0,38866,1,0,0
14,1500,690056,1,0,1,70,52,51,1,0,0,1,10679,1,0,0
13,1500,3119389,1,0,0,47,26,25,0,1,0,0,48053,1,0,0
10,1200,3913176,0,0,0,52,30,29,0,0,0,3,9807,0,0,0
14,1500,3042883,1,0,0,61,40,39,0,1,0,0,52616,1,0,0
12,1200,4455313,0,1,3,34,16,15,0,0,0,0,53759,1,0,1
17,800,2196499,0,1,0,22,1,0,0,0,1,0,45447,1,0,0
5,3000,567709,1,0,3,20,0,0,0,0,0,0,57283,0,0,0
2,1000,1864091,1,0,1,33,12,12,0,0,3,2,21474,1,0,0
18,800,2623837,1,0,1,68,48,47,0,1,0,0,43792,1,1,1
14,2000,4338394,1,1,2,21,0,0,0,0,0,0,54406,1,0,1
4,1200,1420629,0,0,1,26,4,4,0,1,1,0,35374,1,0,0
9,1500,1688085,0,1,0,21,1,0,1,0,1,0,13085,1,0,1
6,1200,2006358,0,0,0,38,17,17,0,3,1,0,36080,1,1,1
16,1200,1914497,0,1,1,27,8,7,1,0,2,1,19052,0,0,0
6,1200,4861699,1,0,1,70,52,52,0,1,1,0,7055,1,0,0
11,1200,3459518,1,1,0,48,28,28,0,0,1,0,18877,0,0,0
16,1200,3427699,1,0,1,34,15,15,0,0,1,0,16484,1,0,0
12,1500,4125107,0,1,0,33,15,14,1,1,0,0,52047,0,0,1
19,1500,3620539,0,0,2,56,34,33,0,0,0,0,54037,1,0,0
3,2500,827956,1,1,1,64,45,45,0,0,0,3,44600,1,0,0
9,800,385058,1,0,4,67,45,45,1,1,0,3,12898,1,0,0
2,1500,4365732,1,0,1,23,1,1,0,0,0,0,14301,1,0,1
8,1500,548553,0,0,3,47,28,28,0,2,1,2,3584,0,0,0
12,2500,3040421,0,0,1,32,13,13,0,0,0,0,33718,1,1,0
17,800,3181794,1,0,1,60,40,39,0,1,1,4,27361,1,0,0
14,1500,1375497,1,0,0,69,47,47,0,0,1,0,41866,0,0,0
3,2000,316683,1,0,0,48,29,29,0,1,0,0,22537,0,1,0
14,1000,3523680,1,0,4,47,25,25,0,0,0,0,23505,0,0,0
1,2000,318290,0,0,0,54,33,32,0,0,2,0,21941,1,0,0
14,800,3984019,1,0,0,33,12,11,0,1,1,0,25379,1,0,1
7,1500,1585411,0,0,2,61,40,39,0,0,0,0,30033,1,0,0
7,2500,1733806,1,0,1,70,48,47,0,0,0,0,13004,1,0,0
16,1500,371656,1,1,0,53,31,31,0,0,0,1,46162,1,0,0
11,1200,2962693,1,0,0,19,0,0,0,0,1,3,34166,1,0,1
18,800,4676401,0,1,1,45,26,26,0,1,0,0,37665,1,1,1
9,2500,2223030,0,0,1,65,45,44,0,0,0,1,35309,0,1,0
8,1200,3861650,1,1,2,57,37,37,0,0,0,0,22694,0,0,0
4,800,3136520,1,0,0,34,14,13,0,0,0,0,2440,0,0,0
5,1500,3270815,1,1,1,58,40,39,1,0,1,0,52175,0,0,0
19,1200,404791,1,0,2,55,34,33,2,1,0,0,24152,1,0,0
1,1000,857004,0,0,2,53,31,31,0,1,0,4,29650,1,0,0
12,1000,3958353,1,0,0,49,28,27,0,0,0,0,41385,1,0,0
5,800,1915957,1,0,0,71,49,49,0,1,1,1,35939,0,0,0
4,1500,2874212,0,0,1,42,24,23,0,0,0,0,14203,1,0,0
0,1500,4123448,1,0,3,30,8,8,0,1,1,3,43494,0,0,1
5,1500,387941,1,1,1,31,11,10,0,1,1,0,52353,0,1,0
5,2000,951956,1,0,1,61,40,39,0,4,1,2,35392,1,1,1
15,2000,2097264,0,0,4,42,21,20,0,0,1,2,21168,0,0,0
3,1500,3335360,0,1,0,52,31,30,0,1,0,0,36020,1,0,0
10,800,4940166,1,1,2,46,28,27,1,1,0,1,20390,1,0,0
8,1500,4225935,0,0,2,32,11,10,0,0,1,0,31174,0,0,1
2,1200,4844420,1,1,4,32,13,12,0,0,1,4,25013,1,0,0
18,1500,3529290,0,0,4,64,44,44,0,1,0,4,40564,0,0,0
7,1500,307322,0,0,1,64,44,44,0,0,1,2,9099,0,0,0
4,1200,1122343,0,0,0,57,35,35,0,0,1,1,27348,1,0,0
3,2500,3099092,0,0,1,34,16,16,0,0,1,0,50461,1,0,1
5,1000,2462417,1,0,3,42,20,19,1,2,1,0,2753,1,1,1
1,1500,1415494,0,0,2,40,18,18,1,0,1,0,9717,1,0,0
19,800,4915026,0,0,0,63,43,43,0,0,1,0,49718,1,0,1
10,2500,790600,1,0,0,49,30,29,0,0,0,0,13567,1,0,0
3,1000,3225786,0,1,1,48,30,30,0,0,2,3,59340,1,0,0
14,800,2075469,0,0,1,40,22,21,1,2,0,3,40637,1,0,1
5,1200,2222991,1,1,0,55,37,37,3,0,1,0,18503,1,0,0
16,1200,1297575,1,1,1,34,15,14,0,0,0,0,55498,1,0,0
5,1000,4263211,0,1,0,46,28,27,0,1,0,2,48283,1,0,1
18,1500,3825154,0,1,1,19,0,0,0,0,0,3,42887,1,0,1
1,1200,2840835,0,0,0,28,9,9,0,0,0,0,27040,1,0,0
14,800,4918305,0,0,3,33,11,10,0,0,0,2,15004,0,0,0
10,1200,2257835,0,0,1,68,47,46,0,0,0,3,17743,1,0,0
7,2000,564848,0,0,0,34,12,11,0,0,0,0,48415,1,0,0
18,1500,4553396,1,0,1,38,20,19,0,0,0,0,41229,0,0,1
12,1500,4237885,0,0,0,38,19,18,1,0,1,0,24874,1,0,1
11,1500,3077735,1,1,4,23,2,2,1,1,0,3,25352,1,2,1
4,1200,2555608,1,0,1,63,44,44,0,1,0,3,24308,0,0,0
5,800,1411569,1,0,1,62,43,43,0,0,2,3,38849,1,0,0
3,1200,4864481,1,0,0,40,21,21,1,2,0,2,59531,0,2,1
18,2000,4057033,1,1,0,74,52,52,2,0,0,0,8344,0,0,0
19,3000,1844903,1,0,1,49,30,29,0,0,0,0,58592,1,0,0
0,1200,3464082,1,0,0,56,38,38,0,0,0,0,19578,0,0,0
19,800,3232361,1,1,1,62,41,41,0,0,1,0,53455,1,0,0
16,1000,1564330,1,1,0,55,35,35,0,0,1,0,15526,1,1,0
11,1200,3439353,0,1,0,46,27,26,0,2,2,0,47451,0,0,0
14,1500,2184974,0,1,0,48,27,27,0,0,0,0,49875,1,0,0
0,800,4463190,0,0,4,42,20,19,1,0,0,0,14018,1,0,1
13,2500,2371703,1,1,4,19,0,0,0,0,0,1,5166,1,0,0
5,1200,1716130,0,0,0,39,20,19,1,1,1,1,54614,1,0,1
4,2500,4978564,1,1,0,54,35,35,0,1,2,0,57222,1,0,1
10,2000,3959257,1,0,0,61,43,42,1,0,0,0,36634,0,1,0
3,2000,4979041,0,0,0,32,12,12,0,0,0,0,57800,1,0,1
12,1500,1392491,0,0,4,23,4,3,1,1,1,2,24859,0,1,1
10,1500,3368436,0,0,1,50,31,31,0,0,2,2,56949,0,1,0
2,1500,567204,0,0,4,28,10,9,0,1,2,1,22352,1,0,0
0,1500,1528742,1,0,3,70,48,47,0,0,0,3,34848,1,0,0
5,1500,2526623,0,0,1,29,9,9,0,0,0,1,15107,1,0,0
17,3000,3371555,0,0,1,41,19,18,1,3,0,0,20452,0,0,1
9,1500,1394186,0,0,3,20,1,1,0,0,1,2,26702,0,0,0
4,2000,3980949,0,0,1,47,27,26,0,0,0,0,34515,0,0,0
9,2000,606042,1,1,0,36,17,17,1,1,0,0,49920,0,0,0
11,1000,4451741,1,0,1,62,44,44,0,0,0,0,12139,0,0,0
1,800,4499893,1,0,1,60,42,41,0,1,0,0,27572,0,0,0
12,1200,3203001,1,1,4,72,50,50,1,0,2,1,11054,1,1,0
7,1500,2065259,1,0,1,24,3,3,1,0,0,3,32984,1,0,1
1,2000,3654351,1,0,0,29,7,6,0,0,0,0,11012,1,0,0
19,1200,3874688,0,0,0,67,47,46,0,2,0,0,45567,1,0,1
0,1500,2611615,0,1,4,46,28,28,0,0,0,0,34217,1,0,0
4,1500,1048658,0,0,4,65,43,43,0,0,1,0,47310,1,0,0
8,800,3780003,1,0,1,25,7,6,0,1,1,0,18428,1,1,1
16,1500,3950652,1,1,0,38,17,17,1,0,1,0,4144,1,0,0
8,2000,3998573,0,0,0,74,52,52,1,1,2,0,4787,1,0,0
10,1000,2383336,1,0,1,30,12,12,1,0,1,4,34356,1,0,0
14,1500,3294713,0,0,4,66,47,47,0,0,0,1,23399,1,0,0
5,1500,3926416,0,1,3,44,23,23,0,2,2,2,31111,1,0,1
2,1000,3375822,1,1,4,21,2,2,1,0,0,0,49027,1,0,1
16,1000,645961,0,0,1,49,29,28,0,0,0,0,55624,1,0,0
4,3000,564336,1,0,3,41,20,20,0,0,0,3,51855,0,0,0
11,1200,2053787,0,0,0,58,40,40,0,0,1,0,48083,1,1,0
17,1000,1336284,1,0,0,26,7,6,0,0,1,0,34974,0,0,0
13,1000,3881805,1,0,4,27,7,6,0,0,1,0,43376,1,0,0
10,1500,4019900,0,0,0,28,9,9,0,0,1,1,25684,1,0,1
8,1500,625396,0,0,1,50,29,29,1,2,0,0,27021,1,0,0
1,1500,2263659,0,1,1,66,47,46,1,0,1,0,59817,1,0,0
11,800,4005471,1,0,0,24,5,4,0,0,2,0,21842,1,0,1
2,2000,2925196,0,0,0,28,6,6,0,1,0,0,23215,1,0,0
2,1200,4729741,0,1,0,62,44,43,0,0,0,0,24708,0,0,0
0,1200,2241935,0,0,1,45,26,25,1,0,0,0,37433,1,0,0
7,1200,2616678,0,1,0,55,33,33,1,0,2,0,34175,1,0,0
7,1200,4028167,0,0,0,47,29,28,0,0,0,0,43748,1,0,0
10,2000,858335,0,1,1,72,51,51,0,0,0,4,7940,1,0,0
8,2500,3639191,0,1,0,25,4,3,0,0,0,0,33744,1,1,0
4,1200,2692918,1,0,0,44,22,22,1,0,1,3,53609,0,0,1
13,2000,2254536,1,0,0,39,17,17,0,0,0,0,10346,1,0,0
2,2000,2346001,0,0,0,59,38,38,0,0,3,2,36787,1,1,0
4,2500,2027548,0,0,1,49,29,28,0,0,2,0,46590,1,0,0
4,1000,2475218,0,0,4,31,13,13,0,0,0,0,24560,1,0,0
18,1500,1540220,1,0,0,43,25,25,0,1,1,0,54436,1,0,0
13,1200,857331,1,1,4,61,39,39,0,1,0,1,48813,1,0,0
3,2000,4047847,1,1,0,72,54,54,0,2,0,2,17147,1,0,0
12,800,3662583,1,1,1,28,8,8,1,0,1,0,6436,0,0,0
9,1500,3511978,1,0,3,24,6,6,0,0,0,2,6111,0,0,1
17,1200,1539072,0,0,1,72,50,50,0,0,0,3,23284,1,2,0
7,1200,4036361,1,1,0,62,43,42,0,0,0,2,37208,1,1,0
7,1500,1532526,1,0,0,47,28,28,0,0,0,3,35948,1,0,0
6,2000,788896,1,1,1,19,0,0,0,1,1,1,36707,1,0,0
7,1500,3688319,0,0,0,52,33,33,0,0,1,2,21335,0,0,1
13,2000,1062717,0,0,1,43,25,25,0,0,0,3,56989,0,0,0
18,1200,2266116,1,0,0,42,20,20,0,0,0,0,18814,0,0,0
5,1500,3871346,0,0,0,18,0,0,0,0,2,3,21685,1,0,1
0,1200,918211,1,0,1,46,24,24,0,1,1,2,34168,1,0,0
14,800,2931713,1,0,1,41,22,22,1,0,0,0,43769,1,0,0
0,1500,2815398,0,1,1,72,51,51,0,0,1,0,28118,1,0,0
16,1500,1086228,1,0,0,55,36,35,0,0,2,3,7691,1,1,0
0,1500,4968093,0,0,0,18,0,0,0,0,0,0,14176,1,1,1
14,1500,450111,0,0,1,42,24,24,2,0,1,4,35993,0,0,0
1,1500,4396151,0,0,2,51,30,29,0,0,1,1,33652,1,1,0
13,800,4803473,1,0,1,59,37,37,1,0,1,0,53005,1,1,0
7,1000,357943,1,0,4,61,42,42,0,0,0,0,47298,1,0,0
7,1500,4576455,1,0,0,22,2,2,0,1,0,2,56647,1,0,1
18,1200,2055830,1,0,4,58,36,36,0,0,1,0,58024,1,0,0
6,800,2811214,1,0,1,29,11,11,0,1,1,0,21542,1,1,1
18,1200,1414683,1,1,2,25,5,4,0,0,1,0,48379,1,1,0
5,1500,3365010,0,0,0,59,39,39,1,0,1,0,6980,0,0,0
5,1200,2439151,0,0,1,31,12,11,1,0,1,0,20919,1,0,0
2,1500,1355185,1,1,1,37,18,18,1,1,0,0,58557,1,0,0
6,1500,3111281,1,0,1,64,43,42,0,0,1,2,37107,1,0,0
18,1200,803793,1,0,0,57,35,35,0,1,0,1,16824,1,1,0
7,2000,1673398,1,0,0,26,5,5,0,1,0,0,51855,1,0,0
9,1500,4181517,1,0,1,22,1,0,1,0,2,2,49089,0,0,1
19,1500,935665,1,0,4,18,0,0,1,0,0,1,17529,1,0,0
14,1500,3649481,0,0,0,28,9,9,0,0,1,0,49645,1,1,0
14,800,3156743,0,0,0,71,51,51,0,0,0,1,48054,1,0,0
0,1500,2671505,1,1,3,21,0,0,0,1,0,0,43477,0,0,0
19,1200,4745365,0,0,1,55,34,33,0,0,0,2,59678,1,0,0
6,2500,4743640,1,0,0,34,13,13,0,0,1,0,35815,0,1,1
3,2000,1572149,0,0,0,21,0,0,0,1,1,1,31430,0,0,0
5,1500,1068021,1,0,1,49,28,28,0,1,1,3,46060,1,0,0
0,1200,2169646,1,0,0,22,3,2,0,0,0,0,39481,1,0,0
4,1000,2942085,1,1,0,39,20,20,0,1,0,0,4284,0,0,0
0,1200,312521,1,0,1,31,10,10,0,0,0,1,27526,1,1,0
3,1200,1214864,0,1,0,38,16,16,1,0,1,0,36888,1,0,0
1,1200,1124653,0,0,0,35,15,14,0,0,0,4,35221,1,0,0
9,1500,2676219,0,0,1,20,0,0,0,0,0,2,44573,0,0,1
4,1000,906049,1,0,1,70,52,51,0,1,0,0,41824,1,0,0
9,3000,2363590,0,0,0,28,9,9,0,0,1,1,21255,1,0,0
0,1000,4979997,0,0,0,64,46,45,0,0,3,3,16218,1,0,1
5,2500,2041142,0,1,0,56,38,38,0,0,0,3,14000,0,0,0
12,2500,3556171,0,0,0,53,35,34,0,0,2,4,30316,0,1,1
14,1500,3753564,0,0,1,44,23,22,0,0,1,0,14956,1,0,0
3,1500,4678065,0,1,4,55,34,33,0,0,1,0,27148,0,0,0
12,1200,921436,0,0,1,42,24,24,1,1,0,4,24593,1,0,0
19,1500,568860,1,0,0,59,38,38,1,0,0,1,47555,0,1,0
14,1200,1080736,1,0,0,56,38,37,1,1,0,3,54125,1,0,0
7,1200,1626808,0,0,0,52,34,33,0,0,0,0,8571,1,0,0
4,1500,1741742,0,1,0,32,12,11,0,0,0,2,10759,1,0,0
14,1200,3187870,1,0,0,70,50,50,0,1,1,0,46861,1,0,0
3,1500,3581539,0,1,0,74,54,53,1,2,0,1,20539,1,0,0
11,1200,2927045,1,1,3,65,43,43,0,0,1,1,36800,1,0,0
12,1200,4992646,1,0,3,38,19,19,0,1,0,2,45006,1,0,1
1,800,1351897,1,0,1,20,0,0,0,1,0,0,53401,0,2,1
18,800,3097053,0,1,0,41,21,21,0,0,1,4,26384,1,0,0
18,1200,3152032,1,1,2,72,53,52,0,0,1,0,32129,1,2,0
3,800,4244330,1,0,0,61,42,41,0,0,0,3,52786,1,1,0
3,1000,2275013,1,1,0,22,1,0,0,1,2,0,44576,1,0,1
10,2000,4189316,1,1,0,54,32,31,0,1,2,0,11697,1,0,0
4,800,790226,0,0,0,50,32,31,0,0,0,0,32817,1,0,0
19,1500,4483002,1,1,0,41,21,20,0,0,0,2,51508,1,0,1
10,1200,1601561,0,0,0,23,1,0,0,0,1,0,52424,1,0,0
9,2000,2245548,0,0,0,64,43,42,2,0,1,2,35463,0,0,1
7,1200,2027750,1,0,3,70,48,48,0,0,0,0,8799,1,0,0
5,1200,3700327,0,0,0,62,43,42,1,0,0,0,6420,0,0,0
5,1500,3022541,1,1,0,24,2,2,1,1,0,0,2116,1,0,1
7,1200,2660114,1,0,1,67,47,46,1,1,1,0,5532,0,0,0
14,1500,683638,0,0,0,36,14,13,0,1,0,2,5909,1,0,0
13,1000,1651414,0,1,1,74,52,51,0,1,0,3,13965,1,0,0
10,3000,4326586,1,0,0,38,19,18,0,0,2,3,16014,0,0,0
11,1200,2515944,1,0,1,23,1,1,1,0,0,0,10299,1,1,1
12,1200,2454350,0,0,1,57,38,37,0,0,1,4,4636,1,0,0
7,1500,4068332,0,0,2,20,0,0,1,0,0,3,15832,1,0,1
17,1200,1256166,1,1,0,66,46,46,0,0,0,0,25206,1,1,0
0,2000,4845418,1,0,1,31,13,13,0,0,0,3,45889,0,0,1
14,1200,709318,1,0,4,37,19,18,0,0,0,0,16817,0,0,0
7,1500,2449442,1,0,1,31,12,11,0,0,0,0,23555,1,0,0
10,1000,3326588,1,0,4,19,1,1,0,1,0,3,50264,1,1,1
11,2000,1884630,1,0,4,42,24,24,0,1,2,4,48529,1,0,0
11,1500,1361868,1,0,1,21,0,0,0,0,2,0,5019,1,0,0
3,1000,808906,0,0,0,58,40,39,0,1,1,1,38141,1,0,0
15,1000,4862894,1,0,1,72,50,50,0,1,0,0,29460,1,1,1
3,1200,1383109,0,0,1,65,45,44,0,1,0,2,36518,1,0,0
4,3000,4312933,1,0,1,72,54,54,0,1,0,3,55767,1,0,0
4,1200,4893298,1,0,1,50,31,31,0,1,2,0,11117,0,0,0
7,1200,2956499,1,1,1,19,0,0,2,1,1,1,4763,1,0,1
9,800,2781714,0,0,1,40,19,18,0,0,0,3,17874,1,0,0
16,1200,1309601,1,0,0,61,41,40,0,1,1,2,45508,1,0,0
8,1500,2533090,1,1,0,65,45,45,0,0,0,2,56129,1,0,0
18,2500,2223381,1,1,3,38,19,19,0,0,1,0,50285,1,0,0
13,1500,1530384,1,0,3,72,53,53,0,0,0,3,31587,1,0,0
7,2000,3479803,1,0,1,32,13,13,0,0,0,0,32886,1,1,0
8,1500,2890757,0,0,0,68,47,47,0,0,1,0,23215,0,0,0
10,800,1964795,1,1,0,41,20,19,0,0,1,1,34366,0,0,0
0,1200,2085887,0,0,0,37,18,18,1,0,1,2,19584,1,0,1
13,1500,4722898,0,1,0,73,55,55,2,1,0,2,45878,1,0,1
4,2500,1152259,1,0,0,55,37,37,1,0,0,4,27816,1,1,0
13,2000,4736259,0,0,0,42,23,22,0,0,1,0,27313,1,0,0
3,1000,4329173,0,1,0,39,20,19,0,0,0,0,2948,1,0,0
0,1000,1149277,0,1,1,69,48,47,0,0,0,4,19101,1,0,0
18,1000,2617910,1,1,4,68,50,50,0,0,0,2,12730,0,0,0
7,2500,1357345,0,1,0,64,44,43,0,0,1,0,36015,1,0,0
14,2000,919657,0,1,1,21,1,1,1,0,0,0,56668,1,0,0
14,2000,4956965,1,0,4,33,11,11,0,1,0,3,49914,1,0,1
8,1200,3496103,1,0,4,60,40,40,1,1,0,0,5147,1,0,0
8,1500,3346734,0,0,0,24,6,6,0,0,1,3,18480,1,1,1
9,1200,4636220,0,0,0,41,20,20,1,0,0,1,2552,1,0,0
19,1200,1016123,1,0,0,51,33,33,0,1,1,0,42360,1,0,0
8,1500,3092025,0,0,0,74,56,56,0,1,1,1,55033,1,0,0
2,800,1007121,1,0,1,56,36,36,0,1,0,0,2868,1,0,0
19,1000,3203049,1,0,0,72,53,53,1,0,2,0,25043,1,0,0
10,2000,4030519,1,1,1,46,24,24,0,1,0,1,4860,1,0,0
5,2000,2110890,0,0,0,61,41,41,0,1,0,0,3841,0,0,0
1,1200,2380871,0,0,1,43,23,23,0,0,0,0,3551,1,0,0
6,1500,2651892,1,0,0,31,11,11,0,0,0,1,20936,1,0,0
17,1200,692445,0,0,1,64,42,42,0,1,0,0,45575,1,0,0
1,1500,1905070,1,0,1,37,16,16,0,0,1,0,45950,1,0,0
16,2000,2406916,0,0,1,24,4,4,0,0,0,0,40204,1,0,1
10,2000,2583820,1,0,0,35,14,14,1,1,0,0,49277,0,1,1
11,1500,3685997,1,1,0,60,39,39,1,0,1,0,30369,0,0,0
18,1000,4376074,0,1,0,27,9,9,0,1,1,0,37227,1,0,1
6,1200,3679827,1,0,1,63,44,44,1,0,1,0,24148,1,0,0
19,1200,1569227,0,1,0,47,25,24,0,0,1,1,18455,0,0,0
5,1200,4991027,1,0,1,20,1,0,2,0,0,1,23239,1,1,1
0,2000,1482624,1,1,0,67,46,45,0,1,1,0,58485,1,0,0
16,1200,2176395,1,0,0,61,40,39,0,0,0,0,53818,1,0,0
10,1000,437558,0,0,1,70,48,47,1,0,0,0,6220,1,0,0
17,1200,2644856,1,1,0,18,0,0,2,1,0,0,53050,1,0,1
16,3000,1634526,0,0,0,47,29,29,0,0,0,0,14368,1,1,0
6,1000,3320629,0,0,1,62,43,42,0,0,0,0,8674,1,0,0
16,1500,555223,1,0,1,19,0,0,0,3,0,0,10296,1,1,1
19,1200,938450,1,1,0,32,13,13,0,0,0,0,25999,1,0,0
8,800,2926961,1,0,0,28,7,6,0,0,1,0,36408,1,0,0
16,1200,906619,0,0,1,49,27,27,0,1,0,0,21680,1,0,0
19,1500,981867,1,1,4,23,3,3,0,0,1,0,20261,0,0,0
7,1500,2407839,1,1,0,23,2,1,0,0,0,2,28521,1,0,0
16,2000,922838,1,0,1,45,26,26,0,0,0,3,34014,0,0,0
6,1200,3849953,0,0,4,73,51,51,0,0,1,3,59404,0,0,0
0,800,4845210,0,0,1,74,54,53,0,0,0,1,20976,0,0,0
12,2500,4058500,0,0,0,42,23,22,0,0,1,0,32270,1,0,1
18,1200,3752163,0,1,1,40,20,20,1,0,1,0,19289,1,1,1
18,1500,4489036,1,1,0,29,11,11,0,1,0,0,22687,1,0,1
16,2000,2878006,1,0,0,65,47,47,0,0,1,0,38136,1,0,0
12,1200,1383404,0,0,0,65,43,42,0,0,0,0,18118,1,0,0
15,1500,4265872,0,0,0,27,9,8,0,0,0,0,38990,0,0,1
7,1000,4783271,1,0,0,34,13,13,0,0,1,4,35904,1,0,1
18,1200,3745924,1,0,1,69,50,49,0,0,2,0,36589,1,0,0
17,1000,1128444,0,0,4,72,52,52,0,0,0,0,4510,1,0,0
0,2000,3718788,1,0,0,19,0,0,0,0,0,0,23285,1,0,1
13,1000,4146620,1,0,0,74,56,56,0,0,0,0,32549,1,0,0
18,1500,789854,0,0,1,62,42,41,0,0,1,1,53266,1,0,0
14,2500,3535588,0,0,1,34,14,13,1,0,1,2,52769,1,0,1
17,1500,866922,1,0,1,26,7,7,0,0,1,0,48805,1,0,0
1,1500,1053997,1,0,1,64,42,41,0,1,0,1,11656,1,0,0
16,1200,374992,1,0,4,24,4,3,0,0,1,3,49214,0,1,0
17,1200,4251489,0,1,0,30,12,12,0,0,2,0,43887,0,1,1
5,1200,2606978,0,1,0,27,9,8,1,0,0,0,51379,0,0,0
18,1500,3794572,0,1,0,39,17,16,0,0,0,0,24775,1,0,0
3,3000,1509378,1,0,1,45,25,24,1,0,0,0,15380,1,0,0
0,2500,2793033,1,0,4,72,52,51,0,0,0,3,41983,1,0,0
7,2000,3675811,0,0,4,67,47,46,0,0,1,0,2055,1,0,0
6,2000,3076684,1,1,3,59,37,37,0,0,1,0,36479,1,0,0
2,1200,2924124,0,1,0,67,49,49,1,0,1,4,50923,1,1,1
9,1500,2863398,0,1,1,31,11,10,0,0,1,0,58948,1,0,0
9,2000,1630607,1,0,0,36,16,16,1,0,2,0,44117,1,0,0
18,1200,3230363,0,1,4,71,50,49,0,0,1,1,16806,1,0,0
13,2500,2727391,1,1,0,18,0,0,1,0,0,2,42896,0,0,1
1,1200,4928425,0,0,0,44,22,21,0,0,0,2,26501,0,0,0
0,1500,1928932,1,0,2,21,2,2,0,0,0,0,25438,1,0,0
17,1500,4799309,0,0,1,73,51,51,0,0,0,3,37900,1,0,1
6,2500,2233338,0,0,2,41,22,22,1,1,1,2,8093,1,0,1
7,1000,4716540,1,0,0,31,10,9,0,1,0,3,27147,1,1,1
0,1500,1683057,1,1,3,54,35,35,0,0,0,0,39743,1,0,0
2,1500,3573343,1,1,1,40,20,19,1,0,0,0,50876,1,0,0
7,1200,3547983,1,1,1,22,3,2,1,0,0,0,43945,1,0,0
14,2000,1585251,0,0,1,37,18,18,0,0,3,0,36896,1,0,0
4,1500,834221,1,0,1,39,21,21,1,2,2,0,22435,1,0,0
2,1500,4001995,1,1,0,63,41,41,1,0,0,0,35957,0,0,0
18,1200,2966487,1,0,0,57,38,38,0,1,0,3,52153,0,0,1
0,1200,828425,0,0,1,61,41,41,1,0,0,3,8171,1,1,0
14,1500,2187491,0,1,1,66,46,46,0,2,0,0,46254,1,0,1
7,1200,2395316,1,0,0,52,30,30,0,0,0,0,26931,0,0,0
1,1000,3218338,0,0,0,53,32,32,0,0,0,0,51953,1,1,0
2,2500,847651,0,0,1,22,0,0,1,0,2,1,35604,1,0,1
13,1500,4249245,1,1,0,50,30,30,0,1,1,1,43031,1,0,1
13,1500,1188522,0,0,0,74,53,52,2,0,0,2,57988,1,0,1
10,1200,4574255,1,0,3,41,20,19,0,0,2,3,9110,1,1,0
15,1200,1526700,1,1,0,51,33,32,0,0,0,3,2973,1,0,0
3,1200,1435510,1,0,0,54,35,35,1,0,0,4,17696,1,0,0
19,1200,4526995,1,0,0,42,24,24,1,0,1,0,19166,1,1,1
4,1500,4435427,0,0,1,68,49,49,0,0,2,3,10518,1,1,1
13,1500,515932,1,0,0,54,36,35,0,0,0,1,42392,1,0,0
15,1200,4607959,1,0,4,42,21,20,0,0,0,0,3524,1,1,0
17,1000,580348,1,1,1,39,20,20,0,0,0,1,8113,0,0,0
6,1200,1371844,0,0,0,62,42,42,0,0,1,0,6446,1,0,0
9,1000,2645714,0,1,0,22,1,0,0,2,0,0,49215,1,0,1
6,1000,1835699,1,0,1,25,3,3,0,1,1,0,43508,1,0,0
0,2500,3005823,0,0,0,70,49,48,0,0,1,2,11942,1,0,0
18,1500,1586479,0,0,4,58,38,37,0,0,1,0,3699,1,1,0
15,1500,1555300,1,0,0,64,46,46,1,0,0,1,59021,1,0,0
18,1200,4745040,0,0,1,44,25,25,1,1,0,3,52014,1,0,1
3,2500,3410317,1,0,1,52,34,33,0,1,0,1,35555,1,1,0
17,1500,4614059,1,0,2,18,0,0,0,0,0,4,44131,1,0,1
1,2000,1639156,1,1,0,37,18,18,2,0,1,0,4669,0,0,0
0,1200,2912557,1,0,1,24,6,6,0,0,0,3,31062,1,0,0
14,2500,2858692,0,0,0,62,42,42,0,1,1,4,17389,1,0,1
4,2000,762358,1,1,2,20,0,0,0,0,0,0,23770,1,1,0
19,2000,3955172,0,0,1,59,40,39,1,0,0,0,24817,1,0,1
10,1000,2307614,1,1,0,73,55,54,1,0,0,0,17204,1,0,0
9,1200,2233532,0,0,1,67,48,47,0,0,0,0,33855,1,0,0
1,1200,900657,1,1,0,65,47,46,1,1,0,1,45456,1,1,0
2,1200,911821,0,0,0,26,6,6,0,0,0,0,39477,0,1,0
11,2000,1575132,1,1,1,64,43,42,0,0,0,2,6842,1,0,0
19,800,4213267,0,0,0,31,9,9,0,0,0,1,53695,1,0,1
4,800,2797856,0,1,4,36,14,14,2,0,0,0,50032,1,2,1
4,1200,2783196,0,1,0,44,25,25,0,0,0,3,58367,1,0,0
5,1000,2439600,1,0,1,23,1,0,0,1,1,2,40291,1,1,1
8,1000,2579337,1,1,4,24,6,5,0,0,0,1,35895,1,1,1
1,2000,2501414,0,0,0,54,34,34,0,0,1,0,57690,1,0,0
11,1500,708986,1,0,0,43,23,22,0,0,0,0,54853,1,0,0
2,800,1029525,1,0,0,30,11,11,0,2,1,0,33553,1,0,0
19,1200,2447086,1,0,4,54,36,36,0,0,1,0,12819,1,1,0
11,1200,3205071,1,0,2,63,41,40,0,0,1,4,34993,1,0,0
16,1000,3630119,1,1,0,50,32,32,1,0,0,2,14901,1,1,0
9,1500,4215995,0,1,0,69,47,47,0,0,0,0,42821,1,0,0
13,1500,3651555,1,1,4,50,32,31,0,0,2,1,12005,1,0,0
16,1500,1011658,1,0,1,58,36,35,0,1,0,3,26376,1,0,0
17,1500,1917797,1,0,1,26,4,4,0,0,0,0,9979,1,0,0
18,800,4634946,1,0,1,32,12,12,0,1,0,0,45380,1,0,1
16,2500,4107974,0,0,1,22,1,0,0,1,0,4,26479,1,0,1
13,2000,3382150,1,0,4,70,49,49,0,0,1,0,30127,1,0,0
8,2500,2487329,0,1,2,46,27,26,0,0,0,1,29396,0,0,0
7,800,4299879,1,1,4,70,49,49,0,1,1,0,17940,1,0,0
1,2500,1705326,1,0,2,24,5,5,0,0,0,4,17259,1,0,0
12,2000,4367006,1,0,0,48,28,27,0,0,1,0,43997,1,1,0
6,2000,3999034,1,0,0,71,52,51,0,0,1,4,10505,0,0,0
8,800,4842287,0,0,3,51,30,29,0,0,0,0,42494,1,1,1
10,1500,3075098,1,0,0,28,6,5,0,1,0,0,33492,1,0,0
13,2500,1875430,0,0,1,59,40,39,0,1,0,0,43812,0,0,0
3,1500,1949353,0,0,2,36,15,14,0,0,0,0,11134,1,0,0
12,1500,2200363,0,1,0,22,1,0,1,0,0,4,57008,1,0,1
1,2500,3346352,1,0,0,40,18,17,0,0,0,4,13538,1,0,0
4,1200,2523883,1,1,0,64,46,45,0,0,0,0,37559,1,0,0
10,1500,3906061,0,0,0,19,0,0,0,1,2,0,26326,1,0,1
5,1200,2607826,0,0,1,60,40,40,0,0,2,0,17853,0,1,0
17,2500,4928255,0,1,0,21,0,0,1,0,0,0,35930,1,0,1
9,800,3650175,1,0,4,34,16,15,0,0,0,2,40478,1,0,1
3,1500,4201554,0,0,0,72,50,49,1,0,1,3,49204,1,0,0
8,1500,2783161,0,0,1,48,29,28,0,0,0,1,20325,1,0,0
5,2000,3365293,1,1,0,47,26,26,1,0,2,0,56786,0,0,0
1,1500,3467857,0,0,1,19,0,0,0,3,0,3,36628,1,1,1
16,2500,1379421,1,0,0,41,19,19,0,0,1,3,7280,1,0,0
4,2500,379449,1,0,0,27,8,7,0,1,0,1,36762,1,1,0
5,800,3381156,0,0,1,45,23,23,0,0,0,0,23395,1,0,0
11,1200,2062108,1,1,4,60,40,40,0,0,2,0,33210,1,0,0
9,800,3579473,1,1,0,49,28,28,0,1,0,1,30190,1,0,0
5,1200,2631821,1,0,0,50,29,28,0,0,0,3,52511,0,1,0
7,1500,4070038,1,0,1,35,15,15,1,0,0,3,26648,1,0,1
1,2500,933194,1,1,3,41,23,22,0,0,0,2,34690,1,0,0
11,2000,877218,0,0,0,54,33,32,1,0,0,0,40980,1,0,0
12,1000,3087120,1,1,0,47,25,24,0,0,0,0,30753,1,0,0
6,800,4435892,1,0,0,22,4,3,0,0,2,2,55203,1,0,1
9,1500,3094636,0,0,0,40,22,21,0,0,1,1,43179,1,1,0
12,1500,696743,1,1,0,47,25,25,0,0,1,3,10274,1,0,0
16,1200,3085579,1,0,0,21,1,1,0,0,1,2,44961,1,0,1
13,2000,4545842,1,1,0,58,40,40,0,0,0,4,56156,1,0,0
1,2500,3425550,1,1,1,68,47,47,0,1,1,0,15450,1,0,0
10,1200,844531,1,0,0,41,22,21,0,0,1,4,39508,1,0,0
0,2000,4395925,1,1,1,20,2,1,0,0,2,4,25267,0,0,1
18,1200,3294955,1,0,0,32,12,12,0,1,0,3,47055,1,1,1
3,1500,1423224,0,1,0,73,51,50,0,0,0,0,49563,1,0,0
18,1200,594203,1,1,0,63,42,41,1,0,1,4,47396,1,0,0
10,1000,2994218,0,1,0,18,0,0,0,0,1,2,13204,1,0,0
7,2500,637621,0,1,2,27,9,9,0,1,1,0,47757,1,0,0
10,1200,4033869,1,0,0,62,42,42,0,0,0,0,41392,1,0,0
3,1500,2941441,0,1,1,43,24,23,0,0,0,0,29369,1,0,0
16,1200,302700,1,1,1,72,53,52,0,0,1,0,54096,1,0,0
6,800,3332741,1,0,1,29,8,7,0,1,0,0,22554,0,0,1
7,1000,4951403,1,0,1,18,0,0,1,0,1,2,46009,1,1,1
2,1200,4769787,0,0,0,19,1,1,0,0,0,1,6228,1,0,1
1,1500,3330490,1,0,0,28,10,9,0,0,0,4,32936,1,0,1
14,1200,4743430,1,1,0,29,10,9,0,1,0,1,6030,1,0,0
4,1500,4177708,1,0,0,45,25,25,0,0,0,2,41370,1,1,0
0,1500,2261386,0,0,0,50,31,31,1,0,1,3,31781,0,0,0
3,1500,1640263,1,0,1,59,39,39,0,1,1,0,3413,1,0,0
14,1200,1122362,1,1,0,20,0,0,1,2,0,3,59831,1,0,1
19,2500,2588897,1,1,4,58,38,37,0,0,1,0,6096,1,1,0
18,1200,4523348,0,0,0,66,46,45,1,1,1,0,39293,1,0,1
2,1200,4835121,1,1,0,36,15,15,0,0,0,0,45276,1,0,1
19,1000,2844372,1,0,4,35,13,13,1,1,0,0,56710,0,0,1
10,1200,1856510,0,0,0,54,35,34,0,0,0,4,46178,1,0,0
16,800,1026844,1,1,4,45,27,26,0,0,0,0,7205,1,0,0
12,1500,1315607,0,0,0,48,28,28,0,0,0,0,13548,1,0,0
10,1000,4459957,0,0,0,24,6,5,2,0,0,3,43053,1,0,1
1,1200,3953347,0,0,0,64,46,45,0,0,1,0,19154,0,0,0
8,2000,2380594,1,0,0,55,36,35,0,0,1,2,25558,1,0,0
1,1200,3383761,1,0,1,22,0,0,0,0,1,0,24876,1,0,1
8,1000,2685308,1,0,0,36,14,13,0,1,0,0,50517,1,0,0
8,1000,3019025,0,0,0,30,8,8,0,1,0,3,26125,1,1,0
7,2000,3467422,0,0,0,56,34,34,0,0,0,0,41177,1,0,0
16,1000,999748,1,0,0,45,24,23,0,0,0,4,32599,1,0,0
0,1200,2233768,0,0,4,74,56,56,0,0,0,0,52245,0,0,0
10,1500,332835,0,1,0,19,1,1,1,0,0,0,25621,0,0,0
7,1500,4692774,1,0,1,23,2,1,0,1,1,2,16482,0,0,1
9,1500,3988202,1,1,0,32,13,12,0,0,1,0,17553,0,0,0
6,2000,3687858,1,0,0,45,25,25,1,0,0,2,6466,0,0,0
2,800,606535,1,1,1,54,32,31,2,0,0,1,40064,1,0,0
2,1200,3551586,0,0,2,42,20,20,0,0,1,4,41341,1,0,0
17,1200,1714919,0,1,3,73,52,51,0,2,1,0,7589,1,0,0
4,1000,1901265,1,0,1,49,27,27,0,0,0,3,15990,1,0,0
11,1200,882899,1,0,0,74,53,52,0,1,1,2,21363,0,0,0
11,1200,1622922,1,0,0,72,52,52,0,0,0,0,49999,1,0,0
18,1500,3438578,0,0,1,54,36,35,1,1,0,2,30979,0,0,1
5,1500,4729195,0,1,0,53,31,30,0,0,0,1,3081,1,0,0
1,1200,1827450,1,1,2,47,28,27,0,0,1,4,55088,0,0,0
11,1500,2920644,0,0,1,62,41,41,0,0,0,0,7246,0,0,0
18,1200,1119567,1,1,3,41,21,21,0,0,0,1,7020,1,0,0
4,1200,3533849,1,0,1,35,16,16,0,0,1,2,13272,1,0,0
11,1500,413944,0,1,1,18,0,0,0,0,0,1,56824,0,0,0
16,800,2653708,1,1,0,20,1,1,1,0,1,1,40742,1,0,1
16,800,1986629,1,0,1,24,3,2,0,1,0,0,51177,0,0,0
9,1200,2460687,1,0,0,50,28,28,0,0,1,2,9870,0,0,0
16,2500,708113,1,0,1,38,20,20,0,0,0,0,35947,0,0,0
14,1500,2776624,0,0,1,31,10,9,0,0,0,0,42500,0,0,0
11,800,791578,0,1,1,64,44,44,0,0,0,3,33815,1,0,0
15,2000,4940928,0,1,1,65,46,46,0,1,0,4,32794,1,0,1
18,1500,4961350,1,1,1,54,35,35,0,0,0,2,55962,1,0,0
7,1500,2058029,1,0,0,20,2,2,0,0,0,0,45381,1,0,0
16,2000,3319163,1,0,4,66,48,48,0,1,1,1,12910,0,1,0
4,1200,4347633,0,0,0,54,34,33,0,2,1,0,55745,1,0,1
15,1000,3723347,1,1,2,73,53,52,1,0,1,1,33864,0,0,0
5,1500,2048841,0,0,1,42,24,23,0,0,0,0,23196,1,0,0
7,1500,4574174,1,1,2,71,50,49,1,0,1,0,33018,0,0,0
17,1500,2520988,1,0,1,50,29,28,0,0,2,0,43615,1,2,0
11,1500,4587118,1,0,1,30,12,11,0,0,1,3,53914,1,0,1
14,2500,4486548,0,0,0,70,51,51,0,0,1,0,50617,1,0,0
8,2500,3148559,1,1,1,67,45,45,0,0,1,0,57781,1,0,0
12,2000,3417661,1,0,0,50,30,29,0,0,0,0,56063,1,0,0
14,2000,4034414,1,1,1,46,25,24,1,0,0,1,48496,1,0,0
9,2500,2898230,1,0,0,36,14,13,0,0,0,0,43714,1,0,0
15,800,2554651,1,0,1,43,24,24,0,1,0,0,31940,0,0,0
6,1200,3028958,1,0,0,70,50,50,0,1,0,2,26034,0,0,0
16,1200,1458202,1,1,0,74,53,52,1,0,0,0,52577,1,1,0
6,2000,1724910,1,0,2,72,51,50,0,0,1,2,58990,0,0,0
13,1500,1019050,1,1,2,55,36,36,0,0,1,0,24771,1,0,0
14,1500,2673356,1,0,1,26,7,7,1,0,0,0,14682,0,0,0
6,1000,3889585,0,0,4,63,42,42,1,2,1,1,51862,0,0,1
8,1200,3590407,1,0,0,47,26,26,1,0,1,0,33517,1,0,0
18,1500,2985000,1,0,0,39,17,16,0,0,1,0,46881,0,1,0
15,1000,1543861,1,1,0,60,41,41,1,0,0,4,13365,0,0,0
7,1200,4687152,1,1,0,21,2,2,0,0,0,0,53454,1,0,1
17,1200,3436391,0,0,0,24,2,2,1,0,1,3,19426,1,0,1
17,1200,4129298,0,1,1,35,16,16,0,0,0,1,56096,1,0,1
19,1500,2965528,0,0,0,67,49,48,0,0,1,3,36841,1,0,0
6,1200,753251,1,1,0,23,3,2,0,0,2,3,58450,1,0,0
2,1500,4505987,1,0,1,46,28,28,0,0,0,2,51898,0,0,1
17,800,3317618,1,0,0,22,3,3,1,0,2,0,8600,0,0,1
9,2000,1187063,1,0,0,23,1,1,0,0,1,4,47845,0,1,1
6,1200,2066184,1,0,0,51,30,29,0,1,1,3,9969,1,0,0
16,1500,2623760,1,1,4,51,32,31,0,0,0,4,11057,1,1,0
13,1500,4982193,0,0,0,18,0,0,0,1,1,4,33186,1,0,1
2,1000,4343949,1,0,3,35,15,14,0,1,1,0,52149,1,0,1
11,2000,625709,0,0,1,44,26,25,1,0,0,0,36357,1,0,0
12,1500,3096373,1,0,0,27,7,7,0,0,0,0,19914,0,0,0
1,1200,4140252,0,0,0,56,35,35,1,0,0,0,9102,1,0,0
2,1000,906383,1,0,1,19,0,0,0,0,0,0,12755,1,0,0
4,2500,1849732,0,0,4,36,15,15,0,0,0,0,18770,0,0,0
10,2000,3559338,1,0,0,44,26,25,0,0,0,1,43177,1,0,0
7,1000,2861595,1,0,0,71,50,50,0,0,0,0,53955,1,0,0
11,1200,414527,1,0,0,39,21,20,0,0,1,3,14719,0,0,0
6,2000,1694183,0,1,0,27,8,8,0,0,0,0,58210,1,1,0
14,1500,3882058,0,1,2,74,53,53,0,2,0,2,57220,0,0,1
16,2000,2869386,1,1,1,61,41,41,1,0,0,0,23973,0,0,0
3,1200,1571865,0,1,0,44,22,22,1,1,0,2,3541,1,0,0
12,1500,4497717,1,1,4,29,9,8,0,0,2,0,23992,1,0,0
17,1200,3080449,1,0,0,32,10,10,0,0,0,2,35695,0,0,0
0,1000,4514867,1,0,1,67,47,46,0,1,1,4,48245,0,1,1
15,1500,4794023,0,1,1,72,51,50,0,1,0,2,18516,0,0,1
12,3000,2656757,1,0,0,18,0,0,0,0,0,1,31521,1,0,0
9,1200,1355962,1,0,0,55,34,34,0,1,1,2,42178,1,1,0
11,1200,1448820,1,0,0,58,40,39,0,0,0,2,50563,1,0,0
1,1500,3309637,1,1,4,41,22,21,0,0,1,0,47858,1,0,0
2,1500,3102322,1,1,1,23,2,2,1,1,0,3,55222,1,0,1
9,2000,4638514,1,0,0,46,27,26,0,0,1,1,17467,1,0,0
1,2000,1527017,1,1,1,23,5,5,0,0,0,1,43062,0,0,0
12,800,638325,1,1,1,55,33,32,0,1,0,0,14371,1,0,0
12,3000,3994502,1,0,0,65,46,45,0,0,1,4,48735,1,0,1
17,2000,3402601,1,1,0,32,13,13,0,0,1,0,51165,1,0,0
2,2000,4016573,0,1,1,25,7,6,0,0,0,0,17846,1,0,0
6,1500,4186049,1,0,0,46,25,25,0,0,0,0,38454,1,0,0
13,2000,1557379,0,1,3,19,0,0,0,0,3,0,45863,1,0,0
19,1000,3462222,1,0,1,28,9,9,0,0,0,0,7895,1,0,0
16,1200,4909091,1,1,0,26,7,7,0,0,0,4,38394,1,0,1
11,2000,4790934,1,1,3,33,14,14,0,0,0,1,59979,0,0,0
15,1000,519508,0,0,0,41,22,21,0,0,0,0,49849,1,0,0
11,800,885923,0,0,3,51,33,32,0,3,1,3,28738,1,0,0
14,2000,2445966,1,1,0,60,41,40,1,2,1,0,42738,0,0,1
9,2000,947429,1,1,1,41,19,19,0,0,0,0,30613,1,1,0
6,1000,4556667,0,0,1,66,48,47,0,0,1,0,7441,1,0,1
19,2000,2370301,1,1,0,55,36,35,0,0,2,0,15888,0,0,0
4,1500,2440314,0,0,0,55,33,32,0,1,1,0,11329,1,0,0
0,1500,547364,1,0,1,42,22,22,0,0,0,0,49004,1,0,0
16,2000,705350,0,1,1,58,38,37,0,1,0,1,41419,1,0,0
2,1200,692235,1,1,0,70,48,47,0,0,0,0,39767,1,0,0
12,1000,1428413,1,1,4,50,31,31,1,0,0,0,24635,1,0,0
13,1200,3549125,0,0,1,61,42,41,1,1,0,2,55046,1,1,1
17,1500,1021180,1,0,0,60,42,41,1,0,1,4,2417,1,0,0
3,1500,1649054,1,1,1,34,15,15,0,1,1,4,48391,1,0,0
17,2000,4620985,1,0,0,24,6,6,0,0,0,4,50715,1,2,1
4,2000,1957058,1,0,3,44,25,24,1,0,1,0,36841,1,0,0
15,1500,3080955,1,1,0,53,32,32,0,0,1,0,50431,0,0,0
0,2000,1090404,0,0,0,58,37,36,0,1,1,2,6413,0,0,0
13,1000,2462088,0,0,0,36,14,14,0,0,0,1,22625,0,0,0
14,800,2345295,1,0,4,32,11,10,0,0,1,4,59607,1,0,1
8,2000,4604181,0,1,0,23,3,3,1,0,0,0,5378,1,1,1
14,800,4785967,1,1,0,74,54,53,0,0,0,4,28872,0,0,0
16,1000,2761713,0,0,1,53,35,35,0,0,1,0,39862,1,0,0
3,1500,4967434,1,0,0,22,2,1,0,1,1,0,43066,0,0,1
11,1200,3783736,0,0,0,70,51,51,0,0,1,2,37813,1,0,0
4,2000,4781180,0,1,1,62,44,43,0,0,1,1,44855,0,1,0
4,1200,375909,0,0,0,22,1,1,0,0,0,0,50502,1,0,0
10,800,4742575,1,1,1,19,0,0,1,0,0,0,28495,1,0,1
5,1200,4291275,1,0,0,60,40,39,0,0,0,0,13784,0,1,0
6,1500,1202275,1,0,1,35,15,14,0,1,0,4,8950,1,0,0
13,1200,2449092,1,1,0,49,30,29,0,0,1,0,43897,0,1,0
10,1500,4368385,1,0,1,64,43,42,0,0,0,3,48687,1,0,0
12,2000,2566243,0,1,0,66,46,46,3,0,0,0,50547,0,1,0
1,2500,4989323,0,0,0,46,25,24,0,0,0,0,23563,1,0,0
6,1200,2282667,1,0,0,66,45,45,1,1,1,0,38978,1,2,0
19,1200,3726078,1,0,0,37,17,17,1,1,1,2,58945,0,0,1
3,1500,2226479,0,0,0,36,15,15,0,0,1,3,55618,1,0,0
7,2500,2230177,0,0,1,69,49,48,0,0,1,0,17255,0,0,0
19,3000,4242896,1,1,1,33,11,10,0,0,0,0,55805,1,0,1
18,1000,3814809,1,0,0,28,8,8,0,0,0,0,44328,0,1,1
12,1500,3059483,0,1,0,45,24,24,0,0,0,0,44585,1,0,0
13,1200,768259,0,0,1,39,17,16,0,0,2,1,56859,1,0,0
9,800,3271286,1,0,4,44,23,22,0,0,1,2,32204,1,0,0
10,800,1177742,0,0,0,34,13,12,2,0,0,0,33641,1,1,1
1,1200,879443,0,1,0,25,3,2,0,0,1,3,6642,1,0,0
8,1200,1477067,1,0,0,25,6,6,0,0,0,0,38717,1,0,0
16,800,2999053,0,0,0,40,18,17,0,0,0,0,10875,1,0,0
2,1500,1287215,1,0,0,49,28,27,1,0,1,3,2535,1,0,0
5,1200,4551242,0,0,2,61,40,40,1,0,0,0,35720,0,1,1
4,1500,925451,1,0,1,32,13,12,0,1,0,1,56415,1,0,0
4,1200,528861,1,0,0,44,22,22,0,0,0,1,29816,1,0,0
14,1000,842039,0,0,4,21,1,1,0,1,0,0,19963,1,0,0
16,1200,2598970,0,0,0,57,36,36,0,0,1,0,37813,1,0,0
8,1000,1643110,0,1,0,49,27,27,0,0,2,1,27330,0,0,0
2,1500,2760509,1,1,0,74,56,55,2,1,0,1,38741,1,0,0
19,1000,2505864,1,1,0,64,43,43,1,1,0,1,43127,1,0,0
16,1500,360403,0,0,1,54,34,33,2,0,1,0,23094,0,1,0
9,1000,1113291,0,0,0,71,50,49,0,0,0,0,32545,0,0,0
2,1500,4384110,0,1,1,27,5,5,1,2,0,0,32051,1,0,1
17,2000,950228,1,0,1,73,54,53,0,0,0,0,27612,1,1,0
17,1000,1113532,1,0,0,70,52,51,1,1,1,3,57649,1,0,0
16,1200,753192,1,1,1,45,25,25,0,0,0,3,45187,1,0,0
2,800,1257527,0,1,1,69,48,47,0,0,1,0,6853,1,0,0
2,1500,4349510,0,1,3,49,29,28,0,1,0,0,16457,1,0,0
5,1200,740925,1,1,0,49,30,29,0,0,0,0,36938,1,0,0
12,1500,1818345,1,1,0,73,55,55,0,0,0,0,20197,1,0,0
14,1500,1975621,1,1,3,68,48,48,1,0,0,0,35020,0,0,0
8,2500,909337,0,0,0,32,10,9,0,0,1,0,5462,0,0,0
3,1500,2574702,1,1,0,23,1,1,0,1,1,2,57917,0,0,1
13,1500,1140200,0,1,1,26,6,6,1,0,0,1,41892,1,0,0
4,1200,3912566,1,0,0,55,37,36,2,0,0,0,47530,0,0,0
1,2500,2393448,1,0,1,47,26,25,1,0,0,0,58071,0,0,0
10,2000,798909,1,0,2,58,36,35,0,1,0,0,37071,1,0,0
8,1200,3072296,0,1,1,57,36,36,1,1,1,4,43777,1,2,1
2,2000,3443027,1,0,1,33,12,11,0,1,1,3,49135,1,0,0
8,1200,3981790,0,0,0,42,22,21,2,1,0,1,59988,1,0,1
2,2000,4136056,0,0,1,27,5,5,0,0,1,0,6877,0,1,0
1,2000,1660855,1,1,1,47,27,26,1,0,0,0,20352,1,0,0
11,1000,4386239,1,0,0,26,7,6,1,0,1,1,35281,1,0,0
9,1500,4565891,0,0,0,57,36,35,1,1,0,0,50806,0,1,1
8,1200,4460344,1,0,1,74,56,56,1,0,0,0,31719,0,0,0
14,1200,4553621,1,0,0,63,42,41,2,0,1,0,20444,1,0,1
7,1200,998735,0,0,0,72,54,53,2,2,0,4,58405,0,0,1
4,1500,1854026,0,0,0,24,4,4,0,0,0,0,51546,1,0,0
10,1000,2340696,1,0,0,60,38,38,1,1,0,2,18616,1,0,1
1,800,4072142,1,0,0,69,48,47,0,1,0,4,30946,0,0,1
14,1500,2405490,0,0,2,65,46,46,1,1,0,1,15661,1,0,0
5,1000,4123095,1,0,1,66,45,45,1,0,1,0,10451,1,0,0
7,1000,564621,1,1,1,72,54,53,0,0,0,0,31298,0,0,0
4,1000,2701719,1,0,0,57,39,38,0,0,0,0,44676,0,0,0
15,1200,1292542,1,0,0,29,11,11,0,0,0,1,16363,1,1,0
17,1200,2528592,0,0,0,74,52,52,0,1,1,1,39834,0,0,0
5,800,1112271,0,0,0,34,15,14,0,0,0,0,32505,1,0,0
4,3000,1990401,0,0,1,42,23,23,1,0,0,0,31232,1,1,0
15,1500,2339178,0,0,0,64,46,45,1,0,0,1,21779,1,0,0
12,1200,3079653,1,1,0,24,5,5,0,1,0,1,11999,1,0,0
4,1200,4102975,1,0,4,72,53,52,0,0,0,0,11753,1,1,0
12,1200,1856539,0,0,0,36,16,16,0,0,1,0,7240,0,0,0
16,1500,2482136,1,1,1,34,15,15,0,0,3,0,27502,1,1,0
17,1000,1525971,1,0,0,49,31,31,0,0,0,1,45638,1,1,0
7,1000,4020398,1,1,0,40,18,18,0,0,2,0,8838,1,0,0
12,2000,4590842,1,0,1,62,42,41,0,1,0,0,41302,1,0,0
18,1200,2676238,1,0,0,49,30,29,1,1,0,0,31327,0,0,1
2,1200,2288527,1,0,0,43,23,23,1,1,1,0,34621,1,0,0
7,2000,4708366,1,0,0,25,4,3,0,0,1,2,10367,0,1,1
1,1500,1303462,1,1,0,39,19,19,0,0,0,0,51465,1,1,0
7,1200,3205114,1,0,1,63,43,42,0,1,0,3,6851,1,0,0
12,1500,3492788,1,0,1,72,52,51,2,0,0,4,5440,1,0,0
12,800,2399786,0,0,0,74,55,54,1,0,0,0,7594,1,0,0
0,1500,3117722,0,0,0,25,5,5,1,0,1,1,9934,0,0,0
5,1200,569432,0,1,2,63,41,41,0,2,1,0,25717,0,1,0
18,2000,3310212,0,0,0,22,3,3,1,0,0,1,24639,0,1,1
15,2500,1072871,0,1,1,29,11,11,0,0,1,0,35036,1,0,0
7,2500,611968,1,1,4,44,23,23,0,0,2,1,36645,1,0,0
0,2500,4834150,1,0,0,37,19,19,0,0,2,0,59013,1,0,0
15,1500,4948232,0,0,0,28,9,9,0,0,0,0,27124,1,0,1
8,1200,2976707,0,0,4,53,35,34,0,0,0,0,17551,1,1,0
12,1200,3842838,1,0,0,69,48,47,0,0,1,2,35686,0,1,1
10,1500,2400998,0,0,0,19,0,0,1,0,0,0,20514,0,0,0
12,2000,363571,1,1,1,27,9,8,1,0,0,4,58325,0,0,0
9,1000,2149489,1,0,0,59,40,40,1,0,0,0,27844,0,0,0
3,2500,4676552,1,0,4,24,2,1,0,0,0,0,54599,1,0,1
5,2000,2526599,1,0,0,73,52,52,1,2,0,2,6747,1,0,0
6,3000,3371284,1,0,1,29,11,11,0,1,0,0,12890,1,0,0
4,2000,4458989,0,0,1,72,50,49,0,0,0,0,9469,1,0,0
10,1200,2117236,1,0,1,33,12,11,0,1,1,0,58203,1,1,0
12,1000,1880912,1,0,1,48,30,30,1,0,1,2,20631,1,0,0
18,1000,4134424,1,0,4,44,25,24,0,1,1,2,27866,1,1,1
9,1200,1241357,0,1,3,49,27,26,2,3,2,3,12761,1,0,1
9,1500,3218297,0,1,0,59,37,37,0,1,3,0,22764,1,0,0
10,2000,2323770,1,0,1,57,39,38,0,0,0,0,11038,1,1,0
6,2000,1496439,1,1,0,44,26,26,0,1,0,2,6220,1,0,0
17,1500,4432996,1,0,0,42,23,22,0,1,0,0,54332,1,0,1
3,800,4247135,0,1,0,57,38,38,0,0,1,0,9777,0,1,0
1,1000,544985,1,0,1,22,2,1,0,0,1,3,56848,1,0,0
13,800,3518975,1,1,0,21,3,2,0,0,0,1,43894,0,1,1
12,1200,410295,1,1,1,70,51,51,0,1,1,3,49621,1,1,0
11,1500,4244265,1,1,0,61,43,42,0,0,0,1,23036,1,0,0
6,800,4886739,0,1,4,60,41,41,0,0,0,0,59011,0,0,0
1,1200,4181862,1,0,0,32,11,10,1,1,0,0,54188,1,1,1
12,1000,698649,1,0,2,30,11,10,0,1,0,0,49450,1,0,0
13,1500,3992628,0,0,1,50,31,31,1,0,0,0,49649,1,0,1
16,1200,4905342,0,0,4,22,1,1,0,0,1,1,40317,1,2,1
8,1200,1906984,1,0,1,23,2,2,0,0,0,2,6920,1,0,0
16,1200,2418446,0,0,1,62,42,42,1,0,1,0,53823,1,0,0
7,2500,4695472,0,1,0,42,23,23,0,1,0,3,29532,1,0,1
1,1000,1168551,1,0,1,42,21,21,0,0,1,4,2166,0,0,0
12,1500,1167528,1,0,0,27,7,7,0,0,0,0,42977,1,1,0
2,1500,959784,1,1,0,29,9,8,0,0,0,0,53597,0,0,0
15,1500,4534919,1,0,1,20,2,1,0,1,0,0,51044,1,0,1
5,2500,3024541,1,0,0,46,25,24,1,1,1,0,54383,1,0,0
18,1200,3964454,0,1,0,46,24,24,0,0,0,1,34542,1,0,0
6,1200,1700166,0,1,0,60,39,39,0,0,0,3,8911,1,1,0
9,800,781156,1,0,0,41,20,19,2,0,2,0,59453,1,0,0
8,1500,4611760,1,0,0,41,21,21,0,0,0,0,37676,1,0,0
1,1200,466247,1,0,0,42,21,20,0,2,1,0,26988,1,0,0
14,1000,4417881,0,0,0,64,43,43,0,0,0,2,30169,1,0,1
4,1500,888160,0,0,1,66,46,46,0,0,0,2,12083,1,0,0
3,1500,1286831,1,1,0,54,34,34,1,4,2,0,50066,0,1,1
19,800,4677821,0,1,4,22,4,4,0,1,0,2,58407,1,0,1
3,1500,1400574,1,1,4,72,54,53,0,1,0,0,52746,1,0,0
17,1500,4213799,0,0,0,28,7,7,0,1,0,0,54068,1,0,1
3,1000,2580687,1,0,0,57,36,35,0,1,0,0,19045,1,1,0
16,1200,359895,1,0,0,60,41,41,0,0,0,0,2893,0,0,0
11,1500,3478622,1,0,4,72,50,50,0,1,1,3,9681,1,0,0
16,1500,1784372,0,0,1,39,20,19,0,0,1,4,41959,1,0,0
9,1200,4006103,0,1,1,69,50,49,0,0,0,0,31457,1,1,0
0,1200,2143681,0,1,3,32,11,11,0,0,0,3,28804,1,0,0
17,1500,4663575,1,1,4,26,6,5,1,0,0,0,40974,1,0,1
17,2500,2860282,1,0,2,67,47,47,0,1,0,1,46899,1,0,0
13,1500,2703076,1,1,1,23,1,0,0,1,1,0,50243,0,0,1
14,800,3971436,0,0,3,43,23,23,1,0,0,2,9133,0,1,1
11,1200,3099952,0,1,3,23,2,2,1,0,0,0,17844,1,0,1
3,2000,1392886,0,0,0,49,29,29,1,1,0,0,51974,1,0,0
2,800,1615707,0,0,4,60,42,42,0,0,1,0,16209,1,0,0
19,3000,3098029,0,0,1,37,15,14,2,0,0,0,25971,1,0,1
11,2500,856744,0,0,0,52,32,31,0,2,0,0,5045,1,0,0
6,800,1991627,1,1,0,60,40,40,0,1,2,2,27870,0,0,0
10,2500,4139268,0,0,1,20,2,1,0,0,0,1,43267,0,0,1
0,1200,2852605,0,1,0,35,16,16,0,0,1,0,58921,0,0,1
5,2000,3143356,1,0,2,52,31,30,1,1,0,0,15428,1,0,0
14,1200,1433974,0,0,0,69,49,48,1,0,0,1,46448,1,0,0
14,1200,941471,1,0,4,27,9,9,0,0,1,0,7570,0,0,0
18,1500,2749078,1,0,0,53,35,34,0,1,1,0,35386,1,0,0
10,2000,4148311,0,0,0,47,28,27,0,0,0,3,19063,1,0,1
1,800,4590427,1,0,3,43,23,22,0,0,2,2,7242,1,0,0
13,1500,1439930,1,1,0,47,28,27,0,0,0,0,32436,1,0,0
1,1000,4948352,0,0,2,48,26,26,1,1,0,0,11230,1,1,1
3,1200,1563724,1,0,0,72,54,54,0,0,0,0,16966,1,0,0
16,1200,3668173,1,0,4,21,0,0,0,1,0,0,9256,1,1,1
2,1200,4764932,0,1,0,74,56,56,0,0,0,4,51854,1,1,1
12,1200,2558906,1,1,0,41,22,22,0,0,0,1,53817,1,0,0
8,1000,3949090,1,0,4,18,0,0,1,0,1,0,6262,1,0,1
6,1000,1943323,1,0,0,43,22,22,0,1,0,2,16759,1,0,0
14,800,427162,1,0,4,66,48,47,1,0,1,1,43502,1,0,0
10,1200,3880963,1,1,2,46,25,25,0,0,0,3,20320,1,0,0
19,2500,4837904,0,0,0,55,35,35,0,0,0,0,15401,1,0,0
1,1000,2025874,1,1,0,53,35,34,1,0,1,3,36679,1,0,0
14,2500,2976330,1,0,0,71,52,51,0,0,0,3,39797,1,0,0
13,1500,669841,0,0,0,26,4,4,0,0,0,0,47487,1,1,0
19,1500,426193,0,1,0,59,40,40,0,0,1,3,3246,1,0,0
10,1500,4424004,1,0,1,49,29,29,1,0,0,0,54910,1,0,1
2,2000,618629,1,1,4,54,32,32,0,0,2,0,29948,1,0,0
16,1000,4163381,0,0,0,57,35,35,0,0,2,0,20446,1,0,0
11,1500,4631597,0,0,0,35,16,16,0,0,1,4,42262,1,0,1
14,1500,325294,0,1,1,41,23,22,0,0,1,0,57212,1,0,0
15,1500,3962701,1,1,0,57,39,39,0,2,0,0,34531,1,1,0
4,2000,3399843,1,1,1,35,13,13,1,0,1,0,59407,1,0,0
19,800,3453983,1,0,0,56,37,36,0,1,1,0,39193,0,1,1
5,1500,4079445,0,0,4,25,6,6,1,1,2,0,48340,1,0,1
18,1500,1236402,0,0,1,56,38,37,0,0,0,0,29373,0,0,0
4,1200,1005443,1,0,0,71,51,51,0,0,1,0,27551,1,1,0
2,1200,2945295,1,0,1,68,50,50,0,0,1,0,10116,1,0,0
0,1500,2431910,0,0,2,28,10,9,0,0,0,0,28732,1,0,0
5,2000,4743720,1,1,2,60,40,40,0,1,0,0,57944,1,1,1
14,1200,4372839,1,1,0,52,34,33,0,0,0,1,10879,1,0,0
1,2000,929382,0,1,0,41,19,19,1,0,0,0,13038,1,1,0
2,1200,4306249,1,1,1,69,47,46,0,0,0,0,32446,1,0,0
16,1000,3188967,1,0,0,30,8,8,1,0,1,1,23482,1,0,0
11,800,2457264,1,1,0,48,26,26,0,0,1,1,12050,1,0,0
17,800,4110925,0,1,1,73,51,51,0,0,1,1,7802,1,0,0
14,1200,3372542,1,1,0,47,28,28,0,2,1,4,30588,1,0,0
11,1200,3889643,0,0,0,46,27,27,0,0,1,0,26448,1,0,0
15,1500,3341473,1,0,0,59,39,38,0,1,1,0,21865,1,0,0
7,1500,3626603,0,1,0,23,2,2,1,0,0,1,49002,0,0,1
13,800,3545082,1,1,0,20,0,0,0,0,0,0,15054,0,0,1
16,1000,4179981,1,1,1,45,24,23,1,1,2,0,2540,1,0,0
7,1200,2915100,0,1,4,27,6,5,0,1,0,0,40061,0,0,0
14,1500,4507673,1,0,1,51,29,28,0,0,0,1,5295,1,0,0
13,1000,1409004,0,1,0,18,0,0,0,2,0,1,13633,1,0,1
17,1000,3057556,1,1,2,29,9,9,0,0,1,0,33102,1,0,0
19,2500,365123,1,1,0,53,32,32,0,1,0,1,51755,1,0,0
6,2000,1293328,1,1,0,73,55,55,0,1,1,0,29673,1,0,0
2,1000,1177346,0,0,0,69,51,50,1,0,0,1,44581,1,0,0
11,1200,438333,1,1,0,73,51,50,0,0,0,1,5927,0,0,0
2,1200,1628784,0,0,1,49,29,28,0,0,2,0,4668,0,0,0
19,2000,3645858,1,1,4,73,51,50,0,0,0,0,10601,1,0,0
13,1500,2148698,1,0,1,28,8,7,0,0,0,1,3990,1,0,0
14,1000,1779381,1,0,1,18,0,0,0,1,0,0,2172,0,0,0
13,1500,3808739,1,1,0,65,45,44,0,1,0,4,58128,0,0,1
6,1200,314559,1,0,1,23,4,3,0,1,1,2,16887,1,0,0
16,1200,2279772,0,0,4,44,26,26,0,0,0,1,36902,1,0,0
11,1200,3441148,1,1,0,32,14,14,0,0,0,2,29969,1,0,0
19,1200,2183437,1,0,0,27,9,8,0,0,2,0,57593,1,0,0
3,1200,792461,0,0,0,41,21,20,0,0,0,0,2629,1,0,0
8,1000,3724844,1,1,1,25,7,6,0,1,0,1,30170,1,0,1
5,1200,4535834,1,0,1,34,15,15,0,0,0,4,26262,1,0,1
15,800,3437731,1,0,0,41,22,21,0,1,0,1,31365,1,0,0
1,2000,3127585,1,0,1,30,9,8,0,0,1,0,53085,0,0,1
7,1000,1996161,1,0,1,26,8,8,0,0,0,3,5006,1,0,0
10,800,4692554,1,0,1,23,1,0,0,0,0,1,12880,1,0,1
12,1500,4064372,1,0,3,46,24,24,2,0,1,1,39402,1,0,1
16,2000,3807211,0,1,3,40,18,18,0,0,0,0,33804,0,0,0
7,2000,3425723,0,0,0,39,20,20,0,0,0,2,38986,1,0,0
17,1200,1731483,0,0,1,38,17,17,1,0,3,4,44946,1,0,1
17,1000,1418127,1,0,1,34,13,12,0,0,1,0,56911,1,1,0
13,1500,1615560,1,0,0,51,32,32,0,1,0,1,5940,1,1,0
14,1500,2840432,1,0,2,43,22,22,1,0,1,3,25386,0,1,1
5,1000,1223426,1,0,0,67,45,44,0,0,0,3,47287,0,0,0
10,2500,3863863,1,1,1,42,20,19,0,1,0,3,3165,1,0,0
12,1000,3864222,1,0,0,65,46,45,0,0,0,1,12865,0,1,0
0,3000,3329518,1,0,1,55,33,33,0,0,2,4,58348,1,1,0
5,2000,760650,0,1,0,20,0,0,0,0,0,0,37364,0,0,0
8,1500,3665275,1,0,0,20,0,0,1,0,0,0,17784,1,1,1
7,2500,2362904,0,0,0,31,13,12,1,0,0,0,57249,1,0,0
10,1500,455846,0,0,0,59,40,40,1,0,0,0,10853,1,0,0
18,1000,1007744,1,1,4,27,8,8,0,1,0,1,25453,0,0,0
8,1200,3351908,1,1,0,19,0,0,0,1,1,0,8271,1,0,1
16,800,4581724,0,0,0,24,3,2,1,0,1,4,30985,1,0,1
11,1200,575196,0,0,1,31,10,10,0,1,1,0,6875,0,0,0
13,1500,1300015,1,0,0,66,48,48,1,0,0,3,9905,0,0,0
14,1200,4725528,1,1,0,34,12,11,0,4,0,2,40841,1,0,1
15,1200,3852213,1,0,0,27,8,7,0,0,0,0,28979,1,0,0
19,1500,1810369,1,0,1,52,30,29,1,0,0,0,16331,0,0,0
0,2000,2467067,0,1,4,66,45,44,0,0,0,2,7359,1,0,0
9,800,3715533,1,0,2,62,43,43,0,0,1,3,9953,1,1,0
7,1200,4689923,1,0,4,44,23,23,1,0,0,1,16268,0,0,0
17,1000,4828951,1,1,1,65,47,47,1,0,0,4,21132,1,0,1
0,1500,919694,0,1,4,20,1,1,1,0,0,1,39400,1,0,0
1,1000,2064550,0,1,0,64,43,43,0,0,1,0,27540,1,0,0
0,1500,1590151,0,1,0,42,21,21,0,0,0,1,47530,1,1,0
0,1200,4182298,0,0,0,24,3,2,0,1,0,1,19316,1,0,1
8,1000,3269514,0,0,0,30,12,12,0,0,2,1,18459,1,0,1
12,2500,4114619,0,0,2,74,52,51,0,0,0,0,54134,1,0,0
0,800,2287450,1,0,0,56,34,34,0,0,1,1,39141,1,0,0
12,1200,1210966,1,0,1,60,38,38,0,0,0,3,10394,1,0,0
19,800,2791200,0,0,0,63,45,44,0,0,0,4,16601,1,0,0
6,1200,1483140,1,0,0,42,20,19,1,0,1,0,29772,0,0,0
1,1500,2586462,0,0,0,60,38,37,1,0,0,2,51061,1,0,1
5,1200,3642624,1,0,0,46,28,28,0,0,0,3,52495,0,0,0
6,1000,4495380,0,0,4,36,17,16,0,0,0,1,8993,0,1,0
13,1200,4083884,1,1,1,56,35,34,0,0,1,0,36040,0,0,0
17,1500,2031471,1,0,1,39,18,18,1,0,0,2,7875,1,0,0
14,2000,1971207,0,0,0,19,1,0,0,0,1,4,10811,0,0,1
1,1500,2198713,1,1,0,39,17,17,0,0,0,1,38662,1,0,0
9,1500,459270,0,1,0,52,32,31,2,2,1,2,27594,1,0,0
11,1000,4327555,1,0,1,51,29,28,0,1,1,0,30810,0,0,0
16,1200,3811672,0,0,0,70,50,49,0,0,1,1,43999,0,0,1
7,1000,1537488,0,0,1,22,1,0,0,1,0,0,12392,1,0,1
10,1000,4093492,1,0,1,44,26,25,0,0,0,3,16646,1,0,0
2,1000,3743148,0,0,0,35,13,12,0,0,0,0,41874,1,1,1
5,1500,1819346,1,0,1,65,47,47,0,2,0,0,16529,1,0,0
8,1500,2459065,1,0,1,20,0,0,0,0,0,0,27498,1,0,0
5,2500,2324108,0,0,0,73,51,51,0,0,0,0,17533,1,0,0
8,1000,4830056,0,0,1,64,42,42,0,2,1,0,9306,1,1,1
6,1500,3983364,1,0,1,38,18,17,0,1,0,0,34453,0,0,0
8,2000,2181686,1,1,0,41,23,22,0,0,1,0,56939,1,0,0
17,1500,4084385,0,0,0,43,22,22,0,1,1,1,8082,1,0,1
11,1200,2397470,1,0,0,37,18,17,0,0,0,0,35963,1,0,0
7,1200,4782459,0,0,4,69,49,49,0,0,0,0,58654,1,0,1
7,800,4775235,0,0,0,30,9,9,0,0,0,0,11669,1,0,0
17,1200,2771582,1,0,0,23,5,5,0,0,1,3,10526,1,0,0
19,1500,4341320,1,0,0,43,24,23,1,1,2,0,49715,1,1,1
14,800,4426660,1,0,0,65,46,45,0,0,0,0,28356,1,0,0
6,1000,2278596,0,1,0,60,42,41,0,0,2,1,36576,0,0,0
10,1500,1185464,0,0,1,47,27,27,0,1,0,0,25005,1,0,0
19,2000,664449,0,0,0,31,9,9,0,1,0,3,20471,1,0,0
15,1200,3544056,1,1,2,64,42,41,1,0,1,0,59136,1,0,0
3,1500,3070050,0,0,3,70,48,48,0,0,0,0,35354,1,0,0
5,1200,1872780,1,0,1,54,33,33,0,0,1,0,47805,0,1,0
2,1000,2478271,0,0,3,74,56,55,0,0,0,2,20740,1,0,0
8,1200,583635,1,0,1,55,35,35,0,0,1,0,32023,1,0,0
9,1500,1477377,0,0,1,47,29,28,1,0,0,1,20128,1,0,0
13,2500,4774988,0,0,0,32,13,13,0,0,1,0,35856,1,0,1
10,800,2599739,1,0,0,36,15,15,0,0,0,2,56144,1,1,0
17,1500,4765359,0,0,0,28,8,7,0,0,1,0,51019,1,0,1
11,1200,3354910,1,0,0,37,18,18,0,0,1,0,19318,1,0,0
11,1500,4819448,1,1,1,42,20,20,0,0,0,2,7405,1,1,1
12,800,893593,1,1,0,55,33,32,1,0,0,0,51363,1,0,0
12,1200,1351055,0,0,0,60,38,38,0,0,0,0,55674,1,0,0
18,2000,2931552,0,1,4,47,29,29,0,0,0,0,38118,0,0,0
18,1500,1720295,0,1,1,57,38,38,2,0,0,2,10953,1,0,0
13,1200,807607,0,1,1,40,20,19,0,0,0,1,10436,1,0,0
3,1200,871097,1,0,0,61,42,42,0,1,1,3,39355,0,0,0
12,1200,2657614,1,1,3,34,14,13,1,2,3,2,18414,1,0,1
7,1200,2429357,1,1,0,18,0,0,0,0,0,0,56230,0,0,0
18,2000,2880473,0,0,1,59,38,37,1,2,1,0,7828,1,0,0
11,2500,4173692,0,1,1,31,11,11,1,2,1,0,44163,1,0,1
17,1200,1515746,1,1,0,56,37,37,0,0,1,0,57094,1,0,0
5,1200,1121258,0,0,4,35,15,14,1,0,1,0,5461,0,0,0
17,2000,3047641,0,0,0,58,38,37,0,0,2,0,43262,1,0,1
18,1200,3037998,1,0,2,33,11,10,0,0,1,0,50227,0,0,0
4,1500,1063001,1,0,1,27,7,7,0,0,0,1,24544,1,0,0
8,1000,2106231,0,0,1,61,39,39,0,0,0,1,12286,0,0,0
2,1500,4590624,1,0,4,26,4,3,1,0,0,3,20550,1,0,1
9,1500,3159319,0,0,1,31,11,11,0,0,1,3,14334,1,0,0
18,2000,3364582,1,1,1,19,1,0,0,1,1,0,18090,1,1,1
2,2000,511945,1,0,0,74,55,55,1,0,0,1,27673,1,1,0
14,1000,2539336,1,0,2,74,54,53,1,0,3,0,30187,0,1,0
0,1500,1427873,0,0,1,59,38,37,0,1,0,2,9592,1,0,0
6,2000,3316032,1,1,4,71,51,51,0,1,1,2,10247,1,0,0
11,1200,372353,0,0,4,38,18,18,1,0,0,0,19146,1,0,0
16,1000,1505976,1,1,0,59,38,37,1,0,1,0,24854,0,0,0
19,800,3587951,1,0,1,19,0,0,1,0,0,0,18519,1,0,1
4,1200,2555888,0,0,4,23,1,1,0,0,1,0,16115,1,1,0
3,1200,1548515,1,0,1,28,10,9,0,0,2,0,19312,0,0,0
11,1500,2939202,0,0,1,58,38,37,1,0,0,0,8464,0,0,0
19,1000,681416,1,1,0,20,0,0,0,0,0,1,40430,1,1,0
17,2000,4689102,0,0,0,68,49,48,0,1,0,2,43419,0,0,1
16,1200,3139970,0,0,1,28,6,6,1,0,0,0,16004,1,0,1
18,1000,1276555,0,1,1,21,1,1,0,1,1,0,11047,0,1,0
8,1200,2224238,1,0,0,32,13,13,1,0,1,1,40381,0,0,0
3,1200,4609223,0,0,0,43,25,25,0,0,0,2,3202,1,0,0
1,1000,2527883,1,1,1,61,42,41,0,0,2,3,23642,0,0,0
3,1200,3635756,1,0,4,53,31,30,0,0,1,0,24434,1,0,0
1,1000,2238734,1,1,1,32,10,10,0,0,2,0,22323,0,1,0
14,1500,4383994,1,1,4,66,48,47,0,0,0,1,26243,1,0,0
1,2000,1918859,0,0,0,67,47,47,0,0,1,0,28563,0,0,0
3,1200,1548925,0,0,3,39,20,20,1,0,0,0,54812,1,0,0
5,1500,4031985,1,0,1,54,34,33,0,1,0,0,39798,1,1,1
6,1500,1659934,0,0,4,27,7,6,0,1,0,4,40723,0,0,0
9,1000,2562543,1,1,1,37,17,17,0,3,0,0,33670,0,0,0
18,2500,2862210,0,0,0,49,28,28,0,1,0,0,34446,0,1,1
18,2000,3645341,0,0,4,26,8,8,0,1,0,3,7748,1,0,1
11,1000,718086,0,0,1,67,47,47,1,2,0,3,2003,1,0,0
2,1000,3064978,1,0,0,48,30,29,0,1,0,2,59863,1,0,0
12,1000,1660754,0,1,0,61,41,41,0,1,0,0,7806,1,0,0
17,1000,3741033,1,1,0,57,38,37,0,0,0,3,6155,1,1,0
7,1500,1810067,0,1,1,48,29,29,0,0,0,1,45447,1,0,0
14,1200,4686187,1,1,1,45,27,27,1,0,0,0,22872,1,0,0
0,2000,4547869,0,0,1,28,8,8,0,1,0,4,19007,1,0,1
2,1500,1730098,1,0,0,53,35,35,0,0,0,1,6971,0,0,0
7,1500,4441962,0,0,0,58,40,39,0,1,0,0,13341,0,1,0
3,1500,3646567,0,1,0,21,0,0,0,0,0,0,36499,1,0,0
15,800,1138361,0,0,1,67,47,47,0,0,1,1,41075,0,0,0
9,1200,1573452,0,1,4,31,10,9,0,0,0,3,41126,1,1,0
11,1500,2857305,0,1,3,63,43,43,0,0,1,4,52341,1,0,0
13,800,3377238,0,1,0,71,49,49,0,0,0,0,40163,1,0,0
13,800,1185641,1,0,1,46,24,23,0,0,2,3,52782,1,0,0
1,2000,3879723,0,0,1,45,24,24,0,0,2,0,33409,1,0,1
4,1500,4480541,1,0,0,42,20,19,1,0,0,1,20049,1,0,1
4,1200,4118044,0,0,4,40,19,19,0,0,1,0,51743,0,0,0
5,1500,4973511,0,1,0,50,28,27,0,0,0,1,29603,0,0,0
12,2000,3551045,1,1,1,47,26,26,0,0,3,0,28476,1,1,0
8,1200,4015618,0,1,1,26,4,4,0,1,0,3,54101,1,0,1
14,800,4308373,0,0,0,55,37,37,0,1,0,0,23221,1,0,0
13,2500,4642314,1,0,0,42,24,24,1,0,1,2,16425,1,0,1
6,1200,3033795,1,1,0,35,17,16,0,0,0,3,44325,0,1,0
19,1000,752718,1,0,0,60,40,39,0,0,1,0,59977,1,0,0
1,1200,3292304,0,1,0,24,5,5,0,0,1,0,49856,1,0,1
6,2000,1116678,1,1,4,41,20,19,0,0,0,0,33630,1,1,0
5,1000,1901049,0,0,1,57,38,38,0,1,0,0,13908,1,0,0
16,1200,4458063,1,0,3,38,20,20,0,0,2,0,10749,1,0,1
1,1000,1211300,1,1,2,72,51,51,0,1,0,0,12052,1,1,0
2,3000,4192143,0,0,1,72,51,50,0,0,3,0,10569,1,0,0
4,1000,648632,1,0,0,52,32,32,0,0,0,0,49597,1,1,0
4,1500,1937230,0,0,1,60,41,40,0,1,1,0,40950,1,0,0
0,2500,4907363,1,0,0,28,9,9,0,1,1,0,12807,0,0,0
7,1000,1114454,1,1,0,19,0,0,0,0,0,2,43735,1,0,0
11,3000,3376265,1,0,1,32,11,10,1,0,1,4,26072,1,0,0
3,2500,4679637,0,1,1,32,14,13,2,0,1,0,53867,1,0,1
12,2000,2390716,1,0,0,22,0,0,0,0,0,2,46015,1,0,1
14,1000,4715747,1,1,0,69,47,47,0,2,0,0,23887,1,0,0
10,1500,2467424,1,1,0,57,36,35,0,0,0,3,18599,1,2,0
9,2000,466449,1,1,1,33,11,10,0,0,0,0,50079,1,0,0
2,3000,4364026,0,0,4,61,40,39,0,1,0,0,4492,1,0,0
13,1000,358527,0,0,1,63,42,42,0,0,2,0,11255,1,0,0
15,2000,2019305,1,0,2,38,16,16,1,1,1,4,25955,1,0,1
9,1200,2113073,1,0,1,62,44,43,1,0,0,0,33563,1,1,0
9,1000,2158815,0,0,0,26,4,3,0,1,0,0,4611,1,0,0
11,1200,4720297,1,1,1,24,5,4,0,0,0,1,8966,1,0,0
8,2000,986423,1,0,0,44,23,23,0,0,0,3,20942,1,0,0
0,1200,4686327,1,0,0,34,16,15,0,0,0,3,59594,0,0,1
4,1500,3953042,1,0,1,19,0,0,1,0,1,3,29467,0,0,1
19,3000,4897669,1,1,4,57,37,36,0,0,1,0,44906,1,0,0
7,1200,2751501,1,0,1,43,21,21,0,0,1,0,50417,1,0,0
10,1500,4335463,1,0,4,62,42,41,1,1,0,2,32105,1,0,1
11,1200,2649110,1,1,1,25,6,5,1,1,1,0,28166,1,0,1
0,1200,4204589,0,0,0,67,45,45,0,0,1,0,23352,0,0,0
19,1500,4563402,0,1,1,62,40,40,0,0,0,0,40629,1,0,0
10,2500,1989246,0,0,3,72,54,53,0,0,2,0,49390,0,0,0
4,1500,3356911,0,0,1,57,36,35,0,0,0,4,5036,0,0,0
14,2000,3351045,1,0,1,33,11,10,0,1,2,2,8591,0,0,1
4,800,3286484,1,1,1,37,15,14,0,0,0,0,55648,1,0,0
11,1000,691755,0,0,1,49,27,27,0,0,0,1,9214,1,0,0
4,1500,1484018,1,0,0,49,31,30,0,0,0,0,31311,1,0,0
16,800,979405,1,0,0,52,30,30,0,1,1,0,26012,1,0,0
16,1200,4057252,1,0,0,32,11,10,0,0,0,4,44687,1,0,1
11,1500,2761047,1,0,0,59,38,37,0,1,2,0,54598,1,0,0
14,800,3402426,0,1,2,74,52,52,0,1,0,1,15852,1,0,1
14,1200,4940104,0,1,2,67,49,48,0,0,2,0,55137,1,0,0
5,1500,3960748,0,0,0,49,29,28,0,0,1,0,49590,1,0,1
11,1500,2378440,0,0,1,47,25,25,0,0,0,1,9048,1,1,0
19,2500,461711,1,0,0,36,14,13,1,0,0,4,14602,0,0,0
17,1500,1781558,0,1,1,41,22,21,0,0,1,4,24749,1,0,0
13,1200,4959500,1,0,1,19,1,0,1,0,1,3,29143,1,0,1
1,2500,4967959,0,0,0,38,17,16,0,0,0,3,8602,1,1,1
8,2000,1519231,1,1,4,59,41,41,0,0,1,0,20993,1,1,0
4,1000,1180111,0,0,4,33,15,14,0,0,0,3,52749,1,0,0
19,1000,3443828,0,0,0,57,35,34,0,0,1,4,20312,1,0,0
0,1500,4564704,1,0,1,56,37,36,0,1,1,0,17194,0,0,1
2,1500,4908860,1,0,0,53,31,30,1,0,1,0,10716,1,0,0
5,2000,439598,1,1,0,58,40,40,0,0,0,0,44280,1,1,0
4,1500,2862746,1,0,4,19,0,0,1,1,0,2,2493,1,0,1
4,1500,1349783,1,0,1,33,15,14,0,0,1,0,49509,0,1,0
0,3000,1431420,0,0,0,46,25,25,0,0,0,2,38234,0,0,0
16,1500,4949940,1,1,1,24,2,2,1,1,1,3,48738,0,0,1
18,1000,1747221,1,1,2,72,50,49,1,0,5,0,24743,0,0,0
13,2000,3322247,0,0,3,32,11,11,0,0,0,0,27845,1,0,0
11,1200,4081264,1,0,0,40,18,17,0,1,0,0,37891,1,1,1
9,2000,3353316,1,0,2,72,54,54,0,0,0,3,27328,1,1,0
19,2500,1950177,0,0,3,22,2,1,0,0,0,0,35116,1,0,0
17,1500,2763545,0,0,1,18,0,0,0,0,2,3,35176,1,1,1
10,1500,4965604,1,0,1,69,48,47,1,0,0,0,13548,0,0,0
1,1200,805193,1,1,0,22,1,0,0,1,0,0,47629,0,1,0
17,1200,2761627,1,0,0,30,10,9,1,0,0,0,34135,1,0,0
6,1200,4687475,1,0,1,43,25,24,0,0,0,0,16764,1,2,0
14,1500,402599,1,1,3,69,50,49,0,0,0,0,31193,1,0,0
10,2000,1746453,0,0,2,30,12,12,0,1,0,0,55517,1,0,0
17,1500,3951978,0,0,1,49,27,27,0,1,1,2,40458,1,0,1
11,1000,3752674,1,0,1,72,51,50,0,0,1,0,9703,0,0,0
5,1200,2678078,0,0,1,46,25,24,0,0,1,0,51295,1,0,0
19,2000,3294030,1,1,1,35,17,17,0,0,2,2,43450,0,0,0
12,1200,1820247,1,0,0,19,1,0,0,0,0,1,29210,1,0,0
19,1500,1519716,0,0,0,44,22,22,0,1,0,0,26881,1,0,0
15,2000,1940827,0,1,0,67,49,49,0,0,0,0,29890,1,1,0
17,1500,3259887,1,0,0,59,39,38,0,0,1,0,13805,1,0,0
9,1200,4578260,1,0,0,20,0,0,0,0,0,4,32849,0,1,1
7,2000,1014014,0,0,1,70,51,51,0,0,0,0,15729,1,0,0
17,1000,2957563,1,1,0,47,26,26,0,0,0,1,3642,1,0,0
0,3000,2712168,1,0,0,27,5,4,0,0,0,2,22366,0,0,0
7,1000,304902,1,0,4,26,4,3,0,0,0,0,59356,1,1,0
5,800,4652226,0,0,1,20,2,1,0,0,0,0,40660,1,1,1
4,2000,3401812,1,1,1,39,18,17,1,1,0,4,17266,0,0,1
14,1000,3585080,0,1,0,55,36,36,0,0,1,0,10362,1,0,0
14,1500,4312650,1,0,1,28,9,8,1,1,0,0,19402,1,0,1
1,2000,1589948,1,1,1,23,4,3,0,0,1,2,36170,1,0,0
0,2000,1930329,0,1,1,22,1,0,0,0,0,3,5421,1,0,0
10,3000,993089,1,1,0,47,28,27,0,2,0,2,50596,1,2,0
9,1200,3126935,1,1,1,31,11,11,0,0,0,0,13655,1,0,0
17,1500,1445719,1,0,4,19,1,0,0,0,1,4,18134,1,0,0
17,1000,942817,1,0,0,50,31,31,0,0,0,0,37322,1,0,0
16,1200,2625901,0,1,0,54,34,33,0,0,0,0,6683,1,0,0
7,2000,378871,1,0,0,25,5,4,2,0,0,0,50944,1,0,0
14,1200,633857,0,0,1,27,5,4,0,0,0,0,57566,1,0,0
7,1500,4797654,0,0,0,38,20,20,0,0,0,0,36365,1,0,1
16,1500,3187510,1,1,2,36,14,14,0,0,1,1,33378,1,0,0
11,1500,413682,1,1,0,52,31,31,1,0,1,0,7286,1,0,0
7,3000,1802237,1,0,0,35,15,15,0,0,0,0,20560,1,0,0
13,800,1915920,1,1,1,24,2,1,1,0,0,1,31277,1,0,0
3,1500,4038511,0,1,1,30,12,12,1,1,1,1,58208,1,0,1
0,2000,1276755,1,1,4,63,43,43,0,1,1,3,34620,1,0,0
0,1200,449479,0,0,0,67,48,48,0,0,0,0,2246,0,0,0
18,800,2868929,1,0,0,71,53,52,0,0,1,0,8295,1,0,0
15,1500,1478189,1,1,0,29,10,9,0,0,1,0,55532,0,0,0
13,1200,1077422,1,0,3,57,36,35,0,1,1,0,34680,1,0,0
15,1000,2339545,1,0,1,41,22,22,1,0,0,0,22471,1,0,0
4,2000,2101798,0,0,3,35,16,15,0,0,0,3,53418,1,0,0
8,1500,4688252,0,1,4,55,34,34,0,0,0,0,28474,1,0,0
1,2500,1174805,1,0,1,29,8,7,1,1,0,3,21803,1,1,0
17,2000,4929461,0,0,0,20,1,1,0,0,0,1,23514,0,0,1
5,1500,329974,0,0,0,42,22,22,2,1,0,0,9911,1,0,0
8,800,3323074,0,0,0,52,32,31,0,1,0,0,37076,1,2,0
0,1200,1667868,0,1,2,33,11,10,0,0,0,0,56701,1,0,0
8,1000,4868455,0,0,0,66,44,44,0,0,1,0,57058,0,0,1
15,2500,4344399,1,0,1,65,44,44,0,0,1,2,20921,1,0,0
12,1000,1457323,1,0,0,62,44,44,0,0,0,0,56135,1,0,0
8,1200,2822076,1,0,0,74,55,55,1,1,0,0,7751,0,0,0
12,1500,1512572,0,1,0,30,9,9,0,0,0,1,57409,0,0,0
8,1200,854661,0,1,1,41,20,20,0,0,0,1,44734,0,0,0
10,1000,1562328,0,0,0,29,8,7,0,1,1,3,6827,1,0,0
3,1500,1554149,0,0,1,19,0,0,0,1,0,0,7753,0,0,0
1,800,2062832,1,0,1,43,25,25,0,0,0,0,20289,1,0,0
5,800,2772405,0,0,4,63,43,42,1,0,1,0,48006,1,0,0
13,1200,709853,0,0,3,27,5,4,0,1,1,0,27787,1,0,0
3,1500,2814637,0,0,1,36,15,14,2,0,0,3,10283,1,0,1
5,1500,3407986,0,1,1,72,52,51,2,1,0,0,23382,1,0,0
18,1200,4256037,1,1,0,39,18,18,0,0,0,0,27904,0,0,0
5,1500,602417,1,0,1,41,23,22,1,0,1,3,5880,1,0,0
1,1200,967765,0,1,0,43,24,23,0,1,1,0,38515,1,0,0
17,2500,411141,1,1,0,22,2,2,0,0,0,0,54890,1,0,0
12,800,4745070,1,0,1,33,15,14,0,1,0,0,43301,1,0,1
8,1500,2517608,1,1,0,54,35,35,0,0,0,3,35582,1,0,0
18,2000,2800341,1,1,0,51,30,29,1,1,0,3,55813,1,0,0
12,2000,913749,0,0,0,55,37,36,0,0,1,0,3481,0,0,0
10,1000,2787873,0,1,3,45,23,23,0,1,0,2,40055,1,0,0
0,1200,4604463,0,0,0,29,10,9,0,1,0,4,8039,1,0,1
6,1500,2154592,1,0,0,62,43,43,1,0,0,0,50570,1,0,0
14,800,4878683,0,0,3,62,41,41,0,1,0,1,48756,0,0,1
0,2000,3647424,0,1,0,38,16,15,0,0,0,0,31911,1,0,0
11,1500,1622351,0,0,4,49,29,28,0,1,0,1,46533,0,1,0
6,1500,3184709,0,0,3,42,24,24,0,0,2,0,29104,0,2,0
14,1000,4922929,0,0,0,31,10,10,0,0,0,1,11484,1,0,1
18,1500,1399157,1,0,1,68,46,46,0,0,0,1,43444,1,0,0
0,1500,509402,1,1,4,64,45,45,2,0,0,2,21014,1,0,0
16,2000,388560,0,0,1,70,51,51,1,0,1,3,26467,1,0,0
16,800,4347128,0,0,0,52,33,32,0,0,2,0,23785,1,0,0
2,800,1254718,0,1,3,26,4,3,0,0,0,0,15417,1,0,0
11,1200,2722685,1,1,0,74,52,51,1,0,0,0,39335,1,0,0
5,1000,2866062,0,1,0,47,27,27,0,1,0,0,54828,1,1,0
10,1500,2268888,1,0,3,59,41,41,0,0,1,0,38185,1,1,0
2,2500,3254522,1,0,0,46,27,26,0,1,0,0,38919,0,0,0
7,1200,2852535,1,1,1,56,36,36,1,1,1,4,14383,1,0,0
13,2000,2545430,0,0,0,48,26,25,0,1,0,2,40439,1,1,1
13,800,4372861,1,1,1,31,11,10,0,0,0,0,50951,1,0,0
9,1000,2691633,0,0,0,34,15,14,1,0,0,0,9911,1,0,0
1,800,3646201,1,0,0,42,24,24,1,0,0,3,48706,1,0,1
13,1200,3777702,0,0,0,63,43,42,0,0,1,0,8972,1,0,0
8,2500,346939,0,0,0,74,52,52,0,0,1,0,34400,1,0,0
2,800,4245125,0,0,0,59,38,37,0,1,0,2,38409,1,0,0
7,1500,348419,1,0,0,54,33,33,1,1,0,0,2959,0,0,0
15,1200,4853361,1,1,4,44,24,24,0,0,1,3,52336,0,0,1
1,2500,1079704,0,0,1,35,13,12,0,0,0,0,28679,1,0,0
5,1000,499795,1,0,1,46,26,26,0,0,0,0,17970,1,0,0
11,1000,1996909,1,0,1,66,46,45,0,2,1,4,7350,1,0,0
4,800,2142143,1,0,4,35,14,13,0,0,2,0,33657,1,1,0
1,1200,2758389,0,0,1,21,1,0,0,0,0,3,40062,1,0,1
15,1200,809467,1,1,1,37,16,16,0,0,0,3,47459,1,0,0
4,2000,1710346,1,0,0,18,0,0,0,2,0,0,5434,0,1,1
14,1500,2133059,0,0,1,62,40,40,0,0,0,4,18837,1,0,0
11,1500,1444684,1,0,0,41,19,19,0,0,0,0,6747,1,0,0
3,1500,4045059,1,1,1,59,38,38,0,2,0,0,7478,1,0,0
14,800,3973078,1,0,0,64,45,44,0,0,0,3,34383,1,0,0
10,1200,1438812,0,0,1,41,22,22,0,0,2,0,42592,1,0,0
15,3000,1400790,1,0,0,73,54,53,0,3,0,2,8976,0,0,0
5,2000,1301494,0,0,0,22,3,2,1,0,2,0,56215,1,1,1
13,2000,3063380,0,0,1,43,21,20,0,0,0,1,39574,1,1,0
17,2000,1312593,1,0,0,35,16,15,0,0,0,3,12994,1,0,0
11,1000,3015487,0,0,0,53,33,32,1,0,0,1,28938,1,0,0
10,1000,2938868,1,0,0,18,0,0,1,0,1,4,6937,1,0,0
12,800,4864731,1,0,1,27,8,8,0,1,2,1,13991,1,0,1
10,1200,2376111,0,0,1,34,12,12,1,0,0,0,42409,1,0,1
15,1000,4957634,0,0,0,52,33,33,0,0,1,0,49490,1,0,1
14,1200,3615189,1,0,1,21,0,0,0,1,0,1,26161,0,0,1
14,1500,3652884,1,0,1,61,43,42,0,0,1,0,37195,1,2,0
3,2000,3005610,1,1,1,44,26,25,0,0,1,0,17190,1,0,0
10,1500,1753471,1,0,0,28,6,5,0,0,0,0,48306,1,0,0
18,2500,717933,0,0,0,20,0,0,0,0,0,1,26974,1,0,0
14,800,3689271,0,1,0,45,23,22,0,0,0,0,40976,1,0,0
3,800,2592326,1,0,1,28,9,8,1,0,0,4,7045,1,0,0
12,1500,2358346,1,0,1,20,0,0,1,0,0,4,48143,1,0,1
18,1200,4564464,1,0,1,73,52,52,0,0,0,1,48387,1,0,0
1,1200,3039736,1,0,0,53,32,32,0,0,0,1,12952,1,1,0
13,1200,1832872,1,0,0,20,2,1,0,0,2,0,59823,1,0,1
3,1200,4784982,1,0,0,42,21,21,0,1,0,0,2815,0,0,1
15,1500,1649356,1,0,0,29,7,6,0,0,1,0,4800,1,0,0
19,1200,1343119,1,1,0,29,10,10,0,0,1,0,7906,1,0,0
13,1500,2234116,0,1,0,66,48,47,0,0,0,4,5674,1,0,0
14,1500,1442672,1,1,1,73,54,53,0,0,1,0,40455,1,0,0
2,1200,2430587,0,0,0,70,50,49,0,0,1,0,10154,1,0,0
7,1200,2430304,0,1,1,49,27,27,0,0,2,0,54810,0,2,0
15,1000,1458196,0,1,1,57,39,38,0,2,0,0,50743,0,0,0
9,1200,4815400,0,1,1,27,5,4,0,0,0,2,26154,1,1,1
3,1500,3203222,0,0,4,65,46,46,1,2,1,0,40101,0,1,1
17,2000,4727120,0,1,0,36,15,15,0,0,0,0,43549,1,0,1
1,1500,840684,1,0,0,64,44,44,1,0,0,2,47461,0,0,0
16,1000,3093006,0,0,1,71,49,48,1,0,0,1,13481,1,0,0
12,1500,1281556,0,0,0,60,40,39,0,0,2,0,17349,0,0,0
3,1500,4271079,1,1,4,24,5,5,0,0,2,0,30651,1,1,1
10,1200,4804443,0,0,0,41,19,18,0,0,0,3,40082,0,0,1
6,1500,1240118,1,0,0,56,35,34,0,2,0,0,31441,1,0,0
11,1200,899881,1,1,1,49,29,29,0,0,1,3,16565,1,0,0
9,1500,955460,1,0,0,40,22,21,2,1,0,2,4978,1,0,0
6,1500,1180623,0,1,0,67,48,48,2,1,0,3,32807,1,1,1
12,1000,1541368,0,1,4,36,14,14,0,2,0,3,51795,1,0,1
6,1500,2991954,0,0,0,65,47,46,0,0,0,0,10797,0,0,0
16,1000,4471040,0,0,1,71,50,49,0,0,0,0,50075,1,0,0
9,800,4767436,1,0,0,20,0,0,0,0,2,0,8238,1,0,1
9,3000,3132579,0,1,0,42,22,21,0,1,0,0,50698,1,0,0
3,2500,4205926,1,1,0,42,23,23,0,0,1,0,55773,1,0,0
19,800,3036577,0,0,0,23,1,1,0,1,3,1,36271,1,0,1
3,1200,4595775,1,0,0,50,32,31,0,0,0,1,27840,1,0,0
6,1000,4901343,1,0,4,50,28,27,0,0,2,1,58119,1,0,1
0,1200,2332691,0,1,1,32,14,13,0,0,0,0,33533,0,0,0
11,2000,545131,0,0,1,37,18,17,0,0,1,0,13678,0,1,0
12,2500,1851010,1,0,0,60,39,39,0,1,1,0,44816,1,0,0
9,1500,1119901,0,1,0,59,38,37,0,0,0,0,3252,1,1,0
14,1200,3416308,1,0,1,49,27,26,0,0,0,0,5540,1,0,0
12,1500,1868340,1,0,1,41,19,18,2,2,3,2,21628,1,0,1
8,1200,2469524,0,1,0,20,0,0,1,1,0,3,17402,1,0,1
8,2500,2356212,1,0,0,21,3,3,1,0,0,0,43926,1,0,0
14,2000,4013422,0,0,0,61,41,40,0,0,0,0,33119,1,0,0
9,1500,2747050,1,1,0,23,5,4,1,0,4,1,48673,1,0,1
9,1200,2670001,1,0,1,74,55,54,0,1,1,0,47396,1,0,0
7,1200,2221919,1,0,0,69,47,47,0,0,0,0,31511,1,0,0
15,800,538750,1,1,0,36,18,17,0,1,2,2,58116,0,0,0
16,2000,392469,1,0,1,43,22,22,0,1,1,0,53129,1,0,0
4,1200,3349975,0,1,0,65,46,45,1,0,1,1,42228,0,0,0
3,1200,1348372,0,0,1,42,21,20,1,0,0,0,42468,1,0,0
17,1200,750470,0,0,3,72,53,52,1,0,0,0,18841,1,1,0
18,2000,4015334,0,0,0,42,24,24,0,0,0,4,47303,1,0,0
3,1000,4224439,1,0,1,27,6,5,0,0,2,1,49651,1,0,0
6,2000,957574,1,1,0,55,37,37,1,0,0,0,32775,1,1,0
9,2000,1605753,1,0,0,37,17,16,0,0,0,4,8690,1,1,0
17,2500,4568374,1,0,1,22,3,2,0,0,1,0,45946,1,0,1
18,1200,1252732,0,1,1,59,37,37,1,1,1,0,24521,1,0,0
3,1000,3621496,1,0,1,61,40,39,0,0,0,4,29868,1,0,0
9,1200,4759703,1,1,2,67,49,48,0,0,0,3,11329,1,1,0
0,1200,3304062,1,0,0,52,31,30,0,1,1,0,41040,1,0,0
17,1000,3997857,1,0,1,22,4,3,0,0,0,2,44542,0,0,1
4,1500,3975350,1,0,1,52,32,32,0,0,1,0,11102,1,0,0
14,1200,4337294,0,0,0,20,0,0,0,0,0,0,37788,1,0,1
16,2000,864810,1,0,4,58,37,37,0,1,0,1,17112,1,0,0
2,800,2043644,0,0,0,49,28,27,1,0,2,0,11187,1,0,0
11,1500,3379806,1,0,1,53,35,35,0,0,0,2,53019,0,0,0
1,2000,1228226,0,1,1,47,29,28,1,1,1,0,47576,0,0,0
0,2000,758696,0,0,1,69,48,47,1,0,2,0,22358,0,1,0
16,2000,423935,0,1,0,66,46,46,0,0,1,0,12832,0,0,0
15,1500,316029,1,0,0,56,35,34,0,1,1,3,23161,1,0,0
4,2500,4210973,1,0,0,46,27,26,0,1,0,2,45716,0,1,1
14,1200,543533,0,0,1,43,24,24,0,1,0,3,26837,1,0,0
2,1500,1686227,1,0,0,62,41,41,1,0,2,4,55927,1,0,0
6,800,2907005,1,1,1,42,22,21,0,0,0,0,45674,1,0,0
10,800,3683376,1,1,0,73,55,54,0,0,1,0,9973,0,1,0
9,1000,388499,0,0,0,29,11,10,1,0,1,0,3863,0,0,0
8,1000,925671,1,0,0,35,14,13,1,0,0,0,55120,0,0,0
13,1200,3584927,0,1,1,71,49,48,0,1,0,0,58418,1,0,0
12,1000,4470746,0,1,1,43,25,25,0,0,1,4,20048,1,0,1
1,800,740998,1,0,0,32,13,12,0,1,1,3,35805,1,0,0
2,2500,2356971,1,0,0,22,3,3,1,0,1,0,44104,1,2,1
6,800,3038641,1,0,4,73,51,51,0,1,1,0,3714,1,1,0
17,1500,4428226,1,1,0,50,28,27,2,0,0,4,42561,1,0,1
2,1000,341284,1,1,1,58,39,38,0,1,1,1,56582,1,0,0
9,2500,4442106,1,0,1,26,5,5,0,1,0,0,15421,1,0,1
6,2000,3044996,0,0,0,49,28,27,0,1,0,0,21003,1,0,0
8,1500,3501005,0,1,1,30,9,9,0,0,1,0,4321,1,0,0
16,1500,1363892,1,1,4,60,41,41,0,1,1,0,9514,1,1,0
10,800,4176827,0,0,3,45,23,22,0,0,3,3,36635,0,0,1
6,3000,4194816,0,0,1,40,20,20,0,1,0,0,3957,1,0,1
13,2000,3412001,1,0,1,41,22,22,0,0,0,0,20815,1,0,0
18,2000,2581973,1,0,0,58,39,38,0,0,1,0,15731,0,1,0
3,1500,3753726,0,0,0,48,30,29,0,0,0,0,7887,1,0,0
5,1200,4366136,0,0,0,22,1,0,0,1,0,1,51031,0,0,1
9,2000,2506948,0,1,4,63,45,45,0,0,1,0,14134,1,0,0
6,1200,3393622,1,1,0,65,46,45,0,0,0,0,59838,1,0,0
12,1500,3378212,0,0,0,19,0,0,0,0,0,0,17558,0,0,0
13,800,642679,0,1,0,64,45,44,1,2,1,0,41170,1,0,0
3,2500,3073212,1,1,0,47,27,26,1,1,1,0,58839,1,1,0
7,1000,3211217,0,0,0,66,48,47,1,1,0,1,46317,1,0,1
4,1000,537497,1,1,0,22,0,0,0,1,0,4,12023,1,0,0
0,1500,3207639,1,0,1,73,52,51,0,0,0,2,14327,1,0,0
3,2000,711858,1,1,1,27,6,6,0,1,0,0,40442,1,1,0
2,1500,4154102,0,0,1,64,44,43,0,0,2,1,40235,0,0,0
8,1000,751490,0,0,0,69,51,51,1,0,0,0,42298,0,1,0
7,800,3842590,0,0,1,53,32,32,0,1,0,0,7202,1,0,0
0,2000,3065685,0,0,1,53,34,34,0,0,0,4,11362,0,0,0
5,3000,2928465,1,0,0,73,55,54,0,0,0,4,58084,1,0,0
8,2000,839141,0,1,0,24,3,3,1,0,0,3,19860,0,0,1
6,1200,4151511,0,0,2,46,28,27,0,0,1,0,23784,1,0,0
3,2500,1849085,0,0,1,49,29,28,1,0,1,2,45760,1,0,1
12,1200,4720864,1,0,0,44,22,21,1,0,2,0,57004,1,0,1
16,1500,704542,0,1,0,18,0,0,0,0,0,4,5856,0,0,0
1,1200,696679,1,0,1,71,53,53,0,0,1,0,9806,1,0,0
4,1200,4259323,0,0,1,37,17,16,0,0,0,1,56676,1,0,0
11,2000,3044736,0,1,4,51,30,30,0,2,0,0,6545,1,0,0
7,1500,3427348,0,1,1,68,49,49,1,1,0,0,27483,1,0,0
5,1200,2935515,1,1,0,53,35,35,0,1,1,0,12421,1,0,0
7,1200,2702611,1,0,1,43,25,24,0,1,0,0,34124,1,0,0
17,800,1451821,1,0,0,40,19,18,0,0,0,3,40146,1,0,0
2,1500,4691809,0,1,0,50,31,31,0,0,0,3,19260,1,0,0
11,1000,2765844,0,1,0,18,0,0,1,0,1,0,52490,1,0,0
2,1000,1611325,0,1,0,20,0,0,0,1,2,0,9523,1,0,0
5,1500,2040381,1,0,2,67,49,49,0,0,0,0,2319,1,0,0
1,1500,2696611,1,1,1,52,31,31,1,2,2,0,4140,1,0,0
11,2000,3716524,1,0,0,52,30,29,0,0,0,2,14122,1,0,1
1,1500,1857254,1,0,1,30,9,9,0,0,0,0,48900,1,1,0
5,2000,2298309,0,0,1,50,30,30,0,1,1,0,36553,1,0,0
16,2500,3345186,0,1,3,30,12,12,2,0,1,0,49950,1,0,1
2,2000,1790893,0,0,3,39,19,19,0,0,0,3,50139,1,0,0
1,1500,3828051,1,0,0,73,55,54,0,2,0,4,43838,1,0,1
19,1200,1565598,1,1,3,22,4,4,0,0,0,0,47806,1,0,0
7,3000,3277023,1,0,0,34,12,12,0,0,0,1,54193,1,0,0
11,1200,1779716,0,0,0,60,39,38,0,0,0,3,49939,0,1,0
3,1000,1675378,0,1,0,27,6,5,0,1,0,0,11231,1,0,0
4,1200,3314266,1,1,0,72,50,49,1,0,0,0,4660,1,0,0
12,800,986342,1,0,2,44,22,22,0,1,1,0,42932,1,0,0
14,3000,3862934,0,1,1,32,13,13,1,1,2,0,38154,1,0,1
15,1500,2402530,0,0,1,62,42,41,0,0,0,0,57241,1,0,0
9,1500,1132834,1,1,4,59,41,40,1,0,0,0,47585,1,1,0
15,1500,1256945,0,1,0,26,7,6,1,0,1,3,45718,1,0,0
11,1200,3910924,1,0,0,24,3,3,0,0,0,3,8402,1,0,1
16,800,1635780,0,1,1,74,55,54,0,0,0,3,30324,1,0,0
15,1500,3389571,1,0,3,27,6,5,0,0,0,2,39928,1,0,1
11,1500,1739054,1,0,4,58,36,36,1,0,1,2,21553,1,0,0
7,1200,2490256,1,1,0,30,12,11,0,0,0,2,32199,0,0,0
19,2000,3206349,1,0,2,33,15,15,0,1,0,3,43597,0,1,1
2,1000,789554,1,0,2,51,33,33,1,0,1,0,29156,1,0,0
15,1000,4859097,0,0,0,25,3,3,0,0,1,2,56204,1,0,1
12,1000,3716046,1,0,1,48,27,26,1,0,2,3,20950,1,0,0
18,1200,950806,0,1,0,72,50,50,0,0,0,1,23891,1,0,0
7,2000,2023034,1,1,0,45,27,27,2,1,1,3,41446,1,1,1
4,2000,2731878,1,0,3,24,6,6,0,0,2,0,43501,1,0,0
19,1200,435258,0,0,1,51,33,32,0,0,0,0,6917,1,0,0
7,1500,2767453,0,0,1,50,29,28,0,0,0,1,57114,1,0,1
11,1500,1331306,1,0,2,21,0,0,0,2,1,0,20456,1,1,1
0,1000,4010468,1,0,0,72,53,52,0,1,1,0,4314,1,0,0
19,1000,3436065,0,0,0,55,36,35,0,0,0,4,48403,1,0,0
5,3000,3736142,1,0,0,43,23,23,0,0,1,2,48597,0,0,0
17,1500,2108745,0,0,1,19,0,0,0,2,0,0,13167,0,0,1
7,3000,2945834,1,1,3,49,27,26,0,1,2,0,23115,0,0,0
6,1200,673254,1,1,1,56,35,34,0,0,0,0,20691,1,1,0
0,1500,3344749,1,1,4,59,40,39,0,1,1,4,31832,0,0,0
15,1000,2125100,0,0,1,58,40,40,0,0,0,4,4858,1,1,0
11,1200,487708,1,1,1,19,0,0,1,0,0,0,53311,1,0,0
5,1500,2858514,1,1,1,43,24,23,0,0,0,0,52569,1,1,0
19,1200,335241,0,1,2,64,45,45,0,0,0,1,14607,1,0,0
1,1000,3974820,0,0,0,44,24,23,0,0,0,1,25579,1,0,0
13,1200,3348714,1,0,0,32,12,11,0,0,1,0,51328,1,0,0
3,800,4551754,0,0,0,38,18,17,0,1,1,0,59713,0,0,1
0,1500,1117766,0,0,3,65,43,43,0,2,0,3,49998,1,0,0
17,1200,1805326,1,1,4,44,24,24,0,0,1,0,17278,1,0,0
12,800,887740,1,0,0,51,29,28,0,1,1,0,42735,1,0,0
1,1000,1071736,0,0,4,66,45,44,0,0,1,3,41799,1,0,0
8,1000,1748303,1,0,1,28,7,7,1,0,2,2,56068,1,0,1
1,1500,2044901,1,0,1,40,20,19,0,1,0,2,25973,1,0,0
8,800,4009456,0,1,2,67,46,46,0,0,2,1,38779,1,0,0
0,2000,625262,1,0,1,39,18,17,1,0,0,0,44549,1,0,0
10,800,3530991,0,0,1,40,22,22,1,1,0,3,21920,1,0,1
2,1000,2523927,1,0,0,18,0,0,0,1,1,0,33606,1,0,1
19,2000,1397793,1,0,0,29,9,9,1,0,1,0,42849,0,1,0
3,1500,3500468,1,1,1,42,23,23,0,0,0,0,8086,1,0,0
17,800,2346282,1,1,0,23,4,3,0,0,1,0,56541,1,0,0
5,2000,1945073,0,0,1,67,46,45,1,0,1,0,52527,0,0,0
2,1200,4532792,0,1,1,66,47,47,0,1,0,0,42298,1,1,0
10,2000,4792725,1,0,1,66,48,48,0,0,1,0,27786,1,0,0
14,1500,1524689,0,1,1,51,31,31,0,1,0,2,45465,1,0,0
4,1500,2138542,1,1,4,45,27,27,0,0,1,0,49988,1,0,0
19,3000,501744,1,1,0,42,22,22,0,1,0,4,33155,1,0,0
9,1000,1871697,1,0,1,35,13,13,2,0,0,2,11178,1,0,0
11,1500,4604081,1,0,2,64,44,44,0,0,0,3,7567,1,1,0
14,1200,1874498,0,1,0,18,0,0,0,1,1,3,12216,1,0,1
16,800,3724780,1,1,0,49,28,27,0,0,1,0,45048,1,0,0
9,800,2811678,1,0,1,46,27,26,1,0,0,3,16981,1,0,0
5,1000,1153690,1,0,1,37,18,18,0,0,0,0,4240,1,0,0
17,1500,3650947,0,0,0,63,45,45,0,0,0,0,8688,1,0,0
12,1500,3114084,0,1,0,30,11,10,0,0,1,0,58713,1,0,0
2,1500,1155832,0,0,1,74,53,52,1,1,0,0,43393,0,0,0
9,800,3643403,1,1,0,29,10,9,0,2,1,0,29601,1,0,1
13,1200,2619736,0,1,1,25,3,3,1,0,0,4,12665,0,0,1
5,2500,2632966,1,0,1,56,36,35,0,0,1,1,35854,0,0,0
2,1200,4610411,1,0,1,25,3,3,0,0,1,0,16159,0,0,0
15,1500,936724,0,1,0,35,15,14,0,0,0,0,59482,1,0,0
6,2000,593275,1,0,1,38,16,16,0,1,0,0,11426,0,0,0
19,2000,3859330,1,0,1,45,26,26,0,1,0,2,21035,1,0,1
13,1500,1791573,1,0,3,48,29,29,1,0,0,0,14160,1,1,0
8,2000,623904,1,0,1,32,11,11,0,0,1,3,34997,1,1,0
14,1200,4999266,1,0,1,56,34,34,0,0,0,0,38503,0,0,0
2,2000,1678090,1,1,0,50,30,29,1,0,0,0,28462,1,0,0
1,1000,4548774,1,1,2,55,35,35,0,1,2,0,51454,1,0,1
1,1200,4809731,0,1,0,40,21,20,1,1,0,4,49774,1,0,1
2,800,954551,0,0,1,33,14,13,0,0,1,2,9546,1,0,0
17,2000,1863209,0,0,0,41,22,21,0,0,1,0,25114,0,0,0
13,1200,4627729,0,0,0,38,16,15,0,2,0,1,54236,1,0,1
19,1000,2673174,0,0,0,63,43,43,0,0,0,1,10485,1,1,0
17,1000,3978219,1,0,0,25,3,3,0,0,1,3,22803,0,0,0
9,2500,3481653,1,0,0,59,39,39,0,0,1,0,14696,1,0,0
1,2000,4077946,0,0,0,34,14,14,1,0,0,0,39567,1,0,0
0,1500,2283420,1,0,0,32,11,11,0,0,0,0,11897,1,0,0
3,1500,3662578,1,0,0,31,12,11,0,2,0,0,30845,0,1,1
13,1200,475666,1,0,1,37,15,15,0,0,0,0,50656,1,1,0
0,1200,1132767,0,0,1,49,27,27,0,0,1,0,53717,1,2,0
13,2500,3175632,0,1,0,28,9,8,1,0,0,1,56307,1,0,0
15,1000,2896556,1,0,1,55,33,32,0,0,0,3,21162,1,0,0
13,1200,1699681,1,0,1,49,28,27,0,1,0,0,44056,0,0,0
19,1200,2431875,0,0,0,21,0,0,0,0,2,0,31646,1,0,1
2,1200,3975007,1,0,0,46,26,25,0,2,0,4,37896,1,0,1
2,1200,1838954,1,1,0,22,3,3,0,0,1,0,7649,0,0,0
8,1500,1254337,1,0,3,60,41,40,0,0,2,0,38796,1,1,0
5,1000,4508067,0,1,2,29,8,8,1,0,0,0,16206,1,0,1
12,1500,4939475,1,0,0,60,38,38,0,0,0,0,13058,1,2,1
1,1000,2029112,1,0,1,67,47,46,1,0,1,1,19782,1,0,0
7,1000,4679222,1,1,1,56,38,38,0,0,0,3,56185,1,0,0
1,800,1462753,0,1,0,74,54,54,0,0,0,0,24093,1,0,0
3,2000,3088306,0,0,2,40,20,19,1,0,1,0,48620,1,0,0
14,1200,3115836,1,1,0,50,28,28,1,0,0,1,34129,1,0,0
3,1500,3075939,0,0,1,33,15,14,2,0,0,3,52819,1,0,1
12,1500,1911256,1,0,1,67,46,46,0,0,0,2,39895,0,0,0
11,1500,2980430,1,1,1,61,39,38,0,0,0,1,54551,1,0,0
12,1200,1792644,0,1,1,28,9,8,1,0,1,2,2504,1,0,0
13,1200,4378461,1,0,1,25,7,7,0,0,1,0,28710,1,1,1
19,1200,3262364,1,1,0,50,31,30,0,1,0,0,14571,1,0,0
17,1500,1327588,1,0,0,65,47,47,1,0,0,0,23217,1,0,0
5,1200,1569646,0,0,3,51,32,32,1,0,0,0,19590,1,1,0
10,2000,2420688,0,1,1,38,16,16,1,0,0,0,59859,1,1,1
1,2000,3271330,0,0,2,55,37,36,2,2,1,0,16487,1,0,1
18,1000,2640633,0,0,1,34,13,13,0,0,0,1,3415,1,0,0
18,1000,1562379,0,0,1,66,44,43,1,1,0,0,12176,0,0,0
4,1500,4705749,1,1,1,51,33,32,0,0,0,4,22559,0,0,1
18,1200,2640921,0,0,0,68,49,48,1,0,1,1,17255,1,0,1
1,800,1882639,0,0,1,58,38,38,0,0,1,3,23308,1,0,0
9,2000,1020241,1,0,2,20,2,2,0,1,1,0,59369,1,0,1
1,1000,2918778,1,1,4,41,19,18,1,0,0,1,32283,1,0,0
10,2500,4858789,1,1,1,39,20,20,0,0,0,0,3899,0,0,0
17,1500,3240747,0,1,0,27,5,4,0,4,0,0,48910,0,0,1
14,2000,1557410,1,1,2,22,3,2,2,0,1,1,29518,1,1,1
8,1000,3568591,1,0,1,58,36,36,0,0,0,1,31107,1,1,0
18,1000,1292179,1,0,3,48,30,29,0,0,0,0,3580,1,0,0
8,1500,4408099,1,0,1,41,23,23,0,2,0,0,57569,0,0,1
2,1000,4373091,0,0,3,63,45,44,0,0,0,0,3145,1,0,0
8,1200,355700,1,0,0,28,9,9,0,0,1,1,9479,0,0,0
13,1200,2923979,1,1,1,68,47,47,0,0,0,0,18206,1,0,0
18,1000,3030049,0,0,0,72,50,50,0,0,0,3,12403,1,0,0
6,1000,2213743,0,0,1,65,44,43,0,0,0,0,17193,1,0,0
15,2000,4658534,1,0,1,31,10,10,1,0,1,3,21237,0,0,1
15,1000,1930688,1,0,0,63,42,41,0,1,1,1,56453,1,0,0
0,800,2635496,0,0,1,21,1,1,0,0,1,4,41753,0,0,1
3,1500,1601732,1,1,0,25,3,3,0,0,1,0,48487,1,0,0
3,3000,1098713,0,0,0,24,4,3,0,1,1,2,21092,1,0,1
6,1200,4902640,1,0,0,52,30,29,0,0,0,0,51862,1,0,1
7,1000,834234,1,1,1,72,52,51,0,0,0,0,34940,1,0,0
16,1500,1996992,1,0,0,49,27,27,1,0,0,0,23870,1,0,0
4,2500,1374687,1,1,0,39,21,21,0,0,0,0,32893,1,1,0
6,2000,2056332,0,0,0,39,18,18,1,0,1,1,15237,1,0,0
19,1500,1321815,0,1,0,63,44,44,0,1,1,3,33008,1,0,0
19,1200,4789738,0,0,0,60,39,39,0,1,0,0,4452,0,0,0
3,1500,1051500,0,0,1,43,21,21,1,1,1,4,57231,1,0,1
5,800,2874540,0,0,1,68,49,49,0,2,1,0,37732,1,0,1
6,1500,3457529,0,0,4,53,32,32,0,0,0,0,40193,1,0,0
17,1500,2788638,0,1,0,46,24,24,0,1,2,0,26200,1,0,0
4,2500,454782,1,0,3,21,0,0,1,0,1,4,57612,1,0,0
19,1200,3018597,1,0,0,48,26,26,1,0,0,0,57927,1,0,0
2,800,1230569,0,0,0,39,19,19,1,2,0,0,42699,0,0,1
6,1500,1935410,0,0,0,74,54,53,0,0,0,1,42051,1,1,0
13,1500,3277350,0,0,0,70,52,51,1,1,2,1,11265,1,0,0
6,2000,3803236,0,0,1,25,6,6,0,3,1,0,14315,1,1,1
4,1000,1423243,1,0,1,38,18,17,0,0,1,3,43711,1,0,0
4,1200,2214851,0,0,3,32,10,10,0,0,0,0,46614,0,1,0
1,1500,4760157,0,1,4,65,44,44,0,0,1,0,26440,1,0,0
5,1200,543291,1,0,1,71,53,52,1,0,1,0,30822,1,0,0
14,2000,3269841,0,0,1,71,50,50,0,2,0,0,53766,0,0,1
9,1200,2625954,1,0,1,21,0,0,2,0,0,4,19020,1,1,1
6,2000,4110503,0,1,3,59,40,39,0,1,2,0,55093,0,0,0
4,1500,3166292,0,0,1,22,1,0,1,1,2,1,38120,1,1,1
0,2000,2433283,1,0,0,53,34,33,1,2,0,4,19934,1,0,0
12,1200,3006383,1,0,1,19,0,0,0,0,0,3,18986,1,0,0
17,2000,3791609,1,0,0,67,46,45,0,0,1,0,58322,0,0,0
12,1200,1005195,1,0,1,25,4,4,2,0,0,0,41673,1,1,1
17,1500,4745571,1,1,3,64,43,43,0,0,2,2,40289,1,0,0
4,1000,3206699,1,0,1,21,0,0,0,1,1,0,14104,0,1,1
12,1200,1341616,0,0,4,30,10,10,1,0,0,0,54932,1,0,0
3,1200,2913864,1,1,3,31,11,11,1,1,0,3,31823,1,0,1
16,1200,3492811,1,0,0,26,4,4,0,1,4,1,35624,0,0,1
2,2500,745278,0,0,0,45,27,27,0,0,0,4,47390,1,0,0
16,1000,2968622,0,0,0,55,37,37,0,0,1,4,16971,1,0,0
10,2000,4622291,0,1,3,29,10,10,0,0,2,0,22942,0,1,0
19,3000,1088449,0,0,0,45,23,22,1,1,1,1,42079,0,0,1
3,800,3507580,1,0,1,30,12,11,1,0,0,1,38581,0,1,0
1,1500,4725864,1,0,1,38,19,19,0,1,1,0,43111,0,1,1
19,1200,454147,1,0,1,72,51,51,0,1,0,1,44788,1,0,0
15,800,4500835,0,0,0,55,34,34,0,1,2,0,19997,0,0,0
17,1200,3319322,1,1,0,69,51,50,0,0,2,3,45504,1,0,0
7,2500,3666117,0,0,0,43,24,24,0,0,0,4,38830,1,0,0
2,800,1654743,1,1,1,42,23,23,0,0,0,0,20206,1,0,0
8,1500,3612036,1,0,0,39,19,19,0,0,2,1,21561,1,0,0
19,1500,1388599,0,1,2,68,50,50,0,1,1,1,24955,1,1,0
5,2000,1844016,0,1,0,69,49,48,1,0,0,0,40293,0,0,0
9,800,4236396,1,0,1,69,47,46,1,0,1,0,35964,1,1,1
9,1500,467696,1,0,4,25,6,6,0,0,0,3,38436,1,0,0
12,1500,2347542,1,1,1,54,34,34,0,0,2,0,57930,1,0,0
16,1500,3082612,1,0,0,57,38,38,0,0,1,2,19184,0,1,0
8,2500,2595120,0,0,2,62,40,40,0,0,0,1,10416,1,0,0
16,2000,667253,1,1,0,73,53,53,0,1,1,2,58286,1,0,0
8,800,1262200,1,0,0,39,17,16,0,0,0,0,22412,1,0,0
8,1200,950970,0,0,0,30,11,10,0,0,0,3,36909,0,0,0
0,1200,4440762,1,1,0,54,35,34,0,0,0,0,31327,0,0,0
1,1200,849229,1,0,1,31,10,9,0,0,1,4,48218,1,1,0
15,1200,1974213,1,0,1,35,16,16,0,0,1,0,35080,1,0,0
0,1200,4946867,1,0,0,64,43,42,0,1,1,0,49523,0,0,1
9,1200,3609825,1,0,0,50,28,27,1,1,0,0,51396,1,0,0
17,3000,4243811,0,1,0,24,6,6,1,1,0,0,25790,1,0,1
7,800,791564,0,1,0,27,5,5,0,0,0,3,37876,1,0,0
10,2500,4322540,1,0,0,47,26,26,0,1,1,0,37545,0,1,1
1,1200,514326,0,1,0,72,54,53,1,0,0,3,31092,1,0,0
7,1500,1544634,1,0,1,51,30,30,0,0,1,1,6363,1,0,0
7,2000,3269142,1,1,1,62,43,42,0,0,2,1,13565,0,0,0
16,1200,1461360,0,0,0,20,0,0,1,0,0,3,35323,1,0,1
14,1200,4860837,1,0,4,57,39,39,0,0,1,0,12819,0,0,0
16,1200,1158802,1,0,0,29,8,8,0,1,0,0,24779,0,0,0
12,1200,2805423,0,0,1,53,33,32,0,0,1,2,41638,1,0,0
18,2500,2268480,1,0,0,70,50,49,0,0,1,0,20163,1,0,0
4,2000,2079081,1,0,1,48,26,26,0,0,0,0,42484,1,0,0
11,1000,4469276,0,1,1,40,18,17,0,0,0,1,27110,1,0,0
0,1000,1111447,0,1,1,25,7,6,1,0,0,0,32431,1,0,0
4,1200,4745246,0,1,0,18,0,0,1,0,0,1,33850,1,1,1
7,800,4199013,1,0,0,72,53,52,0,1,0,0,43490,1,0,1
12,1500,2154424,1,0,1,52,34,33,0,1,0,0,6220,0,1,0
7,1000,1421756,1,0,1,64,46,46,0,2,1,0,56961,1,0,0
10,1500,1684909,1,0,0,32,14,13,0,0,0,0,44707,1,0,0
0,800,2739248,1,0,0,70,48,48,0,0,1,0,39382,0,1,0
12,1200,4977953,0,0,0,45,27,26,0,0,0,0,56894,0,0,1
18,1500,2975102,1,0,0,29,8,8,0,0,0,0,25025,1,0,0
2,1200,3128477,1,1,0,18,0,0,0,0,0,0,45039,1,0,0
16,3000,4637589,1,1,0,28,9,8,0,0,0,1,28566,1,0,0
4,2000,3101499,0,0,1,68,50,50,0,1,1,0,28919,0,0,0
19,1200,3112295,0,0,1,54,32,32,0,1,2,0,44501,1,0,1
7,800,663688,0,0,1,66,44,43,0,0,1,3,12143,0,0,0
13,2000,4641178,1,0,1,19,0,0,0,1,1,0,22779,1,0,1
3,2500,512730,1,0,1,62,44,44,0,1,2,0,5888,1,1,0
10,2000,1540294,1,1,1,52,34,34,1,0,3,2,39594,1,0,0
19,1000,780405,0,0,4,62,44,44,0,0,0,0,53409,1,0,0
14,3000,1654108,1,0,1,25,3,3,0,0,0,0,8195,0,0,0
18,1200,4135688,1,0,1,48,30,29,1,2,0,0,24871,1,1,1
6,1500,1170376,1,0,3,38,16,15,0,0,0,0,3058,0,2,0
18,2500,1288033,1,0,0,70,48,48,1,0,0,2,9930,1,0,0
18,1000,4263407,1,0,1,62,41,40,0,1,0,0,35751,1,0,0
10,2500,943933,1,0,0,20,0,0,0,1,0,1,11619,0,2,0
4,1200,1745005,1,1,2,42,20,20,0,0,1,0,58618,1,1,0
4,3000,1457235,1,0,1,58,38,37,0,0,0,3,55044,1,0,0
7,1200,3082007,1,0,1,45,24,23,0,3,1,3,38075,1,0,1
9,2500,3779616,0,1,1,45,25,25,0,0,0,0,55173,1,1,0
5,800,702860,1,0,1,19,0,0,0,0,0,1,13599,1,0,0
14,1500,1990305,0,0,1,25,6,5,0,0,0,3,40034,1,0,0
15,1500,1198477,1,0,4,18,0,0,0,1,0,0,42053,1,0,1
16,1200,2670559,1,1,0,38,18,18,0,1,0,1,54816,1,0,1
7,1000,3118353,0,0,3,32,10,9,0,2,1,4,50969,0,0,1
7,1500,4350215,0,0,1,72,54,53,0,0,2,0,17426,1,0,0
8,1000,2021894,0,0,0,25,7,6,0,0,0,2,34559,1,0,1
1,1500,1021768,1,1,0,57,36,36,1,1,0,2,52791,1,0,0
14,1200,2176136,1,0,0,39,17,16,0,0,1,2,26657,1,0,0
17,2500,911786,1,0,3,56,36,35,0,1,0,4,47303,1,0,0
2,800,604707,1,1,0,37,18,17,0,1,0,2,23365,1,0,0
16,1000,2781748,1,0,0,30,12,12,0,0,1,4,44906,1,0,0
3,1000,637606,1,0,1,43,23,23,0,1,2,0,56851,1,0,0
3,1200,1069155,1,1,0,56,38,37,1,1,1,1,21838,1,0,0
13,1000,1191641,0,0,1,24,5,5,1,0,0,0,44796,0,0,0
8,1200,2958650,0,1,0,74,55,55,2,1,1,2,24257,1,0,1
8,2000,2265776,1,0,4,28,6,6,1,0,0,0,54156,1,0,0
17,1500,3573438,0,0,1,48,28,27,0,0,0,0,57330,0,0,0
9,1500,4511964,0,0,2,51,31,30,0,1,1,0,24145,0,0,0
3,800,4304249,1,0,1,28,7,7,3,0,0,0,15705,1,0,1
11,1500,3266046,1,0,0,41,20,20,0,0,0,0,43342,1,1,0
7,1000,4892328,0,1,3,42,23,23,0,0,2,2,17724,1,0,1
1,2000,2491300,1,0,0,68,46,46,2,0,0,1,49635,1,1,0
12,1200,3617299,0,1,0,73,53,52,0,0,0,0,36036,1,0,0
15,1200,4915535,1,0,0,50,28,28,0,0,0,0,57518,1,0,1
1,1200,4527655,1,1,1,46,27,26,0,1,0,3,18058,1,0,0
10,2000,2387444,0,0,0,38,19,19,0,0,0,3,6715,1,0,0
9,1000,3829231,0,0,1,66,45,45,0,0,2,3,43316,1,0,1
14,1500,4568978,1,0,4,50,29,29,0,1,1,4,20800,0,0,0
16,1000,4207087,0,0,1,62,42,41,0,1,0,3,11464,0,1,0
7,1500,2761595,1,0,0,23,1,1,1,0,0,1,51018,1,0,0
17,2500,3408941,0,0,1,54,35,34,1,0,1,0,23316,1,0,1
8,1200,4859287,0,1,3,70,49,49,0,1,1,0,17249,1,0,0
7,1200,4008655,1,1,0,19,0,0,0,0,0,0,14627,1,0,0
13,2500,2199044,1,1,0,59,40,39,0,1,1,3,4628,0,0,0
17,1500,1695943,1,0,0,47,25,25,0,0,0,0,9205,0,0,0
19,1200,4562287,1,1,1,74,56,55,1,0,0,3,33762,1,1,1
19,1500,4620468,1,0,1,45,27,27,1,1,0,0,17214,1,0,1
11,1500,684571,0,0,1,49,28,27,0,0,0,0,59096,0,0,0
18,1000,3944092,1,0,1,70,52,51,0,0,1,0,31810,0,0,0
13,2000,3725546,1,0,1,68,49,48,0,1,0,0,32865,1,0,0
16,1200,574557,0,0,1,44,23,22,0,1,2,0,44660,1,0,0
2,800,4025002,1,0,1,56,34,34,0,0,1,1,52300,1,0,0
6,2000,3100449,1,0,0,39,19,18,0,0,0,2,48655,0,1,1
16,1200,3125597,1,1,0,32,14,13,0,0,0,0,14399,1,0,0
11,1000,3206655,0,1,0,60,42,41,1,0,0,4,47122,1,0,0
8,1500,3358487,1,0,2,55,34,34,0,0,1,0,30920,1,1,0
14,2000,2257124,0,0,1,54,35,34,1,1,0,1,51627,1,0,1
17,2000,4314466,1,1,0,53,35,35,0,0,0,1,55744,1,0,0
12,2500,2140221,0,0,0,55,33,33,0,1,0,3,36946,0,0,0
7,2000,2985255,0,1,1,24,5,4,0,0,0,1,58716,1,0,1
13,800,3520794,0,1,0,48,30,29,0,0,0,0,39963,1,0,0
7,1200,3755000,1,0,0,61,43,43,2,2,0,2,7741,1,0,1
13,2000,2467652,1,0,0,47,25,25,0,0,0,3,21068,0,0,0
6,1200,4546644,0,1,0,31,13,12,0,0,0,3,52436,1,0,1
11,1500,1477798,1,1,0,73,54,53,0,1,0,0,47263,1,0,0
10,1500,4043301,1,0,0,51,31,31,0,0,0,0,14906,0,0,0
10,1200,1283886,0,0,1,69,49,48,0,0,0,1,47842,1,0,0
12,2500,708092,0,0,4,44,26,26,1,0,0,4,12184,1,0,0
17,1500,3132015,1,0,0,40,19,18,0,0,1,1,40589,1,0,0
1,1200,3104188,0,1,0,20,1,1,1,0,0,0,58137,1,0,1
14,3000,4512566,0,1,0,22,2,2,1,0,1,1,25038,0,1,1
19,1200,1450985,1,0,1,59,38,38,1,0,0,0,52072,0,0,0
17,1000,3337707,0,0,1,47,27,26,0,1,0,0,42245,1,0,0
14,1500,2920201,0,1,0,24,3,3,0,0,0,0,20988,1,0,0
18,2000,2818753,0,0,0,58,40,40,0,0,0,0,41414,1,0,0
11,2000,3866597,1,0,1,71,50,49,0,1,0,1,24283,1,0,0
12,2000,3621590,0,0,1,35,17,16,1,0,0,3,9944,0,0,1
10,1500,2514329,1,0,0,74,53,53,0,0,0,0,50666,1,1,0
4,1200,4982898,1,1,0,55,34,33,1,1,1,0,35333,1,0,1
0,2000,4841632,0,1,1,27,6,5,0,0,0,0,3125,0,0,1
2,2000,3926887,1,0,0,61,42,41,0,0,1,4,20073,1,1,0
18,1000,4086997,1,0,0,51,31,30,1,0,1,3,45808,1,0,0
6,1000,3397250,1,0,1,50,29,29,0,0,0,0,21867,1,0,0
11,3000,4749049,1,0,0,49,31,30,0,0,0,1,2656,1,0,0
14,2000,4904136,1,1,2,48,27,27,1,0,0,1,16332,1,0,0
4,2000,2514867,1,0,1,45,26,26,0,0,2,1,42429,1,0,0
14,2000,1870113,0,1,0,21,2,1,0,0,2,3,6114,1,0,0
7,1500,2131422,1,1,1,32,13,13,0,0,0,1,27432,1,1,0
9,1500,2004733,0,0,1,19,0,0,1,1,1,0,4343,1,0,1
15,1500,2854758,0,0,0,40,19,18,0,0,0,1,57593,1,1,0
7,800,3170884,1,0,0,40,19,19,0,1,0,0,25858,1,0,0
0,1500,4506973,1,0,1,52,32,32,0,0,0,0,44611,1,0,0
11,1500,3312823,0,0,1,44,23,22,0,0,0,1,14222,1,0,0
4,1500,646653,0,0,1,43,21,20,1,0,1,0,47880,1,0,0
2,1500,2549309,1,1,0,66,47,46,0,0,0,1,16452,0,1,0
0,1200,521692,0,0,4,51,30,30,0,0,0,3,33930,1,0,0
3,1000,586195,1,1,1,30,10,9,0,1,0,0,20767,1,0,0
7,1200,4156654,1,0,1,57,39,39,1,0,0,0,15336,1,0,0
2,1000,4368521,1,0,1,69,50,50,0,0,2,0,7712,1,1,0
9,1000,2516275,1,0,0,68,47,46,0,2,1,4,47004,1,1,1
1,3000,690958,1,0,4,27,6,6,0,1,0,0,8088,0,0,0
10,1000,1045139,0,0,0,56,38,38,1,0,0,4,38059,1,0,0
9,1200,2773431,0,0,1,43,23,23,0,0,0,4,39918,0,1,1
13,1500,4746869,1,0,0,21,0,0,0,0,1,0,42948,1,0,1
6,1500,4420196,0,0,3,35,17,17,0,0,0,0,33987,1,0,1
1,1000,1048644,0,1,1,52,32,31,1,1,0,1,9878,1,0,0
8,2000,3790366,1,1,1,64,44,43,0,1,1,0,45718,1,1,0
15,2000,4373166,1,1,4,69,48,48,0,0,2,0,35517,1,0,0
12,1000,1787322,0,0,4,34,13,12,0,0,0,0,34099,1,0,0
8,1200,3498896,0,1,0,73,54,54,0,0,0,0,38808,1,0,0
19,2500,3379751,1,1,0,44,23,23,1,0,0,0,57442,0,0,0
3,2000,1994779,0,1,1,25,4,4,0,1,0,2,4123,1,1,0
9,1500,4896242,1,0,4,70,50,50,0,0,0,0,4019,1,0,0
11,800,4675518,1,0,0,64,43,43,0,1,0,4,16234,0,0,0
16,1200,891944,1,1,0,30,9,8,0,0,0,0,43889,0,0,0
13,1500,2899392,0,1,1,63,42,41,0,0,0,4,35151,1,0,0
13,1000,2745624,1,1,0,39,17,16,0,2,0,1,14121,0,0,0
1,1200,4050211,1,0,1,53,31,31,0,0,0,1,43855,0,0,0
19,1500,1509332,1,0,0,60,41,40,0,0,1,4,24421,0,0,0
10,1200,4004918,0,0,1,47,29,29,1,0,0,3,18454,0,1,0
15,2000,4285766,0,1,4,52,32,32,1,0,1,0,59253,1,0,0
18,2000,2628772,1,0,1,68,49,48,0,0,0,1,14541,1,0,0
5,1200,335571,0,0,0,62,42,42,0,0,0,0,18966,1,0,0
18,2000,376752,1,1,1,21,3,3,0,2,1,0,34030,1,0,0
4,1000,760160,1,0,0,30,12,11,0,2,1,0,2235,0,1,0
3,2000,3270741,1,0,1,64,45,45,0,0,3,0,44042,1,1,0
14,1000,3139025,1,1,1,23,1,1,0,0,1,0,20719,1,0,0
3,800,2606955,1,0,1,35,13,12,0,1,2,0,57034,1,0,0
19,1500,2979245,0,0,4,71,49,49,0,0,0,0,39977,1,0,0
9,1200,539185,0,1,0,25,4,4,0,0,0,0,23447,1,0,0
2,2500,4566953,0,1,4,58,37,37,0,0,1,4,3485,0,0,0
4,1200,340910,0,1,0,37,18,17,0,1,0,3,9886,0,0,0
5,1200,3861705,0,0,1,38,17,16,0,1,0,0,45901,1,0,1
7,1500,1558962,1,0,0,49,29,29,0,0,0,2,5006,1,0,0
6,1200,4479308,0,1,0,73,54,54,0,0,0,2,39008,1,0,0
9,1200,572930,0,0,1,49,30,30,0,0,0,2,19720,0,0,0
5,1500,4081332,0,0,0,19,1,1,0,0,0,1,41313,1,0,1
13,2000,2964146,1,0,0,59,41,41,0,0,0,0,28686,0,0,0
3,2000,1196429,1,0,0,19,0,0,0,1,0,1,7465,1,0,0
12,3000,3967594,0,0,1,58,36,35,0,0,0,0,26015,1,1,0
19,1200,789660,0,0,0,49,31,31,0,0,0,1,21621,1,0,0
16,1500,3679082,1,0,1,39,18,18,0,1,1,1,51765,1,0,0
6,1200,1660724,0,1,1,43,24,23,1,0,0,0,9940,0,0,0
3,1500,753850,1,0,0,58,38,37,0,0,1,0,44084,1,0,0
13,1200,2494001,0,0,0,62,43,42,0,1,1,0,5281,1,0,0
2,3000,1494215,1,0,1,27,7,7,0,0,0,3,46342,1,0,0
4,1500,1568069,1,0,1,56,38,38,0,0,0,4,12407,1,0,0
15,2500,2129341,1,1,1,62,40,40,0,0,1,0,21679,1,0,0
19,2000,2359838,1,1,1,22,2,2,0,1,0,1,56222,0,0,1
3,2500,4223890,1,1,0,29,7,7,3,0,0,0,14889,0,0,1
1,2000,4411788,0,1,1,58,38,37,0,0,1,0,41657,1,0,0
17,1200,957620,0,1,0,58,36,36,0,1,0,0,56402,1,1,0
18,1200,3607067,1,0,0,49,29,29,0,2,1,2,38544,1,0,1
18,1200,2413985,0,0,0,67,48,47,0,1,0,4,41248,0,0,0
16,800,4609560,1,0,2,73,54,53,0,0,1,3,39705,1,0,0
13,1500,4690686,1,0,1,57,39,39,0,1,0,0,29260,1,0,0
18,1500,1264233,1,1,4,35,16,15,0,1,0,1,19701,1,0,0
12,1500,2407670,1,0,4,27,6,5,0,0,0,4,58940,1,0,1
11,3000,530684,0,0,4,40,22,22,0,0,1,0,40530,1,0,0
5,2500,2397120,1,0,0,18,0,0,0,0,5,0,58889,1,2,1
3,1000,2815913,0,0,1,70,51,50,0,0,4,0,34107,1,0,0
18,1200,1085254,0,0,0,70,49,48,2,0,1,1,38624,1,0,0
15,1200,3903477,0,1,1,59,37,36,0,0,0,3,10964,0,0,0
12,1200,4614241,0,0,0,54,35,34,0,0,2,0,55500,1,0,1
3,2000,2872034,0,1,0,35,15,14,0,1,1,0,9421,1,0,0
16,1500,1886600,0,1,1,47,25,25,0,1,0,0,56192,1,1,0
0,1500,1390857,1,0,4,36,16,15,1,0,0,1,4269,1,0,0
17,2000,1427927,1,0,1,62,40,39,0,0,0,0,16124,1,0,0
19,2000,3785652,0,1,0,55,35,34,0,1,2,0,13311,1,0,0
16,1000,2790326,1,1,4,34,15,15,0,0,1,0,2059,1,1,0
14,1500,3719590,0,0,0,45,25,25,1,1,0,0,38984,1,0,1
10,1200,3396976,1,0,4,39,20,19,0,0,0,3,26275,1,0,0
12,1200,2493371,1,0,3,63,42,41,0,2,0,0,50592,1,0,0
0,800,3686926,1,0,1,55,35,35,0,1,0,0,53977,1,0,0
16,1200,2821796,0,1,1,49,31,31,0,0,0,1,48468,1,0,0
5,1200,3679095,1,0,1,72,54,54,1,0,0,0,23758,1,0,0
3,1200,4413441,1,0,1,42,22,21,0,0,1,0,7701,1,1,0
19,1500,2110173,1,0,0,65,46,45,0,1,2,0,22058,1,0,0
15,2000,609495,1,1,1,26,4,4,0,0,2,3,58232,0,0,0
14,1000,1263360,1,1,0,53,32,31,1,0,0,0,47846,1,0,0
14,800,2784346,1,0,1,67,47,47,0,1,1,1,24878,1,0,0
5,2000,4022701,1,0,1,54,33,32,0,0,0,3,34121,1,0,0
14,800,3419599,1,0,0,18,0,0,0,0,0,2,2912,1,0,0
13,2500,3965522,0,0,2,46,28,28,0,0,0,0,24405,0,0,0
10,1500,4059563,0,1,0,32,13,13,0,1,2,0,54453,1,0,1
6,1200,2539615,1,0,1,61,42,42,0,0,0,0,15158,0,0,0
8,1000,4365250,1,0,0,63,43,42,1,0,0,0,55632,1,0,0
15,800,3401454,1,0,0,46,25,25,2,0,0,0,19003,1,0,0
4,1000,4906802,0,0,0,38,16,16,2,0,0,0,46196,1,1,1
19,1000,1973215,1,0,0,29,8,8,0,0,0,0,18011,1,0,0
9,1500,1009714,1,0,0,43,21,21,0,0,1,3,4948,1,0,0
17,1000,3463670,1,0,0,62,44,43,0,0,2,0,39314,1,0,0
2,1500,301722,1,1,1,48,27,27,0,0,0,4,8886,1,0,0
12,1500,730036,1,0,1,52,30,29,0,0,0,0,6098,1,0,0
10,1200,2333267,0,0,1,31,10,10,0,0,2,1,28627,1,0,0
16,800,4230785,0,0,1,72,53,53,0,0,0,2,40532,1,2,0
12,800,2353222,0,0,3,24,6,6,0,1,0,2,51769,1,0,1
5,800,4397778,1,0,0,20,0,0,0,0,0,2,6131,1,0,1
16,1500,4339935,0,0,1,70,51,50,1,0,1,0,22071,0,0,1
12,1200,4905914,1,0,3,58,39,38,1,1,1,0,31192,1,0,1
18,2000,3373215,1,0,0,21,3,3,1,0,0,3,22715,0,0,1
18,1200,2312785,0,0,1,19,0,0,0,0,1,1,2376,0,0,0
9,1200,2816837,0,0,1,52,32,32,0,0,0,0,14879,1,0,0
2,1500,2402644,1,1,0,50,30,30,1,0,0,0,32814,1,0,0
13,1500,2513511,1,0,0,54,34,34,0,0,0,1,26211,1,0,0
18,1200,4652868,1,0,1,58,39,39,2,0,0,3,29807,1,0,1
4,1000,3436769,0,0,1,67,46,45,0,0,1,0,48876,1,0,0
4,1500,4113957,1,0,0,30,8,7,0,1,0,4,51513,0,0,1
19,1200,3638787,1,1,1,68,47,46,0,0,1,0,37697,0,0,0
16,1200,821323,1,0,1,68,50,50,0,1,1,1,55496,1,1,0
9,1500,3358711,1,0,0,24,2,2,2,0,1,0,9599,1,1,1
4,1200,591280,1,0,1,56,38,38,0,1,1,2,35136,1,0,0
3,1500,1855282,0,0,1,64,43,42,0,0,0,0,26740,1,0,0
5,1500,2472744,1,0,0,44,26,26,0,1,0,0,25129,1,0,0
3,1500,693931,0,0,1,66,47,47,0,1,0,4,4629,1,0,0
6,1500,4736374,1,0,0,20,0,0,0,1,1,1,9241,1,0,1
6,1500,4225321,0,0,0,34,13,13,0,0,0,0,37345,1,0,0
17,1500,4316413,0,1,0,42,20,19,0,1,0,0,40975,1,1,1
2,2000,1956978,1,0,4,47,25,25,0,0,0,0,34316,1,0,0
0,1200,3469049,0,0,2,72,54,54,0,0,1,0,45888,1,0,0
3,1200,3029945,1,1,1,31,11,11,1,1,0,1,26462,0,1,0
5,2000,849247,1,1,1,46,25,24,0,0,0,0,19428,1,0,0
8,1500,4488170,1,0,0,22,3,3,0,1,0,0,40191,1,1,1
13,800,1816405,1,1,1,24,6,5,0,0,0,0,18149,0,1,0
11,2000,4479511,0,0,0,68,47,46,0,0,1,0,26088,1,0,0
19,800,2986636,0,0,1,36,15,14,0,0,1,3,15856,0,0,0
3,1500,1533198,1,1,2,50,30,30,0,0,0,0,28230,1,1,0
11,2000,1293483,0,1,0,38,16,15,0,1,0,3,42313,1,0,0
9,2500,468280,0,0,1,72,52,51,0,1,2,2,56307,1,0,0
6,800,1319925,1,0,1,68,50,50,0,0,1,1,41934,1,0,0
2,1500,772159,1,1,0,38,20,20,0,0,0,1,37269,1,0,0
13,1200,577460,1,0,1,34,14,14,0,1,0,2,8675,1,0,0
9,1200,2378140,0,1,1,40,19,18,0,0,1,0,33429,1,0,0
15,800,1834535,1,0,1,44,22,22,0,0,0,0,39210,1,0,0
15,1500,4981458,1,0,0,48,30,29,0,1,3,0,48079,1,0,1
9,1200,1809758,0,0,0,32,12,11,0,0,0,1,35146,1,0,0
12,1000,1340775,0,0,4,57,39,38,0,0,1,1,44634,1,0,0
5,1500,1046011,1,0,1,57,35,35,0,0,0,0,41288,1,0,0
11,1500,3520571,0,0,1,18,0,0,0,0,0,0,22727,1,0,1
8,2000,3714581,0,0,0,37,18,18,0,1,0,0,48551,0,0,1
12,2500,3218771,1,1,0,58,37,37,2,0,0,0,54716,1,1,0
3,1200,1391112,0,0,4,51,30,30,0,1,0,3,48312,1,1,0
10,2500,2776068,1,0,0,18,0,0,0,0,0,3,48355,0,0,1
19,2000,1624965,1,0,4,49,27,27,0,0,1,0,11430,1,1,0
17,1200,4343442,1,0,0,65,45,45,0,2,1,3,34836,1,0,1
10,1000,3141419,1,0,0,39,19,19,2,0,0,0,53056,1,0,0
3,1200,1723460,1,1,0,46,24,23,0,0,1,1,46510,1,0,0
17,1200,332286,1,1,1,62,42,42,0,0,0,0,47298,1,0,0
0,1500,2569273,0,1,1,28,7,6,0,0,2,1,5958,1,0,0
6,1500,643045,0,0,4,50,30,29,0,0,0,1,30738,1,0,0
5,1500,3633000,1,1,0,55,35,35,0,1,0,0,31982,1,0,0
14,1500,1689706,1,0,0,18,0,0,0,0,0,0,48398,0,0,1
17,1000,4872790,0,0,1,55,37,36,1,0,2,0,30216,1,0,1
10,2000,1522509,1,0,1,26,7,7,0,0,0,4,28273,1,0,1
19,1200,4684890,1,0,0,30,10,9,0,0,0,0,47918,0,1,1
14,3000,4960508,1,0,0,65,46,45,0,0,1,2,36124,1,0,1
15,1000,2663256,0,0,0,70,51,51,0,1,1,0,35067,1,1,1
6,2500,4796050,0,0,1,69,47,46,0,1,3,2,23358,0,0,1
9,800,2014500,0,0,1,41,19,19,0,0,0,0,49231,1,0,0
11,1000,2140099,1,1,1,53,31,30,0,0,1,0,55371,0,0,0
13,800,2905574,0,1,0,37,19,18,0,1,1,3,20549,0,1,1
4,1500,1935199,1,1,2,60,42,41,1,0,0,0,23101,1,0,0
17,2000,2460716,1,0,0,62,43,43,0,1,0,3,24168,1,0,1
4,1200,2512669,1,0,0,74,55,54,0,1,0,0,56493,1,0,0
2,2500,1282479,0,0,1,18,0,0,0,0,0,1,13344,0,0,0
4,1500,1799406,1,0,1,52,33,33,0,1,1,0,37951,1,0,0
16,1500,3191572,1,1,0,60,39,38,0,0,0,1,45381,1,0,0
18,2000,817103,0,0,4,37,18,17,1,0,3,3,44433,1,0,0
18,1200,4126268,0,1,1,57,35,35,1,2,0,0,36127,1,0,1
11,1200,2969508,0,1,0,18,0,0,0,0,1,3,49637,1,0,1
8,2500,1522322,1,0,1,68,46,45,1,0,0,1,51960,1,1,0
0,2500,1996380,0,1,1,63,41,41,0,0,0,0,13125,0,1,0
17,3000,2567162,0,0,1,67,48,47,0,0,0,3,2098,0,1,0
3,2500,1467016,0,0,4,23,4,3,0,0,1,0,12968,1,0,0
9,1000,2827501,1,1,1,58,38,38,1,0,1,3,10729,1,0,0
6,2000,1032275,1,0,0,43,21,21,1,0,0,0,19515,0,1,0
0,1200,2925780,1,0,1,46,27,26,0,0,0,2,58734,1,0,0
16,3000,2176874,1,0,1,58,39,38,0,1,0,2,37573,0,1,0
1,1200,3822167,1,1,1,32,12,12,0,1,0,0,22640,1,0,0
10,1500,2113028,1,0,0,54,33,32,0,0,1,3,32065,1,0,0
8,1500,4273973,1,1,4,36,14,14,0,0,1,0,55744,0,0,1
6,1200,1553783,0,0,1,73,51,51,1,1,0,3,5031,1,1,0
16,800,2353390,1,0,1,26,6,5,0,0,1,1,59357,1,0,0
16,2000,4896235,1,0,0,58,37,36,0,0,0,0,23271,1,0,0
1,2000,4943422,0,0,1,34,16,16,1,1,1,0,7802,1,0,1
5,1000,1449930,1,0,0,49,29,28,0,0,0,3,18743,1,0,0
13,2000,3673598,1,1,2,45,26,26,0,0,1,0,55046,0,0,0
5,1500,1699732,1,1,0,32,13,13,0,0,0,2,4116,1,0,0
1,1200,2699976,0,1,1,70,51,51,0,0,0,0,44713,0,0,0
0,1200,3669811,0,0,1,59,41,40,0,2,0,0,10001,1,0,0
9,2000,4879655,0,0,1,45,26,26,0,0,0,3,24155,1,0,1
4,1500,4553483,0,0,1,26,8,7,1,1,0,0,36488,1,0,1
1,1500,1186045,1,0,0,44,24,24,1,0,0,2,27898,1,0,0
15,1500,602114,0,1,1,36,18,17,0,0,2,0,13126,1,0,0
1,800,2339316,0,0,4,24,5,5,0,1,1,0,33932,1,0,1
9,1200,4499022,0,1,1,42,20,20,0,2,0,4,9522,0,0,1
1,1000,1256222,0,0,0,47,28,27,1,0,1,0,42604,1,0,0
15,1000,2735065,1,0,4,30,12,11,1,0,1,1,18181,1,0,0
15,1500,2538950,1,1,1,19,1,1,0,1,0,0,33711,1,0,0
18,2500,3800176,0,1,0,35,14,13,0,1,1,0,20808,1,0,1
6,1200,841427,0,1,1,70,49,49,0,1,0,0,39277,1,0,0
11,1000,4166769,0,1,0,57,36,35,0,1,0,2,41247,1,0,1
14,1500,2516956,0,1,0,70,51,50,0,1,0,0,14837,0,0,0
7,2000,1592821,0,1,2,25,7,6,0,1,0,1,26496,1,0,0
5,1500,2152021,0,1,0,37,16,16,0,0,0,0,7684,1,0,0
9,2000,3231568,1,1,1,26,4,4,0,0,1,3,9021,1,0,0
2,1500,540734,1,0,1,30,10,10,0,0,0,2,34465,1,0,0
18,2000,1319326,0,1,4,69,49,48,0,1,0,1,29976,1,0,0
16,1000,3417312,0,0,0,38,17,16,0,0,2,3,21136,0,1,1
6,1200,2573098,0,0,0,45,24,24,0,0,1,1,9795,1,0,0
19,1200,3050550,0,0,1,61,40,39,0,0,0,3,45348,1,0,0
3,1500,833384,0,1,1,24,4,4,0,0,1,3,5482,1,0,0
13,2500,3647891,1,0,4,74,53,52,1,0,0,3,4294,1,0,0
19,2000,4985775,1,1,0,48,26,25,0,0,0,0,20291,0,0,0
14,1000,4177433,0,0,1,70,48,47,0,0,0,3,28731,1,0,0
7,1000,1310405,1,0,0,40,18,17,0,0,1,0,29792,1,0,0
14,1200,2249803,0,0,1,30,8,8,1,0,0,0,18766,1,0,1
19,1200,2931308,0,0,0,62,44,44,1,0,0,0,37959,1,2,1
13,1500,4778330,1,0,3,53,32,31,0,0,0,1,32089,1,0,0
8,2500,3089475,0,1,0,19,0,0,0,0,0,0,14086,1,0,0
7,2500,3640470,1,0,1,51,33,33,0,0,2,0,13998,1,1,0
16,1500,2304268,1,0,0,22,3,3,0,0,0,1,45609,0,1,1
1,2000,2692671,1,0,1,19,0,0,0,1,0,0,14099,1,0,1
2,1500,2730506,0,1,1,64,46,45,0,0,1,0,17823,1,1,0
7,1000,3336372,1,0,0,51,30,29,0,0,0,2,41227,1,0,0
11,1500,1699996,1,0,0,19,1,0,0,0,1,1,15174,0,0,0
0,1500,3272290,1,0,0,37,17,17,0,0,0,4,45106,0,0,0
9,1500,2563386,1,1,0,25,3,3,1,1,0,2,29726,1,0,1
19,1000,1946470,1,0,0,40,22,22,1,0,2,0,45935,1,0,0
2,1200,3635304,1,0,1,54,36,35,0,1,0,0,12860,1,0,0
5,1200,3632241,0,1,1,33,13,13,0,0,2,1,8857,1,1,0
6,2500,2458553,1,1,1,72,50,49,1,0,1,0,52501,1,1,0
19,1200,2352598,0,0,0,39,20,20,0,1,2,4,43302,1,0,1
17,2000,1564583,1,0,0,73,53,53,1,0,0,0,16489,0,0,0
10,2000,4679838,0,0,1,63,42,41,1,0,1,1,49108,1,0,0
18,1200,1213878,1,1,1,25,7,6,0,1,0,1,19047,1,0,0
4,1500,4128401,0,0,0,72,54,53,0,0,0,4,34204,0,0,0
18,2000,1739064,0,0,0,70,50,50,1,0,0,3,52125,1,0,0
10,1200,4248270,0,0,0,71,53,53,0,0,0,3,7121,0,0,0
11,2500,1217266,0,1,0,60,38,38,1,0,0,4,49661,0,0,0
9,1000,4260690,1,1,1,60,38,38,0,0,0,0,27840,1,1,0
7,800,2901715,0,1,0,43,23,22,1,1,0,0,5225,1,0,0
8,2000,1362189,1,0,4,57,37,37,1,1,0,0,44090,1,0,0
3,2000,2345932,0,0,3,40,20,20,1,0,1,3,54638,1,0,1
4,3000,1485735,0,0,1,33,12,12,0,0,1,1,56686,1,1,0
7,1500,1777493,0,0,0,38,20,20,0,0,1,1,31587,1,0,0
8,2500,4786070,1,1,0,57,38,38,0,0,0,0,37610,1,0,0
14,2000,1706554,1,0,1,69,50,50,0,0,2,0,36676,0,1,0
14,2000,4014757,1,0,0,46,27,26,0,0,1,0,17207,1,0,0
15,1500,1820492,1,1,4,71,51,50,0,0,0,2,55010,1,0,0
13,1200,4565941,1,0,0,37,16,16,2,0,1,0,27450,1,0,1
7,2500,3504903,1,1,1,29,8,7,0,0,0,2,38597,1,0,0
17,1200,4750276,0,1,1,54,35,34,0,0,0,0,7373,1,0,0
9,1500,1846376,0,1,2,43,24,23,0,1,0,0,11613,1,0,0
19,1200,3600070,0,1,1,20,0,0,0,0,0,0,31509,0,1,1
5,1500,1441965,1,1,1,35,15,15,0,1,0,4,7067,1,0,0
11,1200,627461,0,0,4,18,0,0,0,0,0,1,35670,0,0,0
1,800,2742275,0,0,0,36,17,16,0,0,0,1,52639,0,0,0
6,2000,553154,0,1,0,30,8,8,0,0,0,1,50018,1,0,0
15,1200,1334501,1,0,0,60,40,40,2,0,1,0,43208,1,0,0
2,1500,1038880,1,1,1,50,28,27,0,0,1,0,16265,1,1,0
12,1000,3180379,0,0,0,47,29,28,0,0,0,3,55922,0,0,0
2,800,4441503,1,0,0,39,19,18,0,0,0,4,55754,1,0,1
17,1000,4447385,0,0,0,44,22,22,0,0,0,0,55662,1,0,1
10,1500,3109017,1,0,1,67,49,48,0,1,0,0,17013,1,0,0
7,800,1521905,1,1,1,68,50,50,0,1,0,0,56087,1,0,0
5,2500,510582,0,1,2,30,11,10,0,0,0,0,13113,1,0,0
0,1000,939327,1,0,0,25,3,2,0,0,0,2,47869,1,1,0
0,1000,1293663,1,1,1,70,51,51,1,2,0,0,5152,1,0,0
7,1000,3854339,1,0,1,67,49,49,0,1,0,4,31238,0,0,0
4,800,4603313,0,1,1,19,0,0,1,0,3,0,16501,0,0,1
15,2000,3467365,1,1,0,68,48,47,1,0,1,0,17581,1,0,0
10,2000,3323403,0,0,0,36,16,16,2,0,0,4,36810,0,0,1
4,1500,2548474,1,0,4,41,19,19,0,1,0,1,19700,1,0,0
3,1000,1176899,0,0,2,22,1,0,1,1,0,0,37455,0,0,0
5,1200,2509007,0,1,0,25,6,5,0,1,1,0,4587,1,0,0
13,1200,2343817,1,1,4,37,16,16,0,0,0,0,14525,1,0,0
18,2500,1773097,1,1,0,74,53,52,1,0,2,4,10705,1,0,0
8,1000,2068173,1,1,0,52,34,34,1,0,0,0,37255,0,1,0
11,1500,3279979,0,0,1,19,0,0,0,1,0,4,34120,0,0,1
10,1200,703312,1,1,0,23,5,5,0,1,1,0,31422,1,1,0
13,1200,552138,1,0,0,33,12,11,0,0,0,4,36874,1,0,0
15,1200,3798239,1,0,0,64,46,45,0,1,1,3,24174,1,0,1
0,800,515555,1,1,1,53,35,35,0,0,2,0,44331,0,1,0
12,2000,3596135,1,0,0,19,0,0,2,0,1,0,28916,1,0,1
12,1000,3213491,0,0,0,31,12,11,0,0,0,4,44143,1,0,1
1,1500,3174583,0,0,4,55,36,36,0,0,0,2,29462,1,1,0
3,800,1387963,1,0,0,69,48,48,1,0,0,3,27662,0,0,0
5,2500,2877935,0,1,0,43,23,23,0,0,0,1,54092,1,0,0
4,1000,1423231,0,1,1,37,19,18,0,2,0,0,55385,1,0,0
2,2000,1930271,0,0,0,46,27,26,0,0,1,3,38658,1,0,0
0,2000,2855630,1,0,0,21,1,0,0,0,1,2,24905,1,0,1
3,2500,3843499,1,1,4,37,18,17,0,0,0,1,43211,1,0,0
19,1200,4427283,0,0,4,41,20,20,0,1,0,1,38611,1,1,1
1,1500,403748,0,0,0,18,0,0,0,0,0,0,37282,0,0,0
4,1200,2139196,1,1,3,42,20,20,2,0,0,4,15260,1,0,0
2,1000,1165028,1,1,3,31,10,10,0,0,0,0,48243,1,0,0
8,1200,965593,1,0,1,52,31,31,0,0,1,1,29614,0,1,0
19,1000,4759536,1,1,1,70,49,49,0,0,0,0,47398,1,0,0
5,3000,1492775,1,0,0,38,18,18,0,2,1,1,33390,1,1,0
17,800,2036551,1,0,0,53,32,32,0,1,0,0,23437,0,0,0
5,1500,1101885,1,1,1,69,47,46,0,0,1,0,5087,1,0,0
18,1500,3235817,0,0,2,40,22,21,0,0,1,0,31308,1,0,0
11,1500,3372748,1,0,1,63,44,44,0,0,0,0,4517,1,0,0
10,1500,1299951,0,1,0,37,17,16,0,1,1,0,10200,1,0,0
1,1000,758216,0,1,0,43,22,22,1,0,1,0,8356,1,0,0
14,1500,4679138,1,0,1,68,49,48,0,0,1,1,51529,0,0,0
11,1200,512886,1,1,1,44,23,23,0,0,0,0,19073,1,0,0
11,2500,4751797,0,0,0,58,40,40,0,0,0,0,52176,1,1,0
8,2000,2483544,1,0,1,31,9,8,0,0,1,3,28669,1,1,0
1,3000,4178555,0,0,1,53,31,30,0,1,1,0,33310,1,0,0
2,800,3043789,0,0,0,21,1,1,0,0,0,0,11862,1,0,0
11,1200,2026124,0,0,0,43,24,23,0,1,0,0,6909,0,1,0
15,1000,2463171,0,1,0,61,42,42,0,1,0,0,24624,1,1,0
0,800,1221573,0,0,4,57,35,34,1,0,0,3,44385,1,2,1
2,1000,4483575,1,0,0,33,15,15,0,0,0,0,46357,1,0,0
19,1500,4465933,0,1,1,60,40,39,0,1,1,1,11879,1,0,0
1,1000,3090951,1,0,1,56,35,35,0,0,1,0,15849,1,0,0
8,1500,4153373,1,1,0,37,17,16,1,0,0,0,9943,1,0,0
18,2000,4774605,1,0,0,63,41,40,1,0,0,1,42999,1,0,0
14,1500,2353622,0,0,1,41,20,20,0,1,1,2,52374,1,1,1
17,1200,374726,1,1,1,27,7,6,0,0,1,0,40177,0,1,0
10,1200,2543153,0,0,0,19,1,0,0,0,0,0,7469,0,0,0
15,1200,4764361,1,0,0,62,43,43,1,1,1,4,4290,0,0,1
16,1000,4963051,0,0,1,26,5,4,0,0,1,0,24714,0,0,1
4,1500,3996743,1,0,1,35,15,14,0,0,1,1,34468,1,1,0
11,1200,4627322,1,1,0,59,41,41,0,0,1,1,7459,1,0,0
10,2000,4031077,1,0,1,63,43,43,0,0,0,0,25905,1,0,0
14,2000,3376128,1,0,4,47,26,25,0,0,0,0,34645,1,0,0
2,1500,4607692,1,0,0,20,2,1,0,0,0,0,26616,1,0,1
0,1200,367957,0,0,1,46,27,27,0,0,0,4,7019,0,1,0
19,1000,4842287,1,1,1,71,53,52,0,1,2,3,5736,1,1,1
15,2000,507588,0,1,0,24,4,3,0,0,0,0,4534,0,1,0
1,1200,1088276,1,0,1,42,22,22,0,0,1,0,26436,1,0,0
1,1000,3480300,1,0,3,41,21,21,0,1,0,0,56148,0,0,0
2,1000,3337631,1,0,2,60,40,40,0,0,1,3,34919,1,0,1
7,1000,843737,1,0,0,23,3,3,0,0,2,0,39404,1,0,0
14,2000,4251619,0,0,2,32,10,10,0,1,1,0,21612,1,1,1
6,1000,2083331,0,0,0,32,14,14,2,0,0,2,22093,1,0,1
5,1500,1146572,1,1,0,57,39,39,0,0,0,3,20443,0,1,0
8,1200,4781810,0,0,0,44,26,25,1,0,0,0,39383,1,0,1
19,1500,983303,1,1,4,38,20,20,1,1,0,0,11138,1,0,0
0,2000,4857199,0,0,0,62,41,41,0,0,1,3,24061,1,0,0
7,2000,4726809,0,1,3,49,29,28,1,0,0,0,41407,1,0,1
2,1200,2841418,0,1,0,49,27,27,0,2,0,1,3153,1,0,0
3,800,4108785,1,0,1,29,8,8,0,0,0,0,25911,1,0,1
14,1200,4713987,1,1,0,61,43,43,1,0,0,1,38981,1,1,0
5,1500,4154743,1,0,0,26,8,8,0,0,1,0,49853,1,0,1
14,1500,4066912,0,1,4,37,15,14,0,0,1,0,17535,0,1,0
2,1500,4001309,0,1,0,66,48,48,0,0,0,2,29441,1,0,0
13,1000,3384141,1,0,1,32,14,13,1,0,0,3,13806,1,0,0
19,1500,4633386,0,1,3,30,12,11,0,0,0,3,33169,1,1,1
13,1000,3275889,0,0,2,63,45,45,0,0,0,0,53504,0,0,0
3,2000,389359,1,0,1,25,4,4,0,0,2,3,13984,0,0,0
11,1200,1823728,0,0,1,38,17,16,0,0,0,0,59428,1,0,0
16,1500,1127159,1,0,1,62,41,41,1,0,1,0,26360,1,0,0
6,800,3025985,1,0,0,42,24,24,1,0,0,2,25307,1,1,1
8,1200,314787,1,0,0,52,33,32,1,0,0,0,4165,1,0,0
2,1500,679854,1,1,0,74,53,53,1,0,0,0,44485,0,0,0
12,1000,444375,0,0,0,57,37,36,1,0,0,2,56375,1,0,0
14,2000,4692178,1,1,0,47,27,26,0,0,1,0,20562,1,0,0
17,1500,398782,1,0,0,48,29,29,1,0,0,0,59410,1,0,0
18,1500,4809896,1,0,0,23,1,0,0,0,0,4,14056,0,0,1
0,1200,1092500,0,1,0,28,8,7,0,0,0,0,16460,1,0,0
5,1200,3031480,0,1,1,59,37,37,0,0,1,0,17639,0,0,0
1,1500,2516114,0,1,0,25,5,4,0,1,0,3,2551,0,0,0
13,1200,3608027,1,0,1,25,6,5,0,0,0,3,57070,1,0,1
5,1500,3248329,0,0,3,72,51,50,1,1,2,1,5586,1,0,0
13,1200,3839429,0,0,0,56,34,34,0,0,0,1,56025,0,0,1
3,1000,1000408,1,0,0,68,46,46,1,0,1,3,54469,1,0,0
7,1000,2821063,0,0,1,72,53,53,0,0,0,2,56363,0,0,0
2,800,1611057,0,0,4,29,7,7,0,0,0,4,58383,1,1,1
18,1200,784188,0,0,0,20,0,0,0,1,1,0,19888,1,0,0
13,1500,3052436,0,1,0,60,39,38,0,1,0,0,51789,1,0,0
19,2000,4378324,0,1,0,62,44,43,0,0,0,0,30181,1,0,0
16,1000,875482,1,0,1,33,14,13,0,0,1,0,3680,1,0,0
7,2500,3359044,0,0,4,58,36,36,0,1,1,3,6264,1,0,0
13,1500,1310736,0,0,1,44,22,21,0,0,1,0,18691,0,0,0
5,2500,3168719,1,0,1,33,11,10,0,1,1,1,12883,1,1,0
15,1500,4959545,0,1,1,22,0,0,1,1,1,0,41288,0,0,1
18,1500,1537693,0,1,0,57,38,38,1,0,0,0,12385,1,0,0
13,800,4043408,1,1,1,29,9,9,0,0,0,0,57509,0,0,0
18,1000,3933091,0,0,0,20,0,0,0,1,0,4,25172,1,0,1
2,800,768117,1,1,0,52,31,31,0,0,2,0,59014,1,1,0
9,1500,3021349,0,0,0,62,41,41,0,0,0,0,20383,1,0,0
18,1200,2664960,1,1,1,20,2,2,0,2,0,1,57081,0,1,1
8,2000,4583163,0,0,1,48,28,27,0,0,1,0,8696,0,0,0
19,1200,698595,1,0,1,41,22,21,2,0,0,0,51476,1,0,0
12,2000,3424545,0,0,0,58,38,37,0,0,1,0,9938,1,0,0
6,1000,2952976,0,0,0,46,26,25,0,0,0,0,58607,1,0,0
13,1000,436063,1,0,0,72,51,51,1,0,1,0,48379,0,1,0
8,1200,4064770,0,1,0,50,28,28,0,0,0,1,8331,1,0,0
18,1200,2251142,1,0,0,55,33,32,0,0,3,0,55824,1,0,0
14,1200,917801,0,0,0,68,48,47,1,0,1,0,22609,1,1,0
19,2000,590503,0,1,1,33,13,12,1,0,0,0,11772,1,0,0
13,800,1791094,0,0,1,50,30,30,0,0,2,0,27826,1,1,0
5,1200,2485211,0,0,0,27,7,6,0,0,0,0,38871,1,0,0
3,2000,3136751,1,1,1,47,26,25,0,0,0,2,32777,1,0,0
7,800,4901653,1,0,0,51,31,31,0,1,0,0,35330,0,1,0
16,2500,4260731,0,0,0,52,32,32,0,1,1,0,19335,1,0,0
8,3000,4390223,1,1,3,24,6,5,0,1,1,0,41746,0,0,1
0,800,4217291,1,0,1,23,5,4,0,0,0,2,12711,1,0,0
19,1200,3626541,1,1,0,32,12,11,0,0,0,0,26676,1,0,0
13,1200,2612763,0,0,2,49,27,26,0,0,1,0,29133,1,0,0
10,2000,1223727,1,0,1,19,0,0,0,0,0,4,49511,1,0,1
2,1500,2149205,0,0,1,49,31,31,0,0,0,1,40038,0,0,0
8,1500,2472075,0,1,1,45,25,24,0,0,2,1,38117,1,0,0
13,2000,926945,0,1,0,38,20,19,0,0,0,3,46865,0,0,0
8,1000,916726,1,0,1,34,14,14,0,0,0,0,45532,1,1,0
3,2000,2346455,1,0,1,36,14,13,0,0,0,3,21208,1,1,0
3,1500,4857357,1,0,4,31,9,9,0,0,1,1,31078,1,0,1
7,1500,662986,0,0,0,66,48,48,1,0,0,0,18664,0,0,0
1,2000,641576,1,1,0,68,49,48,0,0,0,0,11173,1,0,0
8,1500,2151206,1,1,4,51,32,32,2,0,2,1,13322,1,0,0
13,1000,3087036,1,1,0,65,46,45,1,0,0,0,27697,1,0,0
8,1200,3020939,0,0,2,37,18,18,0,1,1,0,27299,1,0,0
15,1200,711731,0,0,0,38,17,17,0,0,1,4,17027,0,1,0
16,800,1108459,1,0,0,65,45,44,0,0,0,0,37112,1,0,0
15,2500,555519,1,0,0,20,0,0,0,0,0,0,58208,1,0,0
11,1000,4264704,0,0,1,31,12,11,1,0,0,2,45431,1,0,1
2,1500,2612511,1,1,0,38,17,16,1,1,0,0,21483,1,0,0
10,1500,789775,0,0,0,44,24,23,1,1,1,4,11213,1,0,0
13,800,4856085,0,0,0,24,3,2,0,0,0,1,31224,0,0,1
17,2500,3182219,0,0,0,59,41,40,1,0,0,1,30238,0,0,0
4,2000,4621512,0,1,1,46,28,27,0,1,0,1,57629,1,0,1
15,1500,4436925,0,1,0,26,7,7,0,0,0,4,27160,1,0,0
19,1000,2056172,0,0,0,57,39,39,0,0,0,0,11221,1,1,0
4,1000,1543631,1,1,0,32,12,12,1,0,0,3,56272,0,0,0
2,1200,1384731,1,0,1,61,42,41,0,0,1,0,4533,1,1,0
11,1200,3961437,0,0,0,45,24,24,0,0,1,1,37551,0,2,0
0,1500,3282904,1,0,1,55,33,33,0,0,1,1,28367,1,1,0
8,2500,644705,0,0,0,32,10,10,1,0,0,1,42280,1,1,0
8,1500,4240667,1,0,0,32,10,9,0,1,2,0,21994,1,0,1
3,2000,4619487,0,1,2,47,27,26,0,0,0,2,37726,1,0,1
2,1500,1381784,0,0,4,74,55,54,0,1,1,1,37936,1,1,0
16,1200,2414674,0,0,0,49,31,30,0,0,0,3,7163,0,0,0
1,2000,3230986,1,0,1,57,38,38,0,0,1,3,50753,1,0,0
0,1200,2815858,0,1,1,29,8,8,0,0,0,0,31598,1,0,0
7,2000,2838122,1,1,2,37,15,15,0,0,0,2,58132,0,0,0
12,1200,4508344,1,0,3,44,25,25,0,0,2,0,12939,1,0,0
14,1000,1224550,1,0,1,19,0,0,0,0,0,0,14022,0,0,0
7,2000,2829742,0,0,4,58,40,40,0,2,1,0,30401,0,0,0
11,1500,4268349,1,0,4,39,18,18,1,2,2,0,23099,1,0,1
11,2000,646142,0,0,1,43,21,21,0,1,0,0,11952,1,0,0
13,2500,1584055,0,0,1,57,39,38,0,1,0,0,48123,1,0,0
14,800,2483222,0,1,1,25,3,3,1,3,2,0,3486,1,0,1
14,1500,3597735,0,0,0,53,35,35,2,0,0,0,2702,0,0,1
8,1200,2313069,0,1,1,43,25,24,0,1,3,3,23404,0,0,0
18,1500,4692858,0,1,1,54,32,32,0,0,2,0,59699,1,0,1
19,2000,351377,0,0,0,34,13,13,0,0,0,0,14557,1,0,0
7,1200,4469251,1,0,3,74,54,53,0,0,0,2,48803,1,1,1
18,1500,4038877,1,0,4,24,4,4,0,1,0,0,45740,1,0,1
5,1500,4109787,1,1,0,18,0,0,1,0,1,0,56022,1,0,1
19,1000,3032052,1,0,1,44,25,25,0,0,2,4,18642,0,0,0
18,2000,1248298,1,0,0,59,38,38,1,0,0,0,32537,0,0,0
3,1500,2880448,0,0,1,43,23,23,0,0,0,0,23172,1,0,0
6,2500,1230993,0,0,1,49,30,30,1,0,2,1,59302,1,0,0
3,1200,2447709,1,0,1,31,11,11,0,0,0,0,4046,0,0,0
11,1000,2902020,0,0,1,36,16,15,1,2,1,3,26291,1,0,1
12,1500,584618,1,0,3,26,6,6,0,0,0,0,36712,1,0,0
2,800,1039316,1,1,1,60,41,41,0,0,0,0,51183,1,0,0
11,2500,3763168,0,0,0,61,42,42,1,2,0,1,59849,1,1,1
1,800,802070,0,0,1,18,0,0,0,0,1,4,2364,1,0,0
1,2000,4495481,1,0,4,71,53,53,0,1,0,0,31494,1,0,0
8,1500,3679882,1,0,0,38,19,19,1,0,0,0,55519,1,0,0
0,1200,4947218,1,0,0,37,15,15,0,2,0,0,3995,0,0,1
7,800,1009226,1,0,3,66,48,48,0,1,0,0,34274,0,0,0
5,1500,2374119,0,1,1,72,52,52,0,0,1,1,38039,1,0,0
5,1500,1442365,0,0,4,50,29,29,0,0,1,0,35321,1,0,0
17,1200,3922797,0,0,0,50,28,28,1,0,0,1,44625,1,1,1
16,2500,1421291,1,0,3,35,13,13,0,1,0,3,52693,0,0,1
11,1200,3243475,0,0,1,58,40,40,1,2,0,1,21043,1,0,1
5,1200,2069033,1,0,2,34,13,13,0,0,2,3,48196,0,1,1
7,1500,900296,0,0,1,73,55,54,0,1,0,0,46313,1,0,0
18,1000,4759549,1,0,0,30,11,10,0,0,0,2,16317,1,0,1
9,2500,1113422,0,0,1,66,46,45,0,0,1,2,49708,1,0,0
0,1200,2892569,0,0,0,60,39,38,0,0,0,0,29971,1,0,0
12,800,3514942,0,0,1,66,47,47,0,0,0,2,2297,0,0,0
16,1200,1645331,1,1,1,26,6,5,0,1,0,0,56065,1,0,0
2,1500,1278999,0,1,1,73,53,52,0,0,1,2,53105,1,0,0
7,1500,4590569,0,0,0,63,44,43,0,2,1,1,11336,1,1,1
13,1500,4750450,0,1,1,18,0,0,1,0,0,0,5134,1,0,1
2,800,3461686,1,0,0,40,18,17,0,0,0,0,16170,1,0,0
15,1200,4321946,1,1,0,57,39,38,0,0,0,2,10163,1,0,0
12,2000,3139804,1,0,0,51,30,29,0,0,1,0,9678,0,1,0
19,800,2988442,1,0,1,53,31,31,0,0,0,1,36307,1,0,0
16,2000,1398463,0,0,2,67,45,45,0,0,0,1,57584,1,0,0
12,800,4604387,0,0,1,62,40,39,1,0,0,3,32649,0,0,1
5,2000,4023586,1,0,3,31,13,12,1,1,0,0,58156,1,0,1
16,1200,2418795,0,0,0,71,53,53,0,0,0,0,48133,1,0,0
13,1500,4488086,1,0,4,38,20,19,0,0,1,1,34280,0,0,0
16,1000,2750876,1,1,4,60,38,37,1,0,0,1,12727,0,1,0
7,800,441406,1,1,1,60,41,40,0,0,0,2,15933,0,1,0
10,1000,3508705,0,1,0,38,20,20,0,1,2,0,44824,1,0,1
19,1000,4232949,0,0,1,45,23,22,1,0,1,0,18582,1,0,0
0,1200,3217525,1,1,0,49,28,27,0,0,1,1,42671,0,0,0
6,1500,3727678,0,1,1,47,25,25,0,2,0,0,37792,1,0,1
16,1500,2905325,1,1,0,57,39,38,1,1,0,0,52241,1,0,1
9,2000,825148,1,0,1,29,11,11,0,0,1,0,36241,1,1,0
10,1500,4494594,1,0,0,46,28,27,0,0,1,3,35051,1,0,0
8,1500,1128849,1,0,0,18,0,0,0,0,1,0,35250,1,1,0
8,1200,4893390,0,1,0,43,23,23,0,2,1,3,59810,1,1,1
4,1200,333397,0,0,0,33,14,13,2,1,0,0,49587,1,1,0
16,1200,4599615,1,0,1,35,14,14,0,0,0,1,33205,1,0,0
8,2000,3199770,1,0,0,50,32,32,0,0,1,0,57411,1,1,0
16,1000,1583895,1,0,1,69,49,49,0,1,0,0,5606,1,0,0
18,800,378508,1,1,1,67,46,45,0,1,1,0,34985,0,0,0
6,1500,4561600,1,0,0,59,37,36,0,0,0,3,8990,1,1,0
8,1000,4112362,1,0,0,60,40,39,0,0,0,2,19834,1,0,0
6,2000,1557350,0,1,1,40,21,20,1,1,1,3,23384,1,1,0
12,2000,1555699,1,0,4,65,47,46,0,1,0,1,20529,1,0,0
10,800,3722577,1,1,0,22,2,1,0,1,0,1,31472,1,0,1
13,1000,2063672,0,0,1,38,17,17,0,0,1,0,18268,1,1,0
18,1200,1097039,1,1,1,18,0,0,0,0,1,0,4246,0,0,0
10,1500,4154044,1,0,2,48,27,27,0,0,0,0,49494,1,0,0
12,1200,4786454,1,0,4,35,14,13,1,0,0,0,58497,1,0,0
13,1500,640698,1,0,1,38,20,20,0,1,1,0,51703,0,0,0
12,1500,3299780,1,1,0,24,4,4,2,0,0,0,27524,1,0,1
0,1200,1237998,1,0,1,18,0,0,0,2,1,1,58400,1,0,0
7,800,4122325,0,0,0,40,21,20,1,1,0,3,50114,1,0,1
11,2000,2600591,0,1,0,44,23,23,0,0,1,2,18217,1,0,0
18,1000,2948596,0,0,1,19,0,0,0,0,3,1,39797,1,0,1
11,2000,2742049,1,0,1,51,32,32,1,1,0,0,52978,1,1,1
7,1200,1854794,1,1,1,74,52,52,1,0,0,0,18172,1,0,0
7,1500,1883054,1,0,0,33,12,12,0,0,1,3,42323,1,0,0
12,2000,2460546,1,0,4,57,38,37,0,0,2,0,37663,1,0,0
11,2000,4155727,1,1,0,27,9,9,1,0,2,1,23050,1,0,1
15,1200,1813588,1,0,0,37,17,16,0,1,1,3,44161,1,0,1
0,1000,3657941,1,0,1,65,46,45,0,0,0,0,59791,1,0,0
12,2000,4405573,1,1,4,54,35,34,0,0,1,2,44983,1,0,0
6,1200,4777005,1,0,1,42,22,22,0,0,0,3,4647,1,1,0
4,1000,4333252,1,1,1,21,2,1,0,0,1,0,39523,1,0,1
7,2500,4223236,1,0,1,49,27,26,0,0,0,0,8407,1,0,0
13,1000,3163185,1,1,0,62,44,44,0,0,0,3,6725,0,0,0
12,800,2618677,1,0,1,45,23,22,0,0,0,3,30866,1,1,0
14,800,3930417,1,0,0,57,36,36,0,0,1,0,12311,0,0,0
16,1500,3280658,1,1,4,30,12,12,0,0,1,0,26801,0,0,1
14,1500,3386913,1,0,0,22,1,1,0,1,0,2,34211,1,0,1
19,1200,2942015,1,0,0,34,14,14,0,0,0,0,44388,1,0,0
17,1200,3641708,0,1,1,64,45,44,1,0,0,0,31604,1,0,0
17,1200,4977817,1,0,1,24,5,5,0,2,1,3,34456,1,0,1
1,1500,2667217,1,0,0,27,9,8,0,1,0,1,22633,1,0,1
3,800,1924073,1,0,0,44,25,24,2,1,0,1,24642,1,1,0
0,2500,2072376,1,1,0,52,33,33,0,0,0,1,2002,1,0,0
3,1000,540763,1,0,2,40,19,18,0,1,1,1,16871,0,0,0
17,3000,1664323,0,1,0,73,51,51,0,2,1,4,6171,1,0,0
4,1000,3485433,0,0,1,33,14,13,0,0,0,1,11019,1,0,0
18,2000,1619235,1,1,1,69,48,47,0,0,1,0,24415,1,0,0
14,1000,2217858,0,0,1,44,22,22,0,1,1,0,51868,0,0,0
7,800,4114859,1,0,1,32,13,13,1,0,1,0,54504,1,0,1
19,2000,1707496,1,0,1,23,5,5,0,0,0,0,39823,1,1,0
16,2000,3687948,0,0,0,59,41,40,1,0,0,3,25462,1,0,1
0,1200,4839812,1,0,1,56,38,37,0,0,0,0,46876,0,1,1
11,1500,4604836,1,0,0,41,21,20,0,1,0,0,22959,1,0,0
18,1500,4715890,0,1,1,68,50,50,0,0,1,4,4223,1,0,0
14,2000,3563818,0,0,0,40,21,21,0,0,0,0,55827,0,0,0
8,1200,4323778,0,1,0,22,3,3,0,1,1,0,14335,1,0,1
6,1500,2847640,0,0,1,24,6,6,0,1,0,0,4803,1,0,1
1,1200,2519195,0,1,0,39,21,20,0,0,2,0,2741,1,1,0
8,1200,2841707,1,1,4,46,25,25,0,0,0,0,50900,1,0,0
9,2000,1301992,1,1,0,70,48,47,1,1,0,0,10154,1,0,0
1,1000,4633659,0,0,4,48,30,29,0,1,0,0,20804,0,0,1
18,1000,3050540,0,1,1,52,31,30,0,0,0,0,3097,0,0,0
10,1500,4613939,1,0,0,51,32,31,1,1,1,4,43916,1,1,1
12,1500,4007724,0,0,0,36,18,17,0,0,0,0,21635,0,0,1
9,1000,1156730,1,1,0,51,30,30,0,0,1,0,28707,1,0,0
13,1200,509884,1,0,0,47,26,25,0,0,1,2,44998,0,1,0
17,2500,3827452,1,0,0,36,14,14,0,1,2,3,48567,0,0,1
18,1000,4174044,1,0,0,35,16,15,0,3,0,4,14647,0,0,1
8,1500,2058261,0,0,0,18,0,0,0,0,1,1,8966,0,0,0
6,1500,1653970,1,0,0,58,36,36,0,0,0,0,44371,0,0,0
2,1200,1468493,0,1,0,70,48,47,0,1,0,1,9753,1,0,0
19,2500,4535887,1,0,1,33,14,13,0,1,0,1,20880,1,1,0
5,1500,2237069,1,1,0,74,56,55,0,0,0,1,53010,1,0,0
1,1200,2762396,0,1,4,57,35,34,0,0,0,0,39332,0,0,0
5,1500,4956888,1,0,1,72,52,52,0,0,2,3,12919,1,1,1
2,1500,4109441,0,1,1,45,26,25,1,0,0,1,45914,1,0,0
15,1500,3488770,1,1,0,71,50,49,0,0,0,1,35121,1,0,0
7,2000,2752421,1,0,1,28,7,6,0,0,0,0,46644,1,0,0
1,1200,1425180,0,0,0,65,46,45,1,0,3,0,33960,1,0,0
16,1200,2453070,0,1,4,69,48,48,0,2,0,0,13461,1,0,1
8,1000,4878673,0,1,3,49,30,30,0,0,0,1,46819,1,0,1
11,800,3172496,0,1,1,43,25,25,0,0,0,0,2275,0,0,0
2,800,893170,0,0,1,27,8,7,0,0,0,4,31285,0,0,0
10,2000,3449928,1,0,1,40,22,21,1,1,0,0,15223,1,0,1
0,1500,4541563,0,0,0,65,46,45,1,1,0,3,54847,1,0,1
12,1500,805765,1,1,1,62,40,39,0,0,0,0,51158,1,0,0
14,1500,4695076,1,1,0,56,36,35,1,2,0,0,56958,0,0,1
4,2000,2885926,1,0,1,50,32,31,0,0,0,0,35071,1,0,0
16,1200,4768886,1,1,0,31,11,10,0,0,0,0,42988,1,0,0
5,2000,4714016,1,0,0,26,5,5,0,0,0,0,34814,1,0,1
10,1200,3565855,1,1,1,31,13,12,0,0,1,0,10193,1,0,0
17,2500,4169807,1,0,0,53,32,31,0,0,3,0,7763,1,0,0
3,1500,3214938,0,1,1,72,50,50,1,1,1,0,38688,1,0,0
2,1200,1997229,0,0,1,58,36,36,0,1,0,0,2182,1,1,0
12,1500,1291072,0,0,4,19,1,1,0,1,0,0,21348,1,0,0
8,1500,449865,1,0,0,73,55,55,2,0,0,1,8210,0,0,0
5,1000,1564102,0,1,1,28,8,8,0,0,2,0,30408,1,0,0
11,1500,2468287,1,0,2,69,48,48,1,1,0,0,52984,1,0,0
1,1200,3347427,0,0,0,31,11,11,0,0,0,0,54401,0,0,0
2,800,2017376,1,1,1,53,35,35,2,0,1,1,12393,1,0,0
2,2500,1659898,1,0,0,52,32,32,0,0,0,4,7354,1,0,0
11,1500,2598921,1,0,0,59,41,41,1,0,0,4,56548,0,2,0
14,2000,3512228,0,0,0,69,50,49,0,1,0,0,23779,1,0,0
8,1500,2871846,0,0,1,42,21,21,0,1,0,2,29187,1,0,1
7,1200,4484127,0,0,0,50,28,28,1,1,1,0,11774,0,0,1
10,1500,4874232,1,0,0,26,4,4,0,0,0,0,53953,0,0,1
15,1500,3232807,1,1,1,30,10,9,0,0,0,2,33719,1,0,0
3,2500,1780161,0,0,0,60,38,37,1,0,1,0,15531,1,0,0
0,1200,969544,1,0,1,27,8,8,1,0,0,2,54934,0,0,0
6,2000,3425049,0,0,0,74,55,54,0,1,1,0,38758,1,0,0
1,2500,2017092,1,0,0,50,30,30,0,0,1,0,24288,0,1,0
4,1500,577818,0,1,0,62,40,40,1,0,0,3,15726,1,0,0
6,2500,824864,0,1,1,26,4,4,0,1,1,0,48919,1,1,0
3,1200,3389155,0,0,2,71,53,53,1,0,0,0,35448,1,0,0
4,2500,1569475,1,1,1,57,37,36,0,0,0,1,2740,0,0,0
0,1500,1324199,1,0,4,30,12,12,0,0,1,3,35159,0,0,0
0,800,4330424,0,1,0,41,22,22,0,0,0,0,43598,1,1,0
14,2500,613051,0,0,1,57,37,37,0,0,0,0,6812,0,2,0
19,1200,734355,1,0,1,73,55,55,1,0,1,0,9830,1,0,0
18,1200,3223235,1,1,1,34,15,14,1,2,0,0,36167,0,0,1
9,1500,1012675,0,1,4,50,28,27,0,1,1,1,21800,1,0,0
17,1000,393435,0,0,1,40,20,20,0,0,0,0,28196,0,0,0
2,1200,3854602,0,1,0,44,26,25,0,0,0,1,28523,1,0,0
10,2000,1793932,0,1,3,61,40,40,1,0,1,1,27158,1,1,0
14,800,879224,0,0,0,61,39,38,1,1,0,3,52354,1,0,0
10,1200,2789910,1,0,0,74,56,55,0,0,0,1,7720,1,0,0
16,800,3545151,1,0,0,60,42,42,1,1,0,4,25604,0,0,1
16,1200,4168838,1,1,0,43,23,22,0,1,0,1,3704,1,0,1
5,1500,4502304,0,1,0,41,20,19,1,0,0,0,53354,0,0,1
4,2000,3322721,1,0,4,28,6,5,1,1,0,4,56353,1,0,1
7,2500,3377060,1,1,0,46,24,24,0,0,1,0,7550,0,1,0
1,1500,408407,1,1,1,65,45,45,1,0,0,0,55213,0,0,0
15,1200,3432245,1,0,0,22,2,1,1,0,0,2,33454,1,0,1
19,2500,4626461,0,0,0,41,21,21,1,0,1,0,54366,1,0,1
11,2000,4019341,0,0,0,26,5,4,0,1,0,0,22469,1,0,1
5,1500,4344028,0,0,1,72,52,52,0,0,1,0,20543,1,0,0
0,1500,3793605,1,1,0,27,6,6,1,0,0,0,26526,1,0,0
3,2500,836296,0,0,1,28,7,7,0,0,0,4,38099,0,0,0
16,1500,4017245,1,0,1,48,29,28,0,1,1,1,20595,1,1,0
12,1200,3060524,0,1,0,20,0,0,0,0,0,2,25557,0,0,1
17,1500,613269,1,0,0,42,22,22,0,0,0,0,42085,1,0,0
4,800,3531430,1,0,0,70,48,48,1,0,0,0,30099,1,0,0
2,1200,3267748,1,0,1,60,40,40,0,0,0,1,22027,1,0,0
10,1200,1489497,0,0,2,57,36,36,0,3,1,0,41638,1,0,0
12,1000,4666748,0,1,1,44,24,24,0,0,0,0,48617,1,1,0
3,800,3878933,1,0,0,18,0,0,1,0,0,0,10202,1,2,1
13,1000,1786162,1,1,3,66,44,43,1,0,1,1,52132,1,0,0
10,1500,2966492,0,0,0,65,47,46,0,1,0,1,30250,1,1,0
9,2000,3622089,1,0,0,33,12,12,0,0,0,0,42497,0,0,0
18,3000,3052031,1,0,1,52,34,34,1,0,0,4,33945,0,0,0
17,1200,1239069,1,1,0,32,11,11,0,0,0,2,22211,1,1,0
5,1500,662691,0,0,4,51,29,29,0,0,1,0,26199,1,1,0
14,2500,4562429,1,0,1,70,51,50,0,1,0,0,17811,0,0,0
9,1000,2898642,0,1,0,28,10,10,1,1,2,3,9596,1,1,1
4,1500,2379014,1,0,0,26,4,4,0,0,0,0,30026,1,0,0
4,2000,3372644,1,0,1,74,55,55,1,0,1,0,32278,1,0,0
9,800,3783157,1,0,1,41,20,20,1,0,0,1,43948,0,0,1
4,2000,1371999,0,1,4,54,33,32,0,0,0,1,13180,1,1,0
2,2000,4578997,1,1,1,52,33,32,0,0,0,1,23720,1,0,0
5,800,4321020,0,0,1,39,17,16,0,0,0,0,12085,1,0,0
3,800,1874570,1,0,0,57,38,38,0,1,0,0,33936,1,0,0
17,800,1704475,1,0,0,55,37,37,0,1,0,0,56671,1,0,0
8,1200,2176342,0,1,1,24,5,5,0,1,1,0,20861,1,0,1
16,1500,3659174,0,0,3,61,41,41,0,0,1,3,22610,0,0,0
12,1500,3148475,1,0,1,47,29,29,0,1,0,4,22283,1,1,0
14,1200,4831029,0,1,0,46,24,24,0,1,0,0,25338,1,0,1
19,2500,4126387,0,0,1,72,54,54,0,0,0,0,46192,1,0,0
16,1200,2440499,1,0,1,56,35,34,0,1,1,0,40129,1,1,0
12,800,1914085,1,1,0,58,37,37,1,0,0,0,5943,0,0,0
15,1200,4854651,1,1,1,26,5,5,0,0,1,1,55119,1,0,1
3,1500,2422270,1,0,1,18,0,0,1,0,0,0,11338,1,1,1
4,1200,3175942,0,0,0,20,0,0,0,0,0,0,5598,1,0,0
4,1200,4335889,1,0,1,22,0,0,0,1,0,3,48535,0,0,1
8,1000,1297197,1,0,0,28,6,5,1,0,0,1,41192,1,0,0
16,2000,1365597,1,1,0,21,3,2,0,1,1,0,16336,1,0,1
12,3000,348215,0,1,1,61,42,41,1,1,0,0,6287,1,1,0
1,1200,563367,0,1,0,50,31,30,0,0,0,1,37529,1,0,0
12,1200,4584466,1,0,1,50,28,28,0,1,0,0,45245,0,0,1
18,1500,4066469,1,0,1,62,44,43,0,0,0,0,31199,1,0,0
2,1500,1107958,1,0,3,37,15,15,2,0,0,1,47239,1,0,0
9,1200,3393724,0,0,2,54,33,32,0,1,2,3,24998,1,1,1
1,2500,4449513,1,0,1,37,16,16,0,0,1,0,35613,0,0,1
12,1500,3048488,0,0,0,51,29,28,0,0,0,0,18519,1,1,0
18,1200,713552,1,0,1,38,17,16,0,1,0,3,51241,1,1,0
16,1500,330796,0,0,0,68,48,48,0,0,2,0,8593,1,0,0
13,2500,3866111,0,0,1,24,4,4,0,0,1,0,49083,1,0,0
11,2000,3381072,0,0,0,33,13,13,0,0,1,1,50712,1,0,1
11,800,2041888,1,0,1,49,30,29,0,3,1,0,42191,1,0,1
10,1200,2218912,0,0,0,53,34,33,1,0,0,0,49400,1,0,0
6,1200,4948977,1,0,0,67,49,48,0,2,0,0,23179,1,0,1
3,1200,396931,1,1,4,28,9,8,1,0,0,0,41909,1,1,0
18,1500,4489982,0,0,0,73,51,50,0,0,0,1,46502,1,0,0
0,2000,3082773,0,1,1,65,47,47,0,0,0,1,40772,1,0,0
2,1500,2326046,0,1,1,46,28,28,0,1,2,0,12829,1,0,0
12,3000,4038350,1,0,0,59,37,36,1,0,0,0,15113,1,0,0
14,1200,3846547,0,0,1,51,31,30,0,0,0,0,47285,1,0,0
1,2000,4047256,1,0,0,72,53,52,0,1,2,0,55358,1,1,1
10,2000,858549,1,0,1,73,55,55,1,0,2,1,39851,0,0,0
3,1200,3038807,0,0,1,27,7,7,0,0,0,1,18763,1,0,0
18,1500,4772155,1,1,0,20,0,0,0,0,0,2,40323,1,0,1
16,1000,2677305,0,0,0,39,19,19,0,0,0,0,36654,1,0,0
2,2000,4160851,1,1,1,49,29,29,0,1,0,2,57217,1,0,0
17,1500,842519,1,1,1,61,42,42,0,0,1,1,10859,1,0,0
7,1200,4159970,0,0,1,37,16,15,0,0,0,0,57905,1,1,0
18,1500,4903445,0,0,0,19,1,1,0,0,1,0,12733,0,0,1
4,1500,825604,1,0,1,25,3,3,0,0,0,2,57489,1,0,0
6,1000,577433,1,0,0,67,49,48,0,0,0,0,17170,1,0,0
7,800,3809954,0,0,1,58,39,38,0,0,0,2,9204,1,0,0
4,1200,1921750,1,1,0,42,24,24,1,1,2,0,37934,1,0,0
16,1500,1413596,1,0,0,28,9,8,0,0,2,0,36879,1,1,0
4,2000,4862509,0,0,1,41,22,22,0,0,0,3,35231,1,0,1
3,2500,385643,1,1,0,43,25,24,0,0,1,0,30828,1,0,0
18,1500,1710547,0,0,3,52,30,30,0,0,0,1,52668,1,2,0
1,2000,3866223,0,0,1,57,35,34,1,1,1,0,8071,1,0,0
10,1200,3333012,0,0,3,22,4,3,1,0,0,0,35926,0,0,1
12,1500,3639335,1,0,0,32,11,10,0,0,1,4,55931,0,0,1
14,1000,1852816,0,1,0,59,39,39,1,0,0,0,51516,0,0,0
11,1200,3344699,1,1,1,31,9,9,1,0,0,0,49802,1,0,0
10,1500,2640102,1,0,0,54,35,35,0,0,0,2,31225,1,0,0
6,800,4327662,1,0,0,35,13,12,1,1,0,2,45643,1,0,1
4,1500,3433948,1,0,1,29,8,8,0,0,0,0,5699,1,1,0
16,2000,2614659,1,1,1,20,2,1,0,0,2,1,49050,0,0,0
19,1200,4385390,1,1,0,57,36,35,0,0,1,3,47100,1,0,0
8,1200,4605041,1,0,1,63,43,42,1,0,0,3,17289,0,0,0
13,2000,3267597,1,0,1,50,28,28,0,0,0,0,53993,1,0,0
11,2000,3177156,0,1,1,21,2,2,0,0,1,0,15944,1,0,0
5,1200,522316,1,0,0,71,52,52,0,0,1,0,2291,0,0,0
16,1200,2044188,0,0,0,74,53,53,0,1,1,0,22545,0,0,0
18,1500,778706,0,1,1,57,39,39,0,2,0,0,24510,1,0,0
18,1500,431777,0,0,1,43,23,22,0,0,0,0,28144,1,0,0
15,1000,613654,1,0,0,38,20,19,0,0,1,4,2923,1,0,0
11,1200,1132725,0,0,1,62,40,40,0,0,1,0,43722,1,0,0
11,2000,2253230,0,1,0,33,12,12,0,0,1,0,4389,1,0,0
19,1500,1319620,0,0,2,65,44,43,1,0,0,0,31741,0,0,0
5,3000,3931526,1,0,1,40,21,21,1,0,1,1,3942,1,0,0
3,2000,4359107,0,0,1,41,19,19,0,0,0,0,46388,1,1,1
5,2500,3228004,0,1,1,26,7,7,0,1,0,0,20347,1,1,0
10,1000,2810520,1,0,0,36,18,17,0,1,0,0,23414,1,0,0
0,2000,3505006,0,0,0,44,23,23,1,1,1,0,20228,0,0,1
14,800,1285359,0,0,0,57,36,36,0,1,0,2,49343,0,0,0
10,1500,360216,0,0,0,48,28,28,0,0,0,2,24366,1,0,0
18,1200,1610929,1,1,0,68,50,50,0,0,1,0,56422,0,0,0
17,1200,2795202,0,0,1,18,0,0,0,0,0,0,28206,1,0,0
16,2000,2821880,1,1,0,30,10,10,1,0,0,0,55712,1,0,1
18,2000,1935349,0,1,3,62,41,41,1,0,1,0,23484,0,1,0
13,800,2318039,1,1,0,21,0,0,1,1,0,4,5222,1,0,0
17,1500,4825946,1,0,4,72,53,52,0,0,0,0,39936,0,0,0
18,1200,4900548,1,0,4,42,24,23,0,0,2,0,18178,1,0,0
14,1200,704933,0,0,0,27,8,7,1,0,0,4,32680,1,0,0
14,2000,2392174,0,1,4,40,19,18,0,1,2,0,43371,1,0,1
3,1200,4000561,1,1,3,60,40,39,1,0,1,1,32222,1,0,0
6,2500,3816951,1,0,0,47,28,28,1,0,0,4,32100,1,0,0
12,1000,2700396,1,1,4,31,10,10,0,0,0,4,33111,1,0,0
2,1500,2133920,0,1,0,49,30,29,1,0,0,4,12272,1,1,0
15,1500,2323715,1,1,0,47,29,29,0,0,0,3,32868,1,0,0
8,1200,1598513,1,1,1,22,3,2,0,0,0,2,6436,1,1,0
7,1200,1499968,0,1,0,62,44,43,0,1,1,0,45337,1,0,0
19,2000,1367877,1,1,0,32,14,13,1,0,0,0,51475,1,0,0
12,2000,554531,1,0,4,34,12,12,0,0,0,0,11864,1,0,0
16,1200,3726845,1,1,4,65,45,45,0,1,2,3,19629,0,0,0
16,1500,2302131,0,0,1,50,31,31,0,0,0,0,48708,1,1,0
16,800,998119,0,0,1,29,8,8,1,0,0,0,48301,1,0,0
0,1000,809365,0,1,4,42,20,19,0,0,1,1,17702,1,0,0
7,1200,1311684,1,1,0,69,49,49,0,0,0,0,57127,1,0,0
18,800,2496169,1,1,4,36,14,13,1,1,0,1,31605,1,1,0
5,2000,2395187,1,0,0,70,51,51,0,0,3,1,46498,1,0,0
2,1500,4493211,0,0,3,40,21,20,2,0,0,0,49209,1,2,1
4,2500,3398999,0,0,1,56,37,36,1,2,0,0,43312,1,0,1
12,1500,4747284,0,0,4,22,2,1,0,0,0,0,11368,1,1,1
14,2500,3072463,1,1,3,57,35,34,1,0,0,0,38372,0,0,0
13,1500,2336991,0,0,3,38,17,16,0,0,2,0,55775,1,1,1
15,1500,1084512,0,0,1,53,31,31,0,0,0,0,9425,1,0,0
17,3000,1228220,1,0,2,31,11,10,0,0,0,2,41715,1,1,0
10,1500,2314665,0,1,1,23,5,5,0,0,1,2,30836,1,1,1
2,800,2132981,0,0,0,36,18,18,0,0,1,0,14682,1,0,0
9,1500,669199,0,1,1,21,3,3,0,0,1,0,49216,1,1,0
9,2500,2881108,0,0,0,41,20,19,0,1,0,0,33487,1,0,0
15,2000,4540712,1,0,3,43,23,23,0,0,0,4,14243,0,0,1
11,1500,1309424,0,1,0,59,39,39,0,0,1,0,41464,1,0,0
1,1500,4428617,0,0,4,36,18,17,0,1,1,0,48854,1,0,1
8,3000,901946,1,0,0,49,29,28,0,0,0,0,15876,1,0,0
2,800,1150340,1,1,0,59,39,38,0,0,0,1,4037,0,0,0
14,1500,2423657,1,1,4,62,43,43,0,1,1,2,40730,1,1,0
2,1200,2485982,1,1,0,52,31,31,0,0,0,4,57921,0,0,0
18,1500,1432628,0,1,1,71,51,50,2,0,1,3,2318,1,0,0
17,1500,3714804,1,0,1,57,39,38,0,0,0,0,54923,1,1,0
7,1000,3267029,1,0,0,59,37,36,0,0,2,3,22136,0,0,0
16,1000,3082753,1,0,1,19,0,0,0,0,1,4,24874,1,0,1
7,1500,1496360,1,1,1,50,29,29,0,0,0,0,16880,1,0,0
6,1000,3907137,1,1,4,27,7,7,0,1,1,0,19927,0,1,1
6,1200,4523409,1,0,0,62,43,42,0,1,0,0,31696,0,0,0
2,2000,2427534,1,0,0,50,30,30,0,0,0,3,45324,1,0,0
0,1200,2747188,0,0,1,40,22,22,0,0,0,4,6895,1,1,0
3,1200,813875,1,1,0,51,31,30,0,0,0,4,2478,1,0,0
4,2500,4513893,0,0,0,74,52,52,0,0,0,0,21924,1,1,0
0,1000,994961,1,1,0,59,37,37,0,2,0,1,4500,0,1,0
14,1200,4877277,1,1,1,53,32,32,0,0,0,1,23675,1,0,0
4,1500,4928195,1,1,3,47,29,29,0,0,1,0,17245,0,0,0
12,2000,4659742,1,0,0,56,35,34,1,0,2,4,26497,1,1,1
7,2500,2794219,1,1,0,22,2,1,0,0,1,3,6119,1,1,0
7,2500,3669384,1,1,1,38,19,18,0,1,0,0,17583,1,0,0
4,2000,2637537,1,0,0,33,12,11,0,1,0,0,25503,0,0,0
8,1000,1287647,0,0,1,24,2,2,0,0,0,1,54977,0,0,0
0,800,2439123,1,1,0,26,8,7,0,0,0,0,44956,1,0,0
3,1200,3343276,0,1,0,69,49,48,1,0,1,0,59268,1,0,0
2,1000,1571089,0,0,0,74,56,55,2,0,0,0,16600,0,0,0
1,1500,3325452,0,0,0,58,40,39,0,2,1,4,16576,0,0,1
7,1500,494886,1,0,2,60,42,42,0,0,1,0,13087,1,0,0
8,800,2041211,0,1,4,41,19,19,0,0,0,1,3258,1,1,0
1,2000,3596369,1,1,1,66,47,47,0,0,0,2,25807,1,0,0
13,1000,3638747,1,0,1,43,22,22,0,0,0,0,47548,1,2,1
13,1200,1806632,1,0,0,49,27,26,0,0,0,0,42487,0,0,0
3,1500,457438,0,1,1,60,41,40,0,1,0,4,46760,1,0,0
5,1200,1165936,1,1,1,44,24,23,0,0,0,0,56685,0,0,0
10,1200,3201074,0,1,0,58,37,36,0,1,0,4,53369,1,1,0
2,800,3071685,1,1,0,36,17,17,0,1,1,3,35036,0,1,1
7,1200,1716100,0,0,0,25,5,5,0,1,0,0,10123,1,0,0
2,2000,4006779,0,1,0,54,33,32,0,1,0,0,36667,1,0,1
13,2500,4974870,0,0,1,23,3,3,1,1,0,0,12772,1,0,1
12,1200,865972,1,1,4,36,14,13,1,0,1,0,29493,0,0,0
12,1200,854999,0,0,1,60,40,39,0,1,0,3,20766,1,0,0
1,1500,3601370,0,1,1,40,22,21,1,0,1,0,31312,1,0,0
12,2500,4922884,1,1,0,19,0,0,1,2,1,2,27145,1,0,1
18,1200,3100121,1,0,0,20,0,0,1,0,0,1,40391,0,0,1
5,1200,3896466,0,0,1,19,0,0,0,0,0,0,54879,1,1,1
15,2000,1904255,1,0,0,30,9,9,0,1,0,0,40776,1,0,0
1,1500,840076,0,1,0,49,31,30,0,0,0,0,21868,1,1,0
7,1000,875343,1,1,1,60,42,42,1,0,0,4,32806,1,0,0
16,1500,1987051,1,1,0,42,22,21,0,0,1,0,35746,1,0,0
1,1000,768648,1,0,0,60,39,38,1,0,0,0,42560,0,0,0
9,1500,3825943,1,0,0,30,8,8,2,0,0,1,32330,1,0,1
15,1500,2289645,1,0,0,47,27,27,1,0,0,1,30344,1,0,0
5,2000,1172894,0,0,1,36,17,16,0,0,1,0,20799,1,0,0
1,1200,1361952,1,1,0,41,21,20,0,0,0,0,20458,1,0,0
1,1200,1673716,0,1,0,71,52,51,1,2,1,0,8203,1,0,0
12,1000,4574760,0,0,0,62,44,44,1,0,0,0,54842,1,0,0
14,2000,365783,1,1,0,50,30,30,0,1,0,0,44351,1,0,0
1,1000,2329613,1,0,4,30,10,9,0,0,1,0,39945,1,0,0
6,1200,579509,1,0,0,48,30,30,0,1,1,2,11478,0,0,0
2,1000,3417323,1,0,0,55,33,33,1,0,0,1,11803,0,0,0
7,2000,1203261,1,0,1,25,5,4,1,0,0,0,50423,1,0,0
13,1200,988863,1,1,0,47,26,25,0,0,0,3,19301,0,0,0
6,1200,638531,0,0,1,36,18,17,0,0,1,0,46960,0,0,0
6,1200,379942,1,0,0,49,27,26,0,0,0,2,51739,1,0,0
0,2000,3778123,0,1,4,47,29,28,1,0,0,2,50446,1,0,0
16,1500,2037317,0,1,4,72,54,54,0,0,0,0,39723,1,0,0
8,1500,2652537,0,0,1,63,41,40,0,0,0,2,59620,1,0,0
12,2000,3500508,0,0,1,55,33,33,0,0,0,1,43831,0,0,0
18,2500,1588719,0,0,0,34,12,11,2,1,0,2,31477,0,0,1
18,1200,2013261,1,0,4,51,30,29,0,1,0,1,50176,1,0,0
16,2500,4593279,0,0,0,33,14,14,0,0,0,0,13551,1,0,1
9,800,3706936,0,1,0,54,36,36,0,1,1,0,16405,0,0,0
9,1200,1601775,1,0,0,72,52,52,0,1,0,0,2288,1,0,0
3,2000,1147094,1,0,0,69,50,50,0,0,0,0,43042,1,1,0
7,1200,380249,1,1,1,23,3,2,2,0,0,0,41409,0,0,0
19,1200,2977965,1,1,0,19,0,0,0,0,2,0,17073,1,0,0
19,1200,4367133,1,0,1,22,2,2,0,0,0,0,47213,1,0,1
17,1500,2381565,0,0,0,59,38,38,0,0,1,3,42986,0,0,0
13,1200,2120407,0,0,3,36,15,15,0,0,0,0,45289,1,0,0
17,1500,413094,1,0,1,18,0,0,0,1,1,0,2823,1,0,0
13,2000,3658786,1,0,1,55,33,32,1,1,0,0,49702,1,2,1
19,1500,3533325,0,0,1,42,21,21,0,0,1,2,28558,1,0,0
14,1000,3919794,1,0,3,33,15,15,1,0,0,0,2698,1,0,0
3,2500,2661386,1,0,0,47,28,28,0,1,2,0,3691,1,1,0
12,1200,2157462,0,0,0,47,29,29,0,2,1,0,41939,1,1,1
7,1000,4964763,1,1,1,27,7,6,0,0,0,2,56986,0,0,1
17,800,3175625,1,0,1,57,39,38,0,0,0,0,14692,1,0,0
11,1500,1013926,1,1,0,69,48,47,0,0,1,1,33560,1,0,0
13,1000,753104,0,0,0,41,23,23,0,2,0,0,37182,1,0,0
1,1000,1249511,0,1,0,38,18,17,0,3,1,4,17371,0,0,1
17,1200,1190992,1,0,0,68,48,47,1,0,0,0,29365,0,1,0
1,1200,4491180,1,0,4,69,48,47,0,0,0,0,9936,1,0,0
10,1500,3186931,0,1,0,56,37,37,1,0,0,1,51076,0,0,0
8,2000,3324017,0,1,1,32,10,10,0,1,2,0,14171,0,0,0
11,2000,936260,0,1,1,22,3,2,0,0,1,0,3750,1,1,0
16,1200,3711973,0,1,0,53,31,30,0,0,0,1,7096,0,0,0
14,1000,3356109,1,0,0,68,47,47,0,0,1,0,42261,1,0,0
16,2500,2498635,0,0,0,68,47,47,0,2,0,0,21058,1,1,1
17,800,541411,0,0,1,59,38,38,1,1,1,0,37826,1,0,0
5,2000,1993766,0,0,0,39,19,19,0,2,0,1,44214,1,0,0
16,1000,526218,0,1,0,25,6,5,0,1,1,0,36997,1,1,0
17,2500,1628467,1,0,0,48,26,25,0,0,0,1,5611,1,0,0
7,1200,3591809,0,1,0,69,50,49,0,0,1,0,6815,1,1,0
8,1200,4321347,0,0,0,18,0,0,0,0,0,0,13380,0,1,1
5,1500,3948838,0,0,0,37,19,18,0,0,1,0,43596,1,1,1
4,1500,3840000,1,0,0,45,26,25,0,0,0,0,45347,1,0,0
11,1200,4178131,0,0,1,48,30,30,2,2,0,4,19719,1,0,1
10,1500,4193973,0,1,0,70,49,48,1,0,1,2,33317,0,0,1
0,1500,3371607,1,1,1,41,21,20,0,1,1,1,30151,0,0,0
10,800,1227580,0,0,1,62,42,42,0,1,0,0,59897,0,0,0
18,800,1203044,0,1,3,24,5,4,0,0,1,3,13068,1,0,0
8,1200,1721261,1,0,0,19,1,1,0,0,1,2,47847,0,0,0
1,1000,4660625,1,1,0,26,8,7,0,1,2,0,49709,1,0,1
11,1500,4700994,0,0,3,36,14,13,0,0,0,1,32669,0,0,0
3,1000,2387745,1,0,2,58,39,39,0,1,1,0,46377,0,0,0
3,1200,765802,1,0,0,66,47,47,0,0,0,2,22039,0,0,0
17,1000,2718608,1,0,0,42,24,24,0,0,0,0,10473,1,2,0
14,1500,479170,1,0,3,40,22,21,0,0,0,0,4965,1,0,0
18,1000,3613718,1,0,0,67,47,46,0,0,0,3,47479,1,0,0
12,800,1757668,1,0,3,27,8,8,1,1,0,3,8539,0,0,0
18,800,3176863,0,0,4,40,20,20,0,0,0,3,8719,1,0,0
16,2500,4093954,0,1,0,50,29,28,0,0,0,0,55640,1,0,0
5,1000,3192782,0,1,2,60,39,39,0,1,1,2,6317,1,0,1
15,1500,4063318,1,1,0,36,18,18,0,1,0,0,34164,0,0,0
11,800,3020964,1,0,1,72,50,50,0,0,0,0,35937,1,0,0
18,1000,4662805,1,0,0,68,50,50,1,0,2,0,18679,1,0,1
4,1500,4467510,0,0,0,51,32,32,1,0,0,1,2290,0,0,0
16,1200,3131213,0,0,1,54,36,35,0,0,0,0,59844,1,0,0
0,2500,1564439,0,0,0,20,0,0,0,1,1,3,39523,1,1,1
9,2500,4879841,1,0,4,62,44,44,1,0,0,2,4492,1,1,0
14,2000,3824177,0,0,0,74,54,54,2,0,0,2,59483,1,0,1
10,1500,1060669,1,0,0,24,3,3,0,0,0,4,6028,1,0,0
12,1200,1270413,0,0,0,60,40,39,0,0,1,1,9149,0,0,0
4,1200,3405472,1,1,3,66,47,46,0,0,1,3,10311,1,1,0
0,2500,331528,1,1,0,18,0,0,0,0,1,0,31611,1,0,0
11,1500,4997715,1,0,3,71,52,51,0,0,0,3,42100,1,0,0
10,1500,4892473,0,0,0,53,33,32,0,0,0,4,32443,0,0,1
16,1000,950016,1,1,1,18,0,0,0,0,0,0,49398,1,0,0
3,800,2582039,1,1,3,58,38,37,0,2,0,0,31366,1,0,0
14,2500,1632736,1,1,0,47,27,27,0,0,0,0,54381,1,1,0
8,1200,706464,0,0,0,67,47,47,0,0,0,0,5650,1,0,0
19,1200,2807644,1,0,4,49,31,31,1,0,1,1,13377,1,0,0
18,1000,920832,0,0,1,66,44,43,0,0,0,0,49431,1,0,0
18,2000,4198837,0,1,1,36,17,17,0,0,1,0,2564,1,0,0
11,800,3920966,0,1,2,64,43,43,0,0,0,0,38521,1,2,0
4,2000,2052212,0,0,1,27,6,5,1,0,0,3,45291,1,0,0
9,1000,2942969,0,0,2,61,42,42,0,0,0,0,46598,0,0,0
16,2000,2564238,1,0,1,65,47,46,1,0,0,2,59536,0,0,1
4,1500,3727968,1,1,1,61,42,41,0,0,1,0,3616,1,1,0
15,1000,3017093,0,1,0,50,30,30,0,0,0,0,43483,0,0,0
6,1500,2312813,1,0,4,62,40,40,0,1,0,0,37815,1,0,0
8,1200,3973433,1,0,1,21,2,2,0,0,0,3,59660,1,0,1
2,1000,2246678,0,0,0,37,19,19,0,1,1,4,13514,1,0,0
14,2000,2302507,0,1,1,71,51,51,0,0,0,0,6005,1,0,0
15,1200,4949790,0,1,0,61,42,41,0,0,2,0,8103,1,0,0
17,1200,1668983,0,0,1,68,49,48,0,1,1,0,9545,0,1,0
13,1000,3302824,0,0,4,32,12,12,0,0,4,0,2300,1,1,1
2,1200,1411903,1,1,0,58,40,39,0,0,1,0,34874,1,0,0
11,2000,4856909,1,0,4,71,49,49,1,0,0,0,44507,1,0,1
8,1200,2496251,0,0,0,47,25,25,0,0,0,0,19479,0,2,0
6,2500,3522653,1,0,1,24,4,4,0,0,0,0,34498,1,0,1
8,2500,2710331,1,1,1,55,34,33,1,0,1,0,22703,1,0,0
12,1000,2769159,0,1,0,58,40,40,0,0,1,0,56613,1,0,0
17,1000,2927484,1,0,1,35,14,14,0,1,1,4,52127,1,0,1
4,2000,4405001,1,0,2,47,26,25,1,0,1,0,19402,1,0,0
12,1200,1113941,1,0,0,25,4,4,0,0,0,0,9446,1,0,0
3,800,1763396,1,1,0,38,20,19,0,0,1,0,52637,1,0,0
1,1200,3905052,1,1,1,67,46,46,0,0,1,0,48320,1,0,0
15,1500,2529430,0,0,1,62,42,42,1,1,1,3,38047,1,0,1
8,2000,2249595,1,0,4,24,5,4,1,0,1,0,12913,1,0,0
8,1000,2737928,1,0,0,61,41,41,1,0,0,2,2938,1,0,0
5,1000,4022248,1,0,4,22,3,2,0,0,0,0,4168,1,0,0
10,2500,4267388,1,0,1,49,27,27,0,2,1,0,48459,0,0,1
0,2000,1958789,0,1,0,33,12,11,0,0,0,2,41586,1,0,0
3,1500,3221277,1,1,4,57,35,34,0,0,0,0,45188,1,0,0
12,2000,4578837,0,0,0,43,21,20,1,0,0,3,47197,1,0,1
12,1200,4856467,1,1,1,44,26,26,1,0,0,0,15927,1,1,1
12,2000,2640967,0,0,1,71,50,50,0,0,1,0,32786,1,2,0
1,1200,4581469,1,1,0,56,34,33,0,1,1,0,32401,1,0,0
8,1000,3462788,1,0,1,45,26,25,1,0,0,3,28085,1,0,0
7,1500,3164048,1,0,1,50,31,30,0,0,1,1,42502,1,0,0
6,1200,2608365,0,0,0,19,1,0,2,0,0,0,46329,1,0,1
3,3000,4136369,1,0,1,58,36,36,1,0,0,3,40997,0,0,1
17,1200,4142848,1,0,4,32,10,10,0,0,0,4,58664,1,0,1
2,2500,4962389,0,0,1,56,34,33,0,0,0,1,44649,1,0,0
5,2500,4543297,1,0,4,24,6,5,1,1,0,0,33431,0,0,1
11,1000,903747,1,1,0,37,16,15,1,1,0,0,54378,1,0,0
11,2000,2908108,0,0,1,30,8,8,3,0,1,0,33607,0,0,1
7,1200,1252303,1,0,1,49,27,27,0,0,0,3,19189,0,0,0
0,2500,1792452,0,1,0,46,26,26,0,0,1,0,26924,1,0,0
3,1200,2766902,1,1,4,21,2,1,0,0,0,0,47160,1,0,0
10,1500,3384521,1,0,2,36,15,14,2,0,2,0,9737,1,0,0
2,1200,1054719,1,0,3,27,6,6,0,2,0,0,57557,1,0,0
12,1000,4459844,0,0,1,53,32,31,0,1,1,2,49147,1,0,1
16,1000,3699118,0,0,3,29,7,7,0,0,0,0,27088,1,0,0
9,1200,4665251,0,0,1,39,19,19,0,0,0,0,45232,0,0,1
11,2000,1911302,1,0,1,44,23,23,0,1,3,0,37691,1,0,0
14,1500,4670525,0,1,4,52,34,33,0,1,0,0,52845,1,0,1
9,1500,3525097,1,0,0,57,39,39,0,0,0,4,12235,1,0,0
13,1200,3201718,1,0,1,34,15,14,1,0,1,0,49823,1,0,0
12,1200,3796179,0,0,0,23,3,2,0,0,0,0,32161,1,1,0
4,800,1106244,1,1,4,62,41,41,0,0,0,0,18078,1,0,0
5,2000,868810,1,0,0,67,47,46,0,1,0,0,58894,0,0,0
1,3000,3534111,1,1,0,65,47,46,1,0,0,1,27956,1,0,0
16,1200,2615399,0,0,0,60,39,38,1,0,0,3,59372,1,0,1
3,800,795911,1,1,1,31,9,8,0,0,0,4,12319,1,0,0
13,1000,1591364,1,0,0,50,32,31,1,1,0,0,43487,1,0,0
9,1500,2568314,0,0,1,61,42,41,0,0,0,3,14116,1,1,0
2,1500,2685495,1,1,0,69,48,48,0,0,0,0,9037,1,1,0
2,2000,4373019,1,1,1,45,26,26,0,0,0,1,55677,1,0,0
14,1200,4751042,0,1,0,55,35,34,0,1,0,0,7783,0,0,0
5,2000,2981979,0,1,0,24,5,4,0,1,1,0,46141,1,0,0
16,1500,955423,1,0,2,28,9,8,0,0,0,0,52914,0,1,0
11,1200,2212696,0,0,0,50,28,28,1,0,0,0,35515,0,0,0
19,1500,1581979,1,0,0,20,1,1,0,0,1,2,21498,1,0,0
10,1000,1494607,1,0,4,39,17,17,1,0,1,4,11550,1,0,0
3,1200,3608080,1,0,0,30,11,11,0,0,1,0,18931,1,0,0
5,2000,786676,1,0,0,46,24,24,0,0,0,2,27102,1,0,0
0,1200,737474,1,1,0,23,5,5,0,1,1,0,38302,1,0,0
19,2000,2555691,0,0,0,59,37,37,1,0,0,0,29437,1,0,0
15,1500,403813,0,0,0,71,53,53,0,0,2,0,6133,1,0,0
14,1000,3379316,0,0,2,56,38,37,2,0,0,0,51812,1,0,0
16,1500,356682,0,1,0,60,39,38,1,0,0,2,22352,1,0,0
7,1500,2011567,1,1,0,72,54,53,0,0,1,0,37445,1,0,0
11,1200,2159982,1,0,3,45,24,24,1,0,3,1,12712,1,0,0
9,1000,1711897,0,1,0,32,10,10,0,1,2,0,58824,1,0,0
14,1200,2826404,0,1,0,41,21,21,0,1,0,3,29496,1,0,0
8,800,1433190,0,1,1,60,39,38,0,0,0,0,54376,1,1,0
1,800,4293976,1,0,0,67,47,46,0,1,0,3,48770,0,0,1
4,1200,4018542,1,0,0,43,21,21,0,0,0,0,24678,0,2,0
5,1200,2335575,1,0,1,18,0,0,1,0,2,0,23656,0,1,0
6,2500,2783716,1,1,4,43,21,20,0,0,2,2,59333,1,0,0
0,1200,641574,1,1,0,63,43,43,1,0,1,0,12397,1,0,0
6,2000,796368,1,1,1,48,26,25,0,1,0,0,4270,1,0,0
19,1500,884095,0,0,0,40,20,19,0,0,1,4,40101,0,0,0
11,1500,1785737,1,0,0,49,31,31,0,1,0,0,15517,0,0,0
15,1200,4444458,1,0,0,61,41,40,0,1,0,3,43072,1,1,1
15,2500,1955531,0,0,1,18,0,0,0,1,1,0,6269,1,0,1
10,1500,1235209,1,0,0,35,17,17,0,0,1,0,32619,1,0,0
3,2000,2585303,0,0,4,34,13,12,0,0,0,0,20469,1,0,0
12,1200,3575063,1,1,4,63,44,44,0,1,0,1,39665,1,0,0
6,1000,2266040,0,0,1,61,40,40,1,0,1,0,10784,1,0,0
3,1500,4756981,0,1,0,45,26,25,0,0,1,2,46747,1,0,1
14,800,3758842,0,1,1,18,0,0,0,1,0,0,51209,1,0,1
18,1200,1901640,1,0,1,68,47,46,0,0,0,0,9919,0,0,0
8,1000,2489686,1,0,0,53,31,30,0,0,0,1,4347,1,0,0
10,1500,2832796,1,1,0,22,0,0,0,0,2,3,42739,1,0,1
7,3000,1077275,1,1,0,22,1,1,2,1,0,1,58420,1,0,1
0,1200,1968487,1,0,0,19,0,0,0,1,1,0,43504,1,0,0
7,2000,2093834,0,0,0,28,10,10,0,0,1,0,32970,1,0,0
12,1500,2571898,1,1,4,52,30,30,1,0,0,2,35346,1,1,0
3,1200,1587852,0,0,0,47,25,24,0,0,1,0,56911,0,0,0
7,2500,4591823,0,0,0,49,30,30,0,0,1,1,56237,1,1,1
2,2000,2879943,0,1,4,25,6,6,0,0,0,0,45960,0,0,0
8,2000,3672752,1,1,1,19,0,0,0,1,1,4,48334,0,0,1
1,1200,3338460,0,0,1,53,35,34,0,0,1,0,29096,1,0,0
1,1500,4096819,1,1,0,56,34,33,1,0,3,3,57663,1,0,1
12,1000,1924937,1,1,1,42,24,24,0,1,0,0,14296,1,0,0
14,1200,3980063,0,1,0,36,18,18,0,0,0,2,23249,1,0,1
11,1200,770908,1,0,0,68,49,49,0,0,0,0,56925,0,0,0
3,2000,3533327,0,0,1,24,2,2,0,0,1,0,43901,1,0,1
7,2000,1397020,1,0,1,57,37,37,2,0,0,0,19513,1,0,0
8,1200,487920,1,0,0,31,10,10,0,1,0,1,36071,0,0,0
4,800,1544504,1,1,1,21,1,1,0,0,2,0,45432,0,0,0
19,2000,2365988,1,1,1,63,44,43,1,0,1,0,50668,0,0,0
17,1000,511540,1,1,1,50,30,29,0,0,0,0,5158,0,0,0
10,1500,1722617,1,0,0,54,35,35,0,0,1,1,38143,0,0,0
14,800,4931759,0,1,3,60,41,41,1,0,0,1,36457,0,0,0
8,1200,2238359,0,0,0,47,29,28,0,2,1,0,24997,1,0,1
16,3000,4340660,0,0,1,64,42,42,0,0,1,1,14135,1,0,0
11,1000,1782735,0,0,0,37,16,16,0,0,0,3,37478,1,1,0
6,1200,977861,1,0,3,31,12,12,0,1,0,0,46638,1,1,0
9,1200,593236,0,0,4,44,25,25,0,1,0,2,47853,1,0,0
9,2500,3218188,1,0,0,73,55,55,0,0,0,3,34955,1,0,0
12,2000,2747120,1,0,1,30,9,9,1,1,0,0,48821,0,1,1
18,1000,2706056,0,0,0,24,5,4,0,1,1,0,16012,1,0,1
10,800,2403628,1,0,0,35,13,12,0,1,0,0,2311,1,0,0
12,1500,4215461,0,1,2,55,33,33,0,0,0,2,36674,0,0,0
7,1200,4592442,1,0,0,69,51,50,0,0,0,0,35261,0,0,0
7,1500,1601609,1,0,0,56,37,37,1,0,0,0,33864,1,0,0
3,800,1456196,1,1,1,26,5,4,0,1,0,0,41173,0,0,0
14,1000,3521226,1,0,2,40,22,21,0,0,0,0,38032,1,0,0
10,1500,2425591,0,0,0,48,30,29,0,1,0,0,21219,1,0,0
10,1000,4497704,0,1,0,19,0,0,0,0,0,4,46826,1,1,1
0,2000,3313002,1,0,0,57,39,39,1,1,1,0,9712,1,0,0
16,800,1373186,1,1,0,55,35,34,1,0,1,0,31012,1,0,0
14,1000,3727600,1,0,0,58,38,38,0,0,1,4,42010,0,1,0
19,3000,4087718,0,0,4,56,37,36,1,1,0,0,45501,1,0,1
5,1200,4977359,1,0,0,22,0,0,0,1,1,3,10256,1,0,1
14,1500,1850068,0,0,1,73,52,52,1,0,0,3,8769,1,0,0
8,1000,2374135,0,0,4,40,22,21,0,0,1,0,56925,1,0,0
13,1500,3864324,0,0,1,66,47,47,1,1,0,0,54178,1,1,1
17,1500,884141,0,0,0,49,28,28,0,1,0,3,31058,0,0,0
16,1200,3867867,0,1,1,70,52,52,0,0,1,1,33758,0,0,0
17,2000,1279898,0,1,4,56,34,33,0,0,1,3,52332,1,0,0
4,1500,3746763,0,1,0,33,11,11,0,1,0,3,13892,1,0,1
19,1200,4106018,0,0,0,72,52,51,0,1,0,0,6277,0,0,0
19,1500,1777110,0,1,0,28,8,7,1,0,0,0,25215,1,0,0
8,1500,3245537,0,0,1,31,10,9,1,0,0,0,36496,0,0,0
10,1000,4543412,0,0,0,20,2,2,0,0,0,0,45741,1,0,1
0,1200,3026727,0,1,1,70,50,50,0,0,0,0,12249,1,0,0
17,1200,3848801,0,0,1,25,6,6,0,1,1,0,28814,0,0,1
5,1200,3796091,1,1,0,32,12,12,1,0,1,0,48466,1,0,0
1,2000,1712764,1,1,1,74,53,53,0,0,0,0,43679,1,1,0
14,1200,1236388,0,1,0,26,7,6,0,1,0,0,57689,1,0,0
13,2500,1077499,1,1,1,33,11,10,0,0,1,0,41544,1,0,0
4,1200,960667,1,1,1,43,24,23,0,0,0,0,44823,1,0,0
5,1200,2147912,1,1,1,70,49,49,2,0,1,0,33402,1,1,0
5,2000,2349497,0,1,0,49,27,26,0,0,0,0,37931,1,0,0
17,1500,656858,0,0,1,35,17,16,0,0,1,4,57935,1,0,0
13,1500,2850916,1,0,1,25,4,3,0,1,0,0,30966,0,0,0
9,800,2803950,1,0,1,56,36,36,0,0,1,1,5900,0,0,0
13,1200,620109,0,1,0,69,48,48,2,0,1,0,52548,1,0,0
12,1200,3160959,0,1,0,70,49,49,2,1,0,2,52041,1,0,1
2,3000,539027,1,0,0,49,28,28,0,0,1,1,10028,1,1,0
5,1200,4142702,1,1,0,27,5,5,0,1,1,2,52828,0,0,1
7,2000,2834312,0,1,0,29,8,8,0,0,1,0,46016,1,0,0
11,1500,1433300,0,0,1,29,11,11,0,1,0,0,54697,1,0,0
12,1200,4730819,0,0,0,27,6,5,0,0,0,0,36032,1,0,1
10,1500,1856307,0,0,0,51,31,30,0,0,0,2,38599,1,0,0
11,2000,2896500,0,1,1,74,55,55,1,0,1,1,48841,1,0,0
0,2000,2599963,1,0,1,47,25,24,0,0,0,4,30216,1,0,0
16,1000,4151861,1,1,1,61,41,41,2,0,1,3,35027,1,0,0
15,1200,3191455,0,0,3,48,30,29,0,0,0,4,55409,1,0,0
10,1200,1035558,0,0,1,55,34,33,0,0,1,1,29921,0,0,0
12,800,4596622,0,0,0,42,20,20,0,0,1,0,30949,0,0,0
17,1500,4605680,0,0,1,41,19,18,0,0,1,4,35610,1,0,1
10,2000,2770654,0,0,0,50,28,28,0,0,1,3,23576,0,0,0
11,1200,4628881,0,0,0,26,6,6,1,0,1,0,14385,1,0,1
5,1500,2831846,1,1,4,42,23,22,0,0,0,1,18040,1,1,0
8,1500,2280498,1,0,1,37,18,18,0,0,0,0,43553,1,0,0
15,1200,3806441,0,0,1,65,47,46,0,1,0,0,50277,1,0,0
3,1000,3717370,1,0,4,34,14,14,0,1,0,3,8921,0,1,0
2,1500,3165548,1,0,0,69,49,48,0,1,2,4,26411,1,0,0
15,2000,2393013,0,0,0,23,3,2,0,1,0,0,22157,1,0,1
11,1500,2584282,0,1,0,53,32,31,0,0,1,0,24294,1,0,0
10,800,917854,1,0,0,58,38,38,0,0,1,2,42706,1,0,0
4,1000,1464074,0,0,0,37,17,17,0,0,1,3,25674,1,0,0
17,800,516382,1,1,4,43,21,21,0,0,2,1,43926,1,1,0
18,1500,609061,1,1,4,57,35,35,0,0,0,0,40087,1,0,0
5,2000,2889282,0,0,1,67,45,45,0,0,0,3,35631,1,0,0
17,1000,4211872,0,0,1,29,9,9,0,0,0,1,56972,1,0,1
5,2000,425154,1,1,0,24,4,4,1,0,0,0,46331,0,0,0
3,1500,2893699,1,1,1,57,35,34,0,1,0,4,10128,1,1,0
11,1500,1616444,1,0,0,47,29,29,0,1,1,2,25739,1,0,0
18,3000,433099,0,0,0,39,21,20,0,0,0,0,53096,0,0,0
1,800,1494455,0,0,0,59,40,39,0,1,0,0,7017,1,0,0
16,2500,4557413,1,0,1,46,25,24,0,1,0,0,8050,0,0,1
10,1000,1914713,1,1,0,39,18,17,0,3,0,4,32412,1,0,1
10,1200,562322,0,0,0,41,22,21,1,0,0,2,31211,0,3,0
15,2000,897009,0,0,1,20,0,0,0,0,0,0,19994,1,0,0
1,2500,2129326,0,1,1,67,45,45,3,1,0,2,44229,1,0,1
1,1500,950050,1,0,0,58,38,37,0,0,0,0,26971,1,0,0
7,1500,2925424,0,0,0,41,20,19,0,1,0,0,45122,1,0,0
12,1500,3270525,1,1,3,43,23,22,1,1,0,0,39882,1,0,0
9,2000,3390428,1,0,0,22,2,2,0,0,1,3,30379,1,1,1
7,1000,4319592,1,1,1,30,9,9,0,0,1,0,53096,0,0,0
3,2000,4726663,1,0,0,54,32,31,1,1,0,0,28652,1,0,1
14,1200,2280715,0,0,1,71,53,52,0,0,0,2,23173,1,0,0
0,1200,1029438,0,0,1,39,17,17,0,0,0,4,40906,0,1,0
10,1200,2189688,0,1,2,51,29,29,1,0,1,2,54403,1,1,0
6,1500,3453716,1,0,0,56,36,36,0,2,0,2,16080,1,0,1
16,2500,3439503,1,0,0,20,0,0,1,0,0,0,10359,0,0,1
19,1500,3477798,1,1,2,49,29,28,0,1,0,0,20518,1,0,0
17,2500,3704202,0,1,0,41,20,20,0,0,0,0,27906,0,0,0
11,1000,398113,0,1,2,26,5,4,0,0,2,0,57960,1,0,0
8,1500,4943233,1,0,1,20,1,0,1,0,2,0,36320,0,0,1
4,2000,4211927,1,0,1,39,19,19,0,0,0,4,25558,0,0,1
9,1500,3468464,1,1,4,41,20,19,0,0,1,1,53945,1,0,0
3,1500,3425463,0,1,1,55,36,36,0,0,0,3,35209,1,0,0
4,1500,1025704,1,1,1,27,7,6,0,0,0,0,10925,1,0,0
9,2000,2192789,1,1,1,52,32,31,0,0,1,0,2606,1,0,0
10,2000,3648073,1,1,1,37,19,19,0,0,0,2,57623,1,0,0
9,1000,3642299,1,0,1,58,37,37,1,0,1,0,9964,0,0,0
7,2000,3700062,1,1,1,61,42,41,0,0,2,0,36347,1,0,0
1,1200,2974932,0,1,1,29,9,8,0,0,0,1,59304,1,0,0
7,1200,2233308,0,1,1,65,44,43,0,0,1,1,16387,1,0,0
15,2000,2839585,1,1,1,60,41,40,0,0,0,0,51694,1,0,0
4,1200,1539981,1,0,0,29,11,10,0,0,1,3,47357,1,0,0
2,2000,3819345,0,1,0,34,15,15,1,0,0,1,25538,1,0,1
11,1200,4045985,0,0,0,21,1,1,0,0,0,1,36483,1,0,1
12,800,4196001,1,0,0,59,37,37,0,0,1,0,35709,0,0,0
12,1200,1214065,0,0,3,66,44,43,0,0,1,0,43189,1,0,0
9,1000,1306224,0,1,1,25,7,6,1,1,0,0,26604,1,0,1
3,2000,3830311,1,1,4,24,4,4,1,1,0,0,35487,1,0,1
8,1200,1921345,0,1,0,72,52,51,0,0,0,4,58164,1,0,0
1,1200,1554305,0,0,1,35,14,13,0,0,0,1,29463,1,0,0
18,800,3998628,0,0,0,43,21,20,0,0,0,0,50580,1,0,0
0,1200,387743,1,1,0,48,27,26,1,0,0,0,50739,1,0,0
6,2000,4374027,1,0,2,71,51,50,0,2,2,1,3851,1,1,0
16,1000,579708,1,0,0,73,55,55,0,1,1,3,58273,1,0,0
2,1500,3704733,0,1,0,73,51,51,0,0,1,0,45522,0,0,0
19,2500,1921467,1,0,0,70,49,48,2,1,0,0,46769,1,1,0
19,1500,4405231,1,0,1,25,7,6,0,0,1,0,27924,1,1,0
2,2000,3905581,0,0,1,51,31,30,1,0,2,0,14871,1,0,1
2,1000,2235411,1,1,0,63,44,43,0,1,0,2,6132,1,0,0
16,1200,2004449,0,1,0,33,14,14,0,0,0,2,29211,0,1,1
6,2000,3117527,1,1,0,37,15,15,0,0,0,0,21546,1,0,0
13,1500,573468,1,1,0,27,9,8,0,0,0,0,34326,1,0,0
16,1500,3985507,1,0,3,67,46,45,0,0,1,4,7994,0,0,0
17,1500,2738525,0,1,4,22,4,3,0,0,1,0,54782,1,0,0
12,1200,3658259,0,0,4,65,43,42,1,0,0,1,3746,1,0,0
19,800,558590,1,0,2,28,8,8,0,1,1,2,46263,1,0,0
19,2000,2276952,0,0,3,68,50,49,0,0,0,2,24641,1,1,0
17,1500,3619858,0,1,2,55,33,33,0,0,0,1,23201,1,0,0
3,1200,2527199,1,1,4,56,34,33,0,0,0,0,39731,1,0,0
0,2000,3517071,1,0,2,39,18,18,0,0,0,0,40727,1,0,0
17,1200,545258,1,0,1,28,8,7,0,0,0,1,23660,1,0,0
0,1200,1899367,0,1,0,35,17,17,0,0,0,1,33505,0,0,0
12,2000,1134337,0,0,1,35,13,12,0,0,1,1,25364,0,1,0
19,2000,3246252,1,1,1,48,28,28,0,0,1,4,5900,0,0,0
19,1500,453306,1,0,1,37,16,15,1,0,1,0,7052,1,0,0
9,1000,2604839,1,0,1,40,18,17,0,0,3,4,28237,1,0,1
10,1000,2297055,1,0,1,57,36,36,1,0,1,0,32888,0,0,0
8,1500,4957399,1,0,0,70,50,49,0,2,0,0,27752,1,0,1
8,1200,4957684,1,1,0,27,6,6,0,0,1,0,37648,0,2,1
4,2000,2485256,1,1,3,34,16,15,0,0,2,0,27324,1,0,0
0,2500,3735978,0,0,1,58,37,37,1,0,0,0,58013,1,0,0
16,2000,793467,1,1,0,62,43,43,0,0,1,1,28408,1,1,0
1,1200,4028454,1,1,3,25,6,6,0,0,0,0,28477,1,0,0
12,2000,610541,1,0,0,48,29,28,1,0,1,1,26520,1,1,0
8,1200,3103022,1,0,0,66,47,47,0,0,1,0,10880,1,0,0
3,1000,1778216,0,1,0,65,47,47,0,0,0,0,38863,1,1,0
4,800,613419,0,0,3,74,52,51,0,0,2,0,55806,1,0,0
10,1200,4024050,1,0,1,65,46,46,1,0,0,0,47956,1,0,0
18,2500,971377,1,1,1,70,51,51,0,0,0,1,17767,1,0,0
2,1000,2476524,1,0,4,57,35,35,0,0,0,3,17173,1,0,0
11,1000,1428298,1,0,4,43,24,24,0,1,1,0,22944,0,0,0
18,2500,2263169,0,0,1,59,37,36,0,0,0,0,42635,1,0,0
18,800,1778508,1,0,3,61,42,42,0,1,1,2,46154,1,0,1
12,2000,2718034,0,0,1,67,45,44,0,1,0,4,47386,1,0,1
6,1200,3204040,0,0,1,72,50,50,1,0,0,0,4589,1,0,0
14,800,2531858,1,0,0,26,6,6,1,1,1,0,58459,1,0,1
6,2500,1922230,1,0,0,49,28,27,0,0,0,0,6238,1,0,0
7,1000,4883382,0,0,0,40,18,18,1,0,0,0,31325,1,0,1
4,1500,3120507,1,0,2,49,30,29,0,0,0,0,50263,1,0,0
13,1200,3935999,1,0,0,74,56,55,0,1,0,0,34047,1,1,0
3,800,645270,1,0,0,53,31,30,0,0,0,0,13148,0,0,0
9,800,3252589,0,0,0,22,3,2,1,0,0,0,16107,1,0,1
19,1000,4269775,1,0,1,72,50,50,1,1,1,0,28602,1,0,1
14,800,2500205,0,0,0,65,45,45,0,0,2,1,26403,0,0,0
17,2000,779130,0,0,2,18,0,0,1,0,1,2,16896,1,0,1
19,1200,4341768,0,0,4,67,49,48,1,1,0,0,58857,1,0,1
12,1200,2067150,1,1,4,67,48,48,0,0,0,2,35207,1,0,0
7,1200,4741181,0,0,1,48,27,26,0,0,1,3,49912,0,0,1
8,2500,2770294,1,0,4,48,28,28,0,1,0,0,32567,1,0,0
15,2500,642033,1,0,0,74,53,53,0,2,0,3,32375,1,1,0
18,1500,485070,0,1,1,68,50,49,0,1,1,1,2381,1,0,0
15,2000,3685191,1,1,0,26,8,8,1,0,2,0,44006,1,0,0
6,1200,4448731,0,0,3,50,29,28,0,0,0,0,18910,1,0,0
13,1200,2841899,1,0,0,52,30,29,0,0,1,1,49067,0,0,0
13,1500,2712712,0,0,1,43,22,21,1,0,2,0,49616,1,0,1
3,1500,3694311,1,0,1,19,0,0,0,0,0,0,38347,0,0,0
14,1200,3345023,0,0,1,51,29,28,0,0,0,0,57505,1,0,0
2,1200,2545456,1,0,0,34,12,11,2,1,1,0,24064,1,0,1
4,3000,4162525,1,0,1,23,1,0,0,0,1,3,10648,1,0,1
0,2000,2030404,0,0,1,54,34,34,0,1,1,1,34380,1,0,0
2,1200,4691432,0,0,0,48,30,30,0,0,1,0,25873,0,0,0
14,1500,4743640,1,1,1,45,27,26,0,1,1,0,6657,1,1,0
7,1200,1200441,1,0,3,38,16,16,0,0,0,0,45340,1,0,0
3,1000,785679,1,1,4,28,6,6,0,1,0,2,11229,1,0,0
1,1200,3451986,1,0,0,58,38,37,0,0,0,2,25065,1,1,0
9,1200,2715255,1,0,0,71,51,50,0,0,0,2,49583,0,0,0
3,800,859190,0,1,0,74,55,55,0,0,0,0,6994,1,0,0
2,2000,3985470,1,0,1,53,32,31,0,1,1,4,59745,0,0,0
1,1200,2434758,1,0,3,56,38,38,0,0,1,3,55716,1,0,0
16,1500,3762841,0,0,4,62,44,44,0,0,0,1,36078,1,0,0
19,800,4977233,1,0,4,65,45,44,0,0,1,1,3313,1,1,0
12,1000,1684399,0,0,1,44,23,22,0,1,0,0,26873,1,0,0
4,2000,3535356,0,0,1,37,17,16,0,1,0,1,5396,1,0,0
8,1500,4411050,0,0,0,66,47,46,0,1,0,0,31374,1,1,0
5,2500,680929,0,0,0,37,18,18,0,0,0,2,29167,0,1,0
4,3000,2123821,0,0,4,19,0,0,0,0,0,0,51022,1,0,1
9,1200,4507939,1,0,1,54,34,34,0,0,0,4,19108,1,0,0
7,1200,1949382,1,1,1,44,23,23,0,0,0,4,38589,1,0,0
6,2000,3459137,0,0,0,35,13,12,0,0,2,0,40426,0,0,1
6,3000,369064,1,0,0,30,12,11,0,2,2,3,11440,0,0,0
5,1500,2312968,1,1,1,35,13,12,0,0,1,0,19282,0,0,0
19,2000,3666854,0,0,3,28,7,7,0,0,0,0,38050,0,1,1
2,2000,4067632,0,0,0,31,11,10,1,0,0,0,13256,1,1,0
18,1200,2236249,1,0,0,61,41,41,0,0,0,1,27600,1,0,0
14,1500,1242060,0,0,1,21,1,0,0,1,0,3,20668,0,0,0
3,2000,665589,0,0,0,56,37,36,0,0,1,0,41235,1,1,0
11,1500,728963,0,0,0,30,11,11,1,1,0,0,47881,1,0,0
5,800,998645,0,0,0,36,17,16,1,1,0,0,4266,0,0,0
18,1200,1262388,1,0,1,60,38,38,0,1,2,0,8326,1,0,0
3,1000,4463960,0,1,1,56,38,38,1,0,0,1,33732,1,0,0
14,1000,3951815,0,0,4,42,22,21,0,0,0,1,10425,1,0,0
8,2500,1484169,0,1,1,32,12,11,0,1,0,0,37926,1,0,0
4,800,2703382,0,1,1,68,46,45,0,0,0,3,35347,1,0,0
12,1000,3591080,1,0,0,37,19,19,0,0,0,1,21603,1,1,0
17,1200,2460418,1,0,1,34,16,15,0,1,1,0,35419,0,0,0
4,1500,3427736,1,0,1,72,50,50,1,0,0,0,30479,1,0,0
15,1500,3607553,0,0,0,18,0,0,0,0,1,4,53294,1,0,1
18,1000,1791397,0,1,1,46,25,25,1,0,1,1,22040,1,0,0
13,1000,3383651,1,0,0,61,40,39,1,1,1,0,37532,1,0,0
15,1000,3016411,0,0,1,36,18,17,0,2,1,0,35697,1,0,1
14,1500,1779137,0,0,1,47,29,28,1,0,0,0,58032,1,0,0
3,1200,4804888,1,0,1,42,22,22,0,0,0,0,12997,1,0,0
6,2500,1165356,1,0,4,45,27,27,0,1,0,0,37245,0,0,0
15,1200,1926829,1,0,4,54,32,32,0,0,0,3,49261,1,0,0
7,800,2204186,0,0,2,59,38,38,1,0,0,0,52094,1,0,0
16,1500,4490613,0,0,3,28,7,6,0,0,0,3,48714,1,0,1
15,1200,3328210,1,0,0,33,15,15,1,0,0,0,13181,1,0,0
9,1500,2849196,1,0,0,35,13,12,1,0,0,0,25558,1,1,0
9,1200,4945140,0,0,0,58,40,39,0,0,0,2,32450,1,0,0
1,1500,913595,0,0,0,71,53,52,0,0,0,2,16544,1,0,0
8,2000,3274944,0,0,0,26,4,4,0,0,1,1,39384,1,0,0
16,2500,4738940,1,0,3,45,23,23,1,1,1,4,34042,1,0,1
10,1200,1146677,1,0,1,44,25,24,0,0,0,0,24659,1,0,0
9,1200,1587897,0,0,1,63,42,41,0,0,0,2,31733,1,0,0
16,1200,2442714,1,0,0,69,51,50,0,0,0,0,6086,1,0,0
3,2500,4653610,1,0,1,55,35,35,0,1,3,1,23403,1,0,1
15,2500,4728012,0,0,2,61,43,42,0,0,3,2,10159,1,0,1
19,800,3854273,0,0,0,40,22,21,0,0,1,1,27028,1,0,0
14,1000,708914,0,0,4,60,40,40,0,0,0,3,53956,1,0,0
4,1200,3667663,0,0,0,39,18,17,1,0,0,0,18641,1,0,0
5,1000,2051545,1,1,4,21,2,1,0,0,1,0,2778,0,0,0
16,1200,3724420,1,0,0,49,27,26,0,0,0,0,59501,1,0,0
0,1000,555644,1,0,1,41,22,21,1,0,0,3,22651,1,0,0
18,1500,889522,0,0,4,55,37,37,0,0,0,3,39722,1,0,0
3,2500,3464068,1,0,1,67,49,48,1,0,0,0,34623,1,0,0
16,3000,1507513,0,0,1,45,25,25,1,0,0,0,35806,1,0,0
8,1200,2363371,1,0,1,23,3,2,0,0,0,4,17063,1,2,1
1,1500,1538984,1,0,0,50,32,31,0,0,0,0,23714,0,0,0
7,2000,883291,1,1,0,48,29,29,0,0,2,0,54647,1,0,0
14,1000,1201839,0,0,0,74,55,55,0,1,0,1,26448,1,0,0
6,1500,3512914,1,1,0,27,6,5,0,1,1,0,42371,0,0,0
5,1200,1389229,0,1,4,29,11,10,0,0,1,1,14955,0,0,0
0,1000,4886951,1,1,3,24,2,2,1,0,1,0,32535,1,0,1
14,1200,1073621,0,1,0,41,19,18,0,0,0,4,15243,0,0,0
6,800,1526680,0,0,2,45,26,25,0,0,1,0,18152,1,0,0
16,1500,877823,1,0,0,28,8,7,0,0,0,3,8394,0,0,0
1,1200,4435060,0,0,0,49,29,29,0,1,0,1,16033,1,0,0
8,1200,2064463,0,0,1,37,18,18,2,0,0,1,20602,1,0,0
8,1000,556653,0,0,0,73,52,52,0,0,0,0,30084,0,0,0
12,2000,4275703,0,1,0,45,27,27,0,0,1,3,27621,1,1,0
5,1200,3858448,1,0,1,18,0,0,0,0,0,3,16846,1,0,1
5,1500,1115468,1,0,4,44,25,25,0,0,0,0,34056,1,0,0
19,1500,3953642,1,1,1,33,13,12,0,0,1,0,9425,1,0,0
19,1200,4765753,0,0,0,53,35,34,0,0,1,0,25676,1,0,0
2,1000,2864717,1,0,0,23,1,0,1,0,1,0,18504,1,0,0
16,1500,2725732,0,0,1,27,6,6,0,0,0,0,46260,1,0,0
16,1000,4760195,0,1,1,56,37,37,0,0,1,0,55090,1,0,0
11,1000,2897190,0,0,3,61,43,42,0,0,3,0,11157,1,0,0
15,1500,4953129,1,0,4,36,14,14,0,1,0,3,27866,0,1,1
14,1000,2512090,1,0,3,27,6,5,0,0,0,0,47398,0,0,0
12,1200,2536711,1,1,1,43,23,22,0,0,0,4,59450,0,0,0
0,1200,3364105,1,0,0,51,33,33,0,0,0,0,30622,1,0,0
16,1200,1544497,1,1,1,58,39,38,0,0,0,4,31878,0,0,0
2,1500,1608803,1,1,1,18,0,0,0,1,1,1,29410,1,1,1
14,1500,2123629,0,0,0,27,7,6,1,0,0,0,42754,1,0,1
3,1500,1948868,1,0,1,50,30,30,0,1,0,0,26745,1,1,0
3,1500,3194463,1,0,0,43,21,20,0,0,0,4,8807,0,0,0
17,1200,3281075,1,0,3,51,29,28,2,0,0,0,48089,1,0,1
16,1200,828878,1,1,0,54,32,32,1,1,0,0,17867,1,0,0
18,1200,3718782,1,0,2,66,48,48,1,0,1,4,31664,1,0,0
10,1200,1511624,1,1,0,30,11,10,0,0,0,0,45473,0,0,0
19,3000,4975772,0,1,1,55,35,35,0,0,0,0,16764,0,0,0
2,2000,333430,1,0,0,47,26,25,0,0,1,0,44641,1,0,0
7,1000,4227651,0,0,1,41,19,18,1,0,1,0,41532,1,0,1
13,800,1400815,1,0,0,59,40,39,0,0,0,2,33826,1,0,0
0,800,1140345,0,0,1,51,30,29,0,0,0,0,26151,1,0,0
13,1000,1185404,0,0,0,54,36,36,0,0,0,0,16360,0,0,0
1,1000,4896997,0,0,1,36,16,16,0,0,1,2,31991,1,0,1
3,1500,3511424,0,1,2,19,0,0,1,0,1,4,58894,1,1,1
18,2000,2572429,1,0,1,47,28,27,0,0,0,0,25742,1,0,0
5,1500,2338076,1,0,0,39,19,18,0,1,3,0,45454,1,0,0
0,1000,3901320,1,0,1,49,29,28,0,0,3,0,43919,1,2,0
16,1200,1764686,1,1,3,50,28,27,0,0,0,1,26456,0,1,0
7,1500,2588143,1,0,1,57,37,36,0,1,0,0,12274,0,0,0
18,2000,1064173,0,0,0,32,13,13,1,0,0,1,3179,1,0,0
0,2000,3190653,1,1,0,23,1,0,0,0,1,4,22876,1,0,0
4,2500,404726,1,1,1,53,33,32,0,0,0,0,28216,1,0,0
15,1500,1156495,1,1,0,61,40,39,0,1,0,1,42927,1,0,0
5,1500,2678395,0,1,1,33,12,11,0,0,1,1,47910,1,0,0
7,1000,3985638,0,0,1,38,18,17,0,0,1,1,50843,1,0,0
12,1500,1768073,1,1,0,51,32,31,0,0,1,2,21545,1,0,0
15,1000,601577,1,0,1,57,35,34,0,1,0,0,44239,1,0,0
2,1200,4534179,1,0,2,71,49,49,1,1,0,0,28867,1,0,1
18,1500,960492,0,1,0,55,33,33,1,0,0,0,54500,1,0,0
11,1200,919220,1,0,0,52,34,34,1,0,1,0,45319,0,0,0
15,800,4290176,0,0,1,50,30,29,1,0,0,3,46936,1,0,1
10,800,2571463,1,0,0,25,7,6,0,0,1,1,22085,1,0,0
9,800,885179,1,0,2,29,11,11,0,1,0,0,37629,1,0,0
19,800,2766262,0,0,4,56,35,35,0,0,0,0,29796,0,0,0
3,1000,2752639,0,0,4,66,44,43,1,1,1,1,34745,0,0,1
11,1000,4009566,0,1,0,62,44,44,1,0,0,4,52030,1,0,1
1,1000,1990159,1,0,1,73,54,53,1,1,0,3,39206,0,0,0
18,3000,1073380,0,1,3,35,15,14,0,1,0,1,10766,1,0,0
4,1200,1637916,1,0,0,65,46,45,0,0,0,0,34796,0,0,0
7,1000,2609753,1,0,0,57,35,34,0,0,0,3,36368,1,0,0
6,1500,1140281,1,0,0,38,17,17,1,1,4,4,5720,1,0,1
13,2000,3485241,1,1,3,73,54,53,1,0,0,3,58770,0,0,1
2,1500,4729314,0,0,1,44,25,24,2,0,0,1,39768,0,0,1
17,1200,4736247,1,0,1,29,11,11,1,1,0,3,16615,1,0,1
15,1500,4664404,0,0,1,23,4,3,1,1,0,2,15803,1,0,1
18,1500,4836929,1,1,1,48,27,27,1,0,0,1,5547,1,0,0
18,1500,1300609,1,0,0,51,32,31,0,1,3,4,57030,1,0,0
17,1500,388915,0,0,1,24,5,4,0,1,0,0,18655,1,0,0
19,2000,4533181,0,1,1,48,26,25,0,1,0,1,8342,1,0,0
15,2000,2026761,0,0,1,71,50,49,1,0,2,0,38368,0,1,1
7,1500,4036467,0,1,1,21,2,2,1,1,2,0,21428,1,0,1
0,1200,1333809,1,1,1,74,52,51,0,1,0,3,37873,0,0,0
16,1500,4901189,0,0,4,69,49,48,0,0,0,0,51426,1,0,0
11,2000,1620595,0,0,1,65,46,45,0,0,0,2,5855,1,0,0
10,800,642533,1,0,1,34,15,14,0,0,0,2,27229,1,0,0
4,3000,3251545,0,1,1,46,24,23,1,1,0,1,53793,1,0,1
11,1000,3019416,0,0,2,20,0,0,0,0,1,3,23592,1,0,1
16,1200,3415544,1,1,1,41,19,19,0,0,0,0,44044,1,0,0
5,2000,1512930,0,0,0,20,1,0,0,0,0,0,24070,1,0,0
0,1000,3613003,1,0,0,63,45,44,1,0,0,1,32543,0,0,0
4,1200,1039896,0,0,0,63,45,44,1,0,0,4,20382,1,0,0
13,1000,1969202,1,0,0,56,34,33,0,0,0,1,59643,1,1,0
4,1200,2203748,1,0,1,44,26,26,1,1,0,3,30082,1,0,0
0,1000,373301,0,0,2,18,0,0,0,0,0,3,15080,1,0,0
17,1200,2342312,1,0,1,32,14,13,0,1,0,0,38063,1,0,1
15,1200,2815296,1,0,0,31,13,13,0,1,1,0,58856,1,1,1
8,3000,4936430,0,0,0,21,2,2,0,0,0,1,44299,0,0,1
18,3000,3460407,0,0,1,21,3,2,0,0,0,3,23784,1,0,1
4,1000,1658585,0,0,1,42,20,20,0,0,1,0,40078,1,0,0
1,1500,4532486,1,0,3,28,9,9,0,0,0,3,12467,1,0,1
14,800,863397,1,1,4,50,32,32,2,0,2,0,7939,1,1,0
6,800,2807429,0,0,3,28,8,7,1,0,0,0,12851,1,0,0
3,1000,4192019,0,1,1,29,10,10,1,0,0,0,35912,1,0,1
0,2500,3904693,1,0,1,32,13,12,1,0,0,0,42700,0,0,1
12,2500,4687484,0,1,0,74,55,55,0,0,0,0,12343,1,0,0
19,1000,2078557,1,0,0,43,25,24,0,0,0,0,26911,1,0,0
6,1000,3826814,1,0,0,41,19,18,0,0,1,0,30111,1,0,0
14,1000,1197004,1,0,0,64,43,42,0,0,0,0,20565,1,0,0
13,1500,2294561,1,0,0,43,22,22,0,0,2,1,30581,1,0,0
18,1500,3083788,1,0,3,71,50,50,2,1,0,0,53725,1,0,1
19,1000,2915496,0,0,1,44,26,26,1,0,0,0,39592,0,0,0
17,2000,1831925,1,0,2,53,33,32,0,0,1,0,40251,0,0,0
9,1200,626994,0,0,4,44,25,24,1,0,1,1,18731,1,0,0
8,2500,723817,0,1,4,55,36,35,1,0,0,0,29141,1,0,0
7,1500,1317069,0,0,4,71,49,49,0,0,0,0,9423,1,0,0
9,1200,2025200,1,0,1,19,0,0,0,0,0,3,17268,1,0,1
16,2000,1165858,1,0,0,40,18,17,0,0,1,1,46781,1,0,0
1,2000,3885256,0,0,1,26,8,7,0,0,0,4,11094,0,0,0
5,1200,1265411,1,0,2,25,4,3,0,0,0,0,47130,1,0,0
4,1200,4087519,0,0,3,68,46,45,0,1,1,0,20187,1,0,0
8,2500,4313817,1,0,4,57,35,34,0,0,1,0,8152,1,0,0
4,1000,3287084,1,0,1,69,50,49,0,1,0,0,55166,0,0,0
17,800,1648072,0,0,1,59,41,40,0,0,0,1,51540,1,0,0
19,1200,1615741,0,1,4,66,45,44,0,0,0,1,3945,1,0,0
8,2000,1109046,1,1,4,68,50,49,0,1,1,0,55466,1,1,0
16,2000,1669851,1,0,1,18,0,0,0,1,0,0,51406,1,0,0
16,2500,474022,0,0,1,38,18,17,0,1,1,1,40888,1,0,0
11,1500,826919,1,0,2,43,25,25,0,1,0,0,49209,1,0,0
6,1000,2010281,1,0,0,32,12,11,0,0,0,1,19454,1,0,0
2,1500,2765696,1,0,2,60,39,39,0,0,0,0,42999,1,0,0
9,2000,4541978,1,0,0,42,20,20,0,0,0,0,11467,1,0,0
1,800,1420412,0,0,1,56,36,35,0,0,0,0,12224,1,0,0
2,1000,1339540,1,1,1,33,12,11,0,0,1,0,48524,1,0,0
15,800,3967115,0,1,1,52,31,31,0,0,1,0,3351,0,0,0
1,1500,960959,0,1,0,40,20,20,0,1,2,1,52601,0,0,0
9,2000,1343876,0,0,0,29,11,11,0,0,1,1,30191,1,0,0
5,1500,2401410,1,1,4,73,51,51,1,1,1,4,39829,1,0,0
10,3000,4061082,1,0,0,65,44,43,1,0,1,1,46831,0,0,0
6,800,4678647,0,0,0,69,51,51,0,0,0,0,33739,1,0,0
14,2500,1909920,1,1,1,36,15,14,0,1,0,0,45053,1,1,0
5,2000,579405,0,1,0,51,30,30,0,0,1,1,55828,0,0,0
19,1200,681317,1,1,2,25,4,3,0,2,0,0,49486,1,0,0
8,3000,3614627,0,0,0,68,50,49,0,0,0,1,14692,1,0,0
19,1200,1101573,0,0,1,40,21,20,0,1,0,3,7102,1,1,0
11,2000,1437660,1,0,1,28,6,6,1,0,1,1,4012,1,0,0
18,2000,4444670,1,1,4,60,38,38,1,0,0,0,29994,1,0,0
19,2000,4587523,1,1,0,51,32,31,0,0,0,0,44893,1,1,1
2,1500,4809548,1,0,0,22,1,0,0,0,0,4,51124,1,0,1
14,1000,1547518,1,0,4,54,35,35,1,2,1,0,43640,1,0,0
1,1500,693983,0,0,1,42,22,22,0,0,0,3,24840,1,0,0
1,1200,3411836,1,1,1,41,21,21,0,0,1,0,57522,1,1,0
2,2000,3210576,1,0,0,41,23,23,0,1,2,4,19455,0,0,1
5,2000,329570,1,0,1,59,41,40,1,0,1,0,9541,0,0,0
14,2500,508345,1,1,0,51,31,31,0,1,0,4,28456,0,0,0
9,800,943859,1,0,0,64,45,45,0,1,0,0,34305,1,1,0
8,2000,2483278,0,1,1,35,17,17,0,0,0,1,30439,1,0,0
0,2500,813852,0,1,4,29,10,10,1,0,1,0,45610,1,0,0
15,2000,667533,1,0,0,59,41,41,0,0,0,1,39574,0,0,0
5,1000,2196588,1,0,0,56,34,34,0,0,0,3,56489,0,0,0
8,800,975918,0,1,0,32,13,13,0,0,2,0,30090,1,0,0
3,800,2587085,1,0,1,64,44,43,1,0,0,0,54756,1,1,0
1,1500,1863678,1,0,1,29,9,9,0,0,0,0,19828,1,0,0
3,1500,714666,0,0,0,46,28,27,0,0,0,1,8415,0,0,0
0,3000,4289109,1,0,2,46,27,26,0,0,1,1,44900,1,0,0
18,1200,992289,1,0,0,37,16,16,0,1,0,1,12677,0,1,0
9,1200,3179375,0,0,0,32,12,12,0,0,0,3,23116,1,0,0
14,1500,1550283,1,0,0,20,0,0,1,1,0,0,3281,1,0,0
18,2000,578531,0,0,0,33,14,13,0,0,0,0,11999,1,0,0
15,2500,1200797,1,0,0,36,17,16,1,0,1,0,14046,1,0,0
3,2000,322319,0,0,0,24,6,5,2,2,2,0,56140,0,0,1
1,1200,3052923,1,1,1,66,45,45,0,0,0,0,31967,1,0,0
12,1500,4055663,1,0,0,53,33,32,0,0,1,4,42671,1,0,0
0,2000,3295686,0,1,0,39,20,20,0,0,0,0,34484,1,0,0
16,1200,3199288,0,0,0,32,12,11,0,1,1,0,38419,1,0,0
12,1000,1227613,1,0,0,26,5,4,0,0,0,0,53897,1,0,0
3,1000,760108,0,1,0,34,12,12,1,0,0,0,20004,0,0,0
6,800,1772964,1,0,0,50,28,27,1,0,0,0,8938,1,0,0
16,1500,3650685,0,0,4,19,0,0,0,0,0,0,29415,1,0,1
8,1000,711200,0,0,1,24,5,5,0,0,0,3,51349,1,0,0
3,1000,1507108,1,0,1,72,50,49,0,0,1,3,22641,1,0,0
18,1200,3877418,1,0,2,48,29,28,1,1,2,0,49013,1,0,1
0,1500,1917313,1,0,1,31,13,13,0,0,0,3,7546,1,0,0
9,1200,1468823,0,0,1,54,34,34,0,0,2,0,3233,0,0,0
3,1500,3059708,1,1,1,21,3,2,1,0,0,0,10468,1,0,0
8,800,3235118,0,1,1,62,40,39,0,0,0,0,52126,1,1,0
12,1000,1362125,1,0,4,27,5,5,0,0,1,4,18541,0,0,0
13,1200,2146081,0,1,0,62,43,43,1,1,0,2,40952,1,0,0
9,1200,1355858,0,0,0,39,17,16,1,0,1,2,48841,1,1,1
5,1200,3113658,0,0,0,41,22,22,0,0,0,1,19399,1,0,0
15,800,3858133,0,1,2,61,40,40,0,0,1,0,38101,1,0,0
5,2000,2603007,1,0,0,72,50,49,3,0,1,0,46989,0,0,1
16,1500,2407923,1,0,4,35,14,13,0,0,0,3,18804,0,0,0
9,1000,4817940,0,0,0,28,7,7,0,0,2,0,15326,1,1,1
17,800,1261229,1,0,0,67,47,47,1,1,0,2,16353,0,0,0
17,3000,4123322,0,0,0,71,52,51,0,0,1,0,23001,1,0,0
2,1500,4004112,0,1,1,61,40,40,0,0,1,0,39442,1,0,0
19,1200,2409388,0,0,1,18,0,0,0,0,0,3,36138,1,0,1
14,1500,2695217,1,0,0,70,48,48,0,0,0,0,55079,1,0,0
14,2000,2936673,1,0,1,49,27,26,2,0,0,0,19149,1,0,0
3,2000,4023536,0,1,0,33,12,11,0,0,0,0,50189,0,0,1
8,1200,2624124,1,0,1,31,9,8,0,0,0,0,31578,1,0,0
18,1200,4705620,0,0,1,50,31,30,0,0,0,1,36141,0,1,1
16,800,4469065,1,1,3,24,2,2,0,1,0,4,54721,0,0,1
10,2500,1447779,1,0,3,36,18,18,0,0,1,2,2384,1,0,0
8,1500,3031199,1,0,1,42,20,19,2,0,1,0,21783,1,1,0
9,1000,442841,0,0,0,22,1,0,0,0,0,0,36122,1,0,0
17,2500,1823275,1,0,2,66,46,46,0,0,0,0,32498,1,0,0
19,2500,736363,0,0,0,27,8,8,1,0,0,0,57054,1,1,0
12,3000,3881123,0,0,1,21,2,1,0,0,0,4,32984,1,0,1
7,2000,930747,0,0,0,41,21,21,1,0,0,3,52603,1,0,0
6,3000,1158418,0,1,0,63,44,44,0,0,0,0,50807,0,0,0
16,1000,389567,1,0,1,72,51,51,0,0,0,0,55963,1,0,0
14,2000,2166060,0,0,0,23,2,1,0,1,0,0,28637,1,0,0
19,2000,4948801,1,1,4,74,54,54,0,1,0,0,36103,1,1,0
14,1000,1753138,0,0,1,29,8,8,0,0,1,0,36821,1,0,0
0,800,4158765,0,0,1,37,19,19,0,0,0,0,47260,0,0,1
13,3000,4247012,1,0,0,43,22,21,0,0,1,3,39650,1,0,1
4,1200,1159035,1,0,0,29,10,9,0,0,3,0,22422,1,0,0
10,2000,3870429,0,0,1,50,30,30,0,1,1,0,20363,1,1,1
15,800,1030585,1,0,1,29,11,10,0,0,2,1,4332,1,0,0
1,800,3238432,0,1,1,55,34,33,0,1,0,2,21760,1,0,0
7,1200,1378651,1,0,0,21,3,2,1,0,0,0,31889,0,0,0
10,1000,3537813,0,0,1,34,12,11,0,0,0,3,25136,1,0,1
17,1500,4298574,1,0,1,27,5,5,0,1,0,1,38703,0,0,1
2,1500,682314,0,1,1,36,18,18,0,0,0,0,27072,1,0,0
0,800,3784195,1,0,1,60,38,37,0,1,0,2,26192,0,0,0
10,1000,472692,1,1,4,50,28,27,0,0,1,0,59209,0,0,0
15,1200,1838999,1,1,1,54,32,31,0,0,0,0,5201,0,0,0
17,1000,2998312,1,0,0,73,53,52,1,0,0,0,39421,1,1,0
15,2000,2228282,1,0,1,45,25,25,0,0,1,0,7372,0,0,0
9,1200,3393679,0,0,1,63,41,40,0,0,1,3,30837,0,0,0
17,800,3892081,1,0,0,62,43,42,0,0,0,0,13741,1,0,0
5,1200,596181,0,0,0,19,0,0,0,1,0,3,25419,1,0,0
18,800,4572738,1,1,1,63,41,41,0,1,1,3,28266,1,0,1
3,1000,1333201,1,1,1,55,33,32,0,0,1,0,18209,1,0,0
12,1000,3357707,1,0,3,55,36,35,0,0,0,0,55287,0,0,0
13,2000,3463869,0,1,2,38,19,18,0,0,0,4,44755,1,1,0
2,2500,2159168,1,0,0,40,18,18,1,1,0,0,42463,1,0,0
9,2000,1882247,1,0,1,50,29,28,0,0,1,0,16588,1,0,0
5,1200,404882,1,0,1,43,25,25,2,0,2,0,53318,0,0,0
0,1200,4339709,1,0,0,69,49,49,1,0,1,4,54543,1,0,1
13,1500,1400132,1,0,0,60,42,41,1,0,0,0,19447,1,0,0
7,1500,2875850,1,0,0,71,51,51,0,0,1,3,48367,1,0,0
18,3000,998142,1,1,0,47,29,29,0,1,2,3,44069,1,0,0
13,1000,3241180,0,0,2,21,2,2,0,0,0,4,35822,0,0,1
9,800,2495388,1,1,0,23,1,1,0,1,0,0,18718,1,0,1
16,1500,2629296,1,0,0,51,31,31,1,1,0,1,56442,0,1,1
8,2000,545117,1,0,0,74,52,51,0,0,0,0,41447,1,0,0
5,2000,1686007,0,1,1,37,15,15,0,0,0,0,28824,1,1,0
10,1500,2847321,1,0,0,54,35,35,1,0,0,0,42929,1,0,0
6,2500,767680,0,1,0,32,12,11,0,0,2,1,40465,1,2,0
16,1500,613224,0,0,0,72,51,50,1,2,0,0,25911,1,1,0
0,2500,4313953,0,1,0,57,38,38,2,0,0,1,41774,1,0,1
4,2500,1020290,1,0,0,66,44,43,0,0,1,3,9066,1,0,0
8,2000,665861,1,0,1,40,20,19,0,0,0,0,26680,0,0,0
17,1200,1240716,1,1,0,59,40,39,0,1,0,3,33305,1,0,0
1,1000,3775598,0,1,0,26,7,6,0,0,0,0,8015,1,1,0
10,1500,3119050,0,0,0,51,30,29,0,0,0,1,43573,0,0,0
5,1200,2964322,1,1,3,60,42,42,1,1,1,0,38696,1,1,0
7,2000,4517342,0,1,0,51,31,30,0,1,1,4,48730,1,0,1
3,1000,4170376,1,0,4,44,24,23,0,0,0,1,39242,1,0,0
17,1200,3501080,1,0,2,33,13,13,0,0,0,4,16172,1,0,1
10,2000,1893385,1,0,1,21,1,0,1,0,0,2,28250,1,1,1
4,800,420631,1,0,1,45,27,27,0,2,1,3,45682,1,0,0
14,1200,4269366,0,0,1,34,15,14,0,0,0,0,49793,1,0,0
17,1200,1156395,0,1,1,58,39,39,0,0,0,1,32110,1,0,0
1,1500,1629492,0,1,1,29,11,10,2,0,0,0,43307,1,0,0
10,1000,4653439,1,0,1,22,3,3,1,0,0,3,32028,1,0,1
12,2000,2240304,0,0,0,52,34,34,0,0,0,4,47856,1,1,0
3,1200,2944149,0,1,1,55,37,37,0,0,0,0,3037,1,0,0
6,2500,3395511,1,0,1,56,37,37,0,2,0,2,22958,0,1,1
10,1200,4368615,1,0,0,53,34,33,1,1,0,2,5290,1,1,1
3,1200,3735018,0,0,4,47,29,28,1,1,0,0,34478,0,0,0
14,1000,4125801,0,1,0,31,10,9,0,0,0,0,44787,1,0,1
0,800,4477113,0,1,4,31,9,8,0,1,0,0,33947,0,0,1
2,1500,4669134,1,1,1,19,0,0,0,2,0,0,44988,1,0,1
13,1000,2739621,1,1,1,45,27,27,0,0,0,3,15662,1,0,0
5,1200,4693842,0,0,3,38,19,19,0,0,1,3,26959,0,3,1
17,1500,4768822,0,0,2,32,14,13,0,0,0,2,34449,1,0,1
0,1200,4054075,1,0,0,61,42,41,1,0,0,2,5754,1,0,1
5,1000,1757355,0,0,1,63,45,45,0,0,0,0,39470,1,0,0
5,2000,1653913,0,0,0,40,21,21,0,0,0,3,52743,1,1,1
15,2500,561204,0,0,1,27,6,5,1,2,2,3,52587,1,1,1
4,1000,3717914,0,0,4,43,21,20,0,1,0,3,11633,0,0,1
16,1000,2456183,1,0,0,52,33,32,0,0,1,0,51823,1,0,0
9,2500,3271940,0,0,0,51,30,30,0,1,2,0,26301,1,0,1
17,800,3316864,1,0,1,19,0,0,0,1,0,1,35744,1,0,1
6,3000,3459524,0,1,0,48,29,29,0,0,1,1,4898,0,0,0
2,800,715886,1,1,0,60,40,40,0,1,0,2,31671,1,0,0
12,2000,4780768,0,1,1,61,43,42,0,1,1,0,17972,0,0,0
14,1200,2452482,0,0,1,64,46,45,1,1,0,0,21391,1,0,0
19,2500,726207,0,0,0,61,43,42,0,0,0,0,15595,1,0,0
18,1200,3198587,0,0,1,60,41,40,1,0,2,1,48495,0,0,1
2,1500,3470028,1,1,4,69,49,49,1,0,0,0,10642,1,0,0
3,800,3658511,0,1,4,69,49,48,0,0,1,0,59120,1,0,0
4,1000,3936793,1,0,1,63,43,42,0,1,0,0,22179,1,2,0
0,2000,1563654,1,1,0,22,0,0,0,2,0,0,7282,1,0,1
3,1500,3641814,0,0,0,36,17,16,0,0,1,1,37993,0,0,0
11,2500,519888,0,0,3,47,26,26,1,0,1,3,34246,1,0,0
9,1200,2394616,0,0,0,66,44,43,0,0,1,0,12477,1,1,0
19,2000,4927951,1,0,4,64,45,44,1,0,0,3,41717,1,0,1
12,1200,2453588,0,0,1,69,49,49,1,0,1,0,13345,1,1,0
13,3000,2681141,0,0,3,34,15,15,0,0,1,1,59789,1,0,0
4,2500,2432207,0,1,0,46,26,26,0,1,0,0,5097,1,0,0
3,1200,3847822,0,0,0,29,8,8,0,0,1,0,48071,1,0,1
13,2000,2491187,1,0,1,25,5,4,1,0,0,0,29597,1,0,0
9,2000,554948,0,1,3,32,10,10,0,1,0,0,20566,1,0,0
16,1000,3587804,0,0,1,70,51,50,0,1,1,0,39810,1,1,1
9,1500,2124154,1,0,0,51,33,32,0,0,1,3,9184,1,0,0
6,800,3803995,1,0,3,45,25,24,0,0,0,1,13785,1,0,0
15,2000,1250894,0,1,1,38,18,18,2,0,0,1,19673,1,0,0
0,1000,4632252,1,0,0,70,52,51,1,1,1,2,23962,1,1,1
16,800,2838472,1,1,1,34,12,12,0,0,1,0,51615,1,0,0
8,1200,1992789,1,1,1,70,49,49,0,0,0,0,54720,1,1,0
5,1500,1368954,1,1,1,73,52,51,0,0,0,3,35093,1,0,0
18,2000,557447,0,0,3,59,37,36,1,0,1,0,59123,0,0,0
12,3000,2367078,1,1,0,35,16,15,0,0,0,0,22965,1,0,0
2,1200,407014,1,1,1,41,20,19,0,0,1,0,4523,1,0,0
6,800,1903660,0,0,0,41,19,18,0,0,0,1,15604,1,0,0
8,1500,3580610,1,0,1,29,9,8,1,1,1,2,18490,1,0,1
4,1500,1709936,0,1,0,18,0,0,0,0,0,0,38985,1,0,1
9,1200,2392894,0,0,0,53,34,33,0,0,0,3,42344,1,0,0
16,1200,1353478,0,0,0,49,30,30,0,0,1,0,51131,0,0,0
11,1500,2908244,0,1,0,22,2,1,0,0,0,0,17384,1,0,0
15,1200,1610142,1,1,0,43,22,21,0,0,0,4,54736,1,0,0
2,2000,3757595,1,0,0,73,54,54,1,0,0,0,24582,1,0,0
8,1500,622743,1,0,0,20,2,1,0,0,2,0,11967,0,0,0
14,2000,3652999,1,0,0,50,30,30,0,0,0,1,33541,1,0,0
4,1500,1724032,1,1,4,56,37,37,1,1,2,4,13698,1,0,0
12,1000,3057647,1,1,0,37,17,16,0,1,1,2,23538,1,0,0
13,2000,1952472,0,1,0,29,8,7,0,0,1,0,20852,1,0,0
19,1500,4469825,1,0,0,70,48,47,1,0,1,0,55741,1,0,1
14,1000,648097,1,1,1,55,35,35,0,0,2,4,52442,1,0,0
15,1500,2775623,1,0,1,37,16,16,0,0,0,2,14637,1,0,0
12,1200,2206987,1,0,0,34,15,15,0,0,0,0,51536,1,0,0
16,2000,4597450,0,0,0,60,41,40,0,1,0,1,17673,1,0,1
7,1200,855281,0,0,1,25,4,3,2,0,0,4,11564,1,0,1
1,1500,496868,0,0,4,60,41,40,0,0,0,0,25224,1,0,0
4,800,3049678,0,0,3,30,11,11,1,0,1,2,11116,0,0,1
5,1200,4203602,0,1,0,26,7,6,0,1,0,0,8386,1,0,1
11,3000,1910743,0,1,1,36,15,15,0,0,1,0,13090,1,0,0
17,2000,3685749,1,0,0,43,22,21,0,0,0,3,41061,1,1,1
0,1000,4414383,1,0,1,69,49,49,1,0,0,1,43487,1,0,0
16,1200,4355985,0,0,1,22,4,3,0,0,0,0,43339,1,0,1
10,1200,1618146,1,1,1,59,37,37,0,1,0,3,17701,1,0,0
9,1500,3515759,1,0,1,62,43,42,0,1,0,0,3915,1,1,0
18,2000,2626797,1,1,1,42,24,24,1,0,0,1,27907,1,0,0
13,1500,1096479,1,0,1,22,4,3,0,1,1,1,48435,0,0,0
9,1500,1497687,0,0,0,40,19,19,0,0,0,0,51196,1,0,0
14,2000,3887651,1,0,1,52,31,31,0,0,0,0,55953,0,0,0
18,1200,4932634,1,0,2,66,48,48,0,0,0,2,10851,0,0,1
3,1000,1107798,1,1,0,49,28,28,0,1,0,1,38292,0,0,0
1,1500,713961,0,1,0,71,51,50,1,1,0,3,24803,0,0,0
8,2500,4680646,0,0,1,59,39,39,1,0,0,1,16426,0,0,1
9,2000,966713,1,1,1,66,44,44,1,0,0,0,3807,1,0,0
10,1500,2415940,0,0,1,23,1,0,0,1,1,0,21302,1,0,1
13,1500,1252473,1,0,1,73,51,50,1,0,0,0,22261,0,0,0
6,2500,2786757,0,1,4,31,12,11,0,0,0,1,46756,1,1,0
14,1200,959521,0,0,4,58,38,37,0,0,1,0,29299,1,0,0
18,1200,2096475,0,0,0,73,54,54,0,1,2,4,51758,1,0,0
14,3000,1155446,1,0,0,46,26,26,0,1,0,0,34226,1,0,0
7,2000,4457388,1,0,0,54,36,35,1,0,0,3,55416,1,0,1
10,1200,3953908,1,0,0,72,53,52,0,0,3,1,11179,1,0,0
8,1200,4022648,1,1,0,39,17,17,0,0,0,0,15288,0,0,0
14,1200,944344,1,0,1,74,54,53,0,0,0,2,14137,1,0,0
0,1000,488876,1,0,2,37,15,14,0,1,0,4,57626,1,0,0
0,2500,4964987,1,0,3,25,4,3,0,1,0,0,2544,1,0,1
18,1200,2100642,0,0,0,44,24,24,0,0,0,3,45436,1,1,1
2,2000,756323,1,1,1,74,54,53,0,1,1,3,57100,1,0,0
9,1000,897425,0,1,1,65,43,43,0,0,0,2,5314,1,1,0
7,1500,796571,0,1,0,24,2,2,0,1,0,0,20822,0,0,0
14,800,4039069,0,0,1,72,50,49,1,0,0,2,49929,1,0,1
9,2000,2205346,0,1,2,51,31,30,0,1,0,0,34771,0,0,0
0,1500,1721414,0,0,0,58,40,39,0,0,1,0,7816,1,0,0
17,1500,1290890,0,0,4,45,24,24,0,0,0,0,33039,1,0,0
1,800,3059256,1,1,1,48,26,25,1,0,0,0,13148,1,0,0
18,1000,4058325,1,0,1,38,20,19,0,0,0,0,32688,1,0,0
12,800,4870169,0,0,0,27,5,5,0,0,0,1,48900,1,0,1
0,1200,3374739,1,1,0,68,48,48,1,0,1,0,52964,1,1,0
1,1500,1398699,1,1,1,53,35,34,0,0,1,1,3255,0,0,0
15,1500,3821604,0,0,1,30,10,10,0,0,1,0,21400,1,0,0
14,1500,2605560,0,1,1,43,24,23,1,0,0,0,10757,1,0,0
12,1500,2122584,0,1,1,51,29,29,2,1,0,0,32066,1,0,1
15,1200,3702786,1,1,2,36,15,15,0,0,2,0,41606,1,0,0
16,1000,4425628,0,0,0,23,5,4,1,0,0,0,13302,0,0,1
6,1000,4245577,1,1,1,65,46,45,1,1,0,0,51432,1,1,1
16,2000,2225849,0,1,1,32,10,9,1,0,0,4,12043,1,0,0
6,1500,4932649,1,1,0,63,44,43,0,2,1,2,17021,1,1,1
12,1000,4269879,0,0,4,62,44,44,0,0,2,0,17562,1,0,0
4,1000,3974018,1,0,1,66,45,45,0,1,0,0,16486,0,0,1
16,2000,4103420,1,0,0,35,17,16,0,1,1,0,7884,1,0,0
2,1500,2754290,1,1,3,37,16,15,0,1,0,0,33260,1,0,0
6,1500,2193931,1,0,4,18,0,0,0,0,2,3,55987,1,0,1
16,1200,1365928,0,0,1,39,17,17,0,1,0,2,43880,1,0,0
6,1200,4031097,1,1,0,53,34,34,1,1,0,3,47811,1,0,0
0,3000,4223096,1,0,4,65,45,44,0,0,1,2,54504,1,0,0
16,2000,756994,1,0,0,35,13,13,0,0,0,0,20031,1,1,0
16,1200,498641,0,0,1,27,8,7,0,2,0,0,17244,1,1,0
10,2000,2418797,1,0,0,37,17,16,1,0,3,0,3989,1,0,1
2,2000,4476183,1,1,0,57,35,35,0,1,1,0,2902,1,0,0
14,1200,4295902,0,1,4,23,1,1,0,0,1,3,19171,1,0,1
10,1200,3912592,0,0,1,66,46,45,1,0,1,2,12117,0,0,0
15,1000,4754110,0,1,1,54,36,35,1,1,1,2,2134,1,0,1
8,1000,1780996,0,0,0,39,18,17,2,0,0,0,33810,0,1,0
0,1500,4650588,1,0,4,21,0,0,0,1,2,0,13360,1,0,1
15,1200,3259412,0,0,0,21,3,2,0,0,0,0,31776,1,1,1
8,2000,3942834,0,1,0,36,14,13,0,0,2,0,21042,0,0,0
18,3000,2884397,0,0,1,46,27,27,0,1,0,1,6710,1,0,0
11,800,2492163,1,1,0,71,53,52,0,0,1,0,12428,1,2,0
18,1200,3381060,0,0,0,45,23,23,0,0,0,0,51705,1,0,0
8,2000,1854698,1,0,4,58,38,37,0,0,0,2,39508,1,0,0
6,2000,4008698,0,1,1,30,10,9,0,0,0,1,58114,0,0,1
13,2000,1803233,1,0,4,56,34,33,0,0,0,0,18930,0,0,0
18,1200,3374625,1,1,1,74,54,53,0,1,0,3,49928,1,0,1
18,1200,2199755,1,0,0,45,24,24,0,1,1,0,8395,1,1,0
1,1500,466416,1,1,0,47,29,29,1,1,0,0,36292,1,0,0
8,3000,3023853,0,1,4,39,18,18,0,0,1,0,12232,1,0,0
12,1200,1709639,0,0,0,67,45,45,0,0,2,4,20873,0,0,0
14,2500,976801,0,0,1,71,53,53,0,1,1,2,46858,1,0,0
2,1200,3601662,1,1,0,40,20,20,0,0,0,0,41111,1,0,0
10,3000,4636886,0,1,1,35,17,16,1,0,1,4,37888,1,0,1
13,1500,3087203,0,0,0,34,16,16,0,1,1,0,44853,1,0,1
7,1200,1296442,1,1,0,71,51,50,0,0,1,0,59125,1,0,0
17,1500,2044308,0,1,1,48,29,28,0,1,0,0,37860,0,0,0
18,1200,4207544,1,0,0,45,25,25,2,0,1,0,9075,1,0,1
15,1200,4562613,1,0,1,25,4,4,0,1,0,4,36402,1,1,1
1,1000,1599529,1,1,1,49,30,30,0,0,2,0,59293,1,0,0
7,1000,851665,0,1,1,60,39,39,1,2,0,2,4220,0,1,0
5,1200,2717632,1,1,0,23,1,0,0,1,1,4,8885,1,0,1
11,2000,3693391,1,0,1,25,4,4,0,0,1,1,37962,1,0,1
14,1500,3372875,0,1,4,71,53,53,0,1,1,0,22909,1,0,0
7,1000,3936539,1,0,1,39,17,16,0,0,1,0,54237,0,1,1
3,2000,621373,1,0,1,57,38,37,1,0,0,0,50018,1,2,0
14,1500,3371304,0,1,3,68,47,47,1,0,0,4,21781,1,0,0
19,2500,1334448,1,1,2,64,42,42,0,0,0,3,9545,0,1,0
16,1500,3209282,0,0,0,48,27,27,0,0,2,1,46670,0,0,1
12,1000,3856027,1,1,4,68,50,49,1,1,0,0,33410,0,0,0
17,1200,3337358,0,1,0,23,5,4,0,0,0,2,48445,1,1,1
1,1500,3282158,1,0,4,21,2,2,1,0,0,3,59821,1,1,1
12,800,4797470,0,1,0,72,52,51,0,2,0,2,22226,1,0,1
12,800,1179387,1,1,0,24,4,4,0,1,0,0,48850,1,0,0
14,1000,1555358,0,0,3,74,56,55,0,0,0,0,13698,1,1,0
19,1200,4328576,0,0,0,51,29,29,0,0,1,3,7813,1,0,0
9,1200,4160860,0,0,0,44,25,25,1,0,1,0,3569,1,0,1
2,1200,1048227,1,0,1,19,0,0,0,0,0,0,51849,0,0,0
18,1000,3031670,0,1,1,71,50,50,1,0,1,1,6330,1,0,0
2,1500,1699239,1,0,0,31,9,8,0,0,1,1,57298,1,0,0
13,1500,3242220,0,1,1,58,38,37,0,0,2,0,20004,1,0,0
7,1200,1404215,1,1,1,46,28,28,0,1,1,0,41426,1,1,0
3,800,517501,1,0,0,56,38,37,0,0,0,2,16500,1,0,0
19,800,3199323,1,0,1,39,20,20,0,0,0,1,36832,1,0,0
10,1200,4917437,0,0,0,22,4,4,1,0,0,3,9061,1,0,1
10,1000,2230696,1,0,0,73,53,52,1,1,0,3,58585,1,0,1
10,1200,2848889,1,0,1,61,41,41,0,0,1,4,31483,0,1,0
1,1500,1658103,1,0,3,35,13,12,0,1,0,2,39426,1,0,0
16,1500,4189880,0,0,1,68,49,48,1,0,0,0,8791,0,0,1
8,1000,2139724,0,0,0,33,14,14,0,0,0,0,31353,1,0,0
1,1200,2498076,1,1,1,61,43,43,1,0,0,2,34881,1,0,0
14,1500,712136,0,0,3,23,2,2,0,0,1,0,28571,1,1,0
15,2000,342928,0,0,1,18,0,0,1,0,0,1,52891,1,1,1
3,2000,782216,1,0,1,29,11,10,1,0,2,0,4573,1,0,0
7,1500,1845413,1,0,4,41,20,19,0,0,2,0,57952,1,0,0
8,1200,687855,1,0,1,28,10,10,0,0,1,0,13000,0,0,0
4,1200,2119028,0,0,2,60,38,38,1,0,1,0,29152,1,0,0
15,2000,1202414,0,0,1,58,39,38,0,0,2,1,4397,1,0,0
12,800,1892873,1,0,0,51,33,32,0,0,0,0,35963,1,1,0
6,3000,3721568,1,0,0,46,24,23,0,0,1,1,15580,1,2,1
19,1500,3836605,1,0,1,49,31,30,0,0,1,0,41429,0,0,1
16,1500,3973653,1,0,1,74,54,54,0,0,0,0,59881,1,0,0
2,800,518371,0,1,0,38,20,19,1,0,0,2,42312,0,0,0
4,1500,1966403,0,0,0,57,37,36,1,0,2,2,5788,1,0,0
18,1200,1609091,1,0,3,50,31,31,0,0,0,0,52420,1,0,0
11,1000,4011612,0,1,3,50,32,31,0,0,0,0,10861,1,0,0
6,1200,2938631,1,1,1,45,23,23,1,1,1,1,11445,1,0,0
8,2000,3204492,0,1,1,61,42,42,0,0,0,1,31489,1,1,0
5,1500,3053927,1,0,0,53,34,33,1,0,0,1,58086,1,0,0
16,1200,1396226,0,0,1,18,0,0,0,0,0,2,42644,1,1,1
15,800,4116494,1,0,0,29,10,9,0,0,2,0,11071,0,0,1
2,1500,394957,1,1,1,63,45,44,1,0,0,0,35290,1,2,0
3,1500,1581448,0,1,1,50,32,31,0,0,0,4,3789,1,1,0
9,1500,639460,1,0,1,61,41,41,0,0,0,3,40870,1,1,0
4,1500,3720093,0,0,0,22,4,4,0,0,1,0,6368,1,0,1
9,1200,1585447,0,0,0,19,0,0,0,0,0,0,14136,0,0,0
11,1500,4443190,0,0,4,53,32,31,1,0,0,1,38627,1,0,1
9,1000,4712395,0,1,0,41,21,20,0,2,0,1,26093,1,0,1
12,2500,2961540,1,0,0,60,38,37,2,0,0,0,37276,1,1,1
10,1500,2515134,0,0,0,71,49,48,1,1,0,3,47138,1,0,1
15,1200,4761864,0,1,0,67,49,49,1,0,1,2,50414,1,0,1
7,1200,4509555,1,0,1,68,47,47,0,0,0,2,15548,1,0,0
7,2000,1341750,0,0,1,67,45,44,0,0,0,1,38935,1,1,0
7,1000,1799476,0,0,0,69,47,46,0,0,0,0,36315,1,0,0
12,1200,2656615,0,0,0,64,42,42,0,0,1,0,5471,0,0,0
1,1500,4178788,1,0,0,38,20,20,0,0,1,0,6088,1,0,0
11,1200,817656,0,0,1,47,28,28,1,0,1,4,35416,1,0,0
9,2000,1547652,1,0,2,32,13,13,0,2,2,0,4993,1,0,0
11,1000,1010660,0,0,0,26,7,7,1,0,0,1,51928,1,0,0
10,2000,4537959,1,0,1,72,54,54,1,0,0,2,58571,1,0,1
14,800,1437667,1,1,1,49,30,30,2,0,0,0,26411,0,1,0
15,800,2540168,0,0,0,25,5,5,1,0,1,0,3868,1,0,0
16,2000,562459,0,0,1,40,22,22,0,1,0,0,14461,1,0,0
1,1500,2607893,0,0,1,44,26,25,0,0,1,0,44304,1,1,0
17,1200,3613557,1,0,1,59,38,38,0,1,0,1,19186,1,0,0
11,1000,3176493,0,0,3,25,3,2,1,0,0,2,27961,1,0,1
18,1500,2495986,0,1,0,46,25,25,0,1,0,1,24039,1,0,0
17,1500,4911788,0,0,0,28,9,9,0,0,0,3,26410,1,1,1
16,3000,1282048,1,1,1,38,20,20,0,0,1,0,18932,0,1,0
5,3000,3909237,1,0,0,68,50,49,0,1,1,2,2410,1,0,0
14,1500,4010656,0,1,0,61,42,42,0,0,0,2,18703,1,0,0
2,1200,2248810,1,1,3,56,34,33,0,0,0,0,59505,1,0,0
5,1200,3606767,0,0,1,47,26,26,0,0,0,3,56215,1,0,0
2,1500,3012771,1,0,0,50,28,28,1,0,0,0,52401,1,0,0
0,1000,4263621,0,0,0,20,1,0,0,1,2,1,42468,1,0,1
12,1200,391897,0,1,0,72,51,51,0,1,0,0,28559,1,0,0
13,800,3587885,0,0,0,30,9,8,0,0,1,1,21362,1,0,0
12,800,3710432,1,1,2,53,31,31,0,1,0,1,18400,1,0,0
3,1000,3465672,0,1,4,40,18,17,1,1,1,3,21960,1,0,1
6,1200,3433347,1,0,1,43,25,25,1,0,2,0,59942,0,0,0
9,2000,4423393,0,0,0,27,9,9,0,1,0,0,27543,1,0,0
6,1200,3997491,1,0,1,55,33,32,2,0,0,0,21791,1,0,0
14,1200,735952,0,1,3,53,34,33,0,0,0,0,30574,0,1,0
14,800,4229397,0,0,4,40,18,17,0,1,2,0,45435,0,0,1
3,1500,1035016,1,0,1,25,7,7,0,2,2,0,6107,1,0,0
5,1200,4872786,0,0,1,31,10,10,0,1,0,2,5293,1,0,1
19,1500,2006456,1,0,1,41,22,21,0,1,0,2,30183,0,0,0
4,3000,2601029,0,0,0,72,54,53,0,0,0,3,6062,0,0,0
19,1000,3407153,0,1,1,35,16,16,0,1,1,0,15170,0,0,1
11,1000,1738014,1,0,1,57,38,38,0,0,0,0,15673,1,0,0
0,1200,4557280,1,1,1,54,33,32,0,0,1,0,41691,0,0,0
7,2500,444408,0,0,1,63,45,44,0,0,0,0,49125,0,0,0
0,2000,3163246,1,1,1,42,20,20,0,1,0,0,6304,1,0,0
4,2000,4246180,1,0,1,71,52,52,0,0,0,0,48531,1,0,0
5,1200,3538544,1,1,0,64,45,44,0,0,0,0,2600,0,0,0
2,3000,1341556,1,0,3,37,16,15,0,0,0,1,43527,1,0,0
14,1000,3772438,1,0,1,42,24,24,0,0,2,1,53598,1,0,1
4,800,1195446,1,0,1,34,15,14,0,0,0,0,8504,0,0,0
13,2000,1154224,1,0,0,21,2,2,0,0,0,0,3362,0,1,0
17,2500,3813528,0,0,4,38,18,17,0,0,1,0,47903,1,0,1
15,800,3801120,0,0,1,37,17,17,0,0,0,0,45677,1,0,0
5,1000,2139366,1,1,1,62,43,42,0,0,2,2,4376,1,0,0
13,800,966699,0,0,4,64,43,43,0,0,2,3,50853,1,0,0
7,1000,4352145,0,0,4,58,36,35,1,0,0,1,39280,1,0,0
6,1000,953312,1,1,1,34,14,14,0,0,0,2,35250,0,0,0
7,3000,4249419,0,0,0,52,32,32,0,0,0,0,55295,0,0,0
12,1500,361086,0,0,4,58,40,39,1,1,0,1,28731,1,0,0
5,2000,4680483,1,1,4,40,18,18,0,0,0,0,50038,1,0,0
17,2000,1552313,1,0,0,38,18,18,1,0,1,4,27591,1,0,0
1,1500,3629803,1,0,1,60,38,37,0,0,0,2,6709,1,0,0
7,2000,2111584,0,0,1,71,49,48,0,0,0,0,8568,1,0,0
10,1500,2846176,1,0,0,69,51,51,0,2,1,3,27389,1,0,1
0,1200,3431266,0,0,0,38,19,18,1,0,0,0,48607,1,0,0
5,1500,4721109,0,0,1,41,22,21,1,1,1,0,37768,0,0,1
15,1500,2003060,1,0,4,54,34,34,0,1,2,3,27906,1,0,1
19,2000,4051180,1,0,0,35,17,16,0,0,0,0,58037,0,0,0
11,3000,4389532,1,1,4,73,53,53,1,1,0,0,30806,1,0,0
10,1200,3676123,1,0,3,61,41,41,1,0,2,0,16158,1,0,0
9,2000,4450176,1,1,3,36,17,17,0,0,0,0,53886,1,1,0
2,800,2917221,0,0,0,22,4,4,1,1,0,0,10568,1,0,0
12,2000,1790200,0,1,1,61,39,38,0,0,3,0,3444,1,0,0
2,1200,1413700,1,0,0,44,25,25,0,1,0,0,15486,1,0,0
14,800,2277219,0,0,4,23,3,3,0,1,1,2,53191,1,0,1
15,1200,538242,1,0,1,66,46,46,0,0,1,0,37528,1,0,0
12,1500,743376,1,1,0,31,10,10,0,0,0,0,11115,0,0,0
16,1000,4184234,0,0,0,20,2,1,0,1,2,0,22395,1,0,1
2,2500,2054723,1,0,1,18,0,0,0,0,1,0,34681,1,0,0
19,800,4034419,0,0,4,48,26,26,1,0,0,2,49485,0,1,1
10,2500,3918048,0,0,1,72,52,51,0,1,0,0,39934,1,0,1
18,1500,377538,0,0,1,62,41,40,0,0,0,3,27295,1,0,0
10,1200,4184693,1,1,0,67,46,45,0,0,0,3,15139,1,0,0
15,1200,2183486,1,0,3,27,9,9,0,1,1,0,22011,1,0,0
2,1500,1942112,1,0,1,72,52,51,1,0,1,3,42411,1,0,0
5,1500,2526362,0,0,4,48,28,28,0,0,0,0,23635,0,0,0
13,1500,601970,0,1,0,68,48,47,1,1,0,0,50491,0,0,0
17,1200,1275389,0,0,1,68,50,50,0,0,1,3,47691,1,1,0
16,1200,581472,0,0,1,34,12,11,1,0,1,1,50849,1,0,0
3,3000,3700318,0,0,0,56,37,36,1,0,1,0,55392,1,0,0
14,1000,4807860,0,0,0,57,36,35,0,0,0,0,44337,1,0,0
10,1200,1956213,1,1,0,65,43,43,2,1,1,2,20441,1,1,0
2,1200,1081105,0,0,0,33,14,14,0,1,0,0,47469,1,0,0
2,2000,4132767,0,1,1,44,22,21,1,0,1,0,35759,1,0,0
15,2000,3403962,1,0,0,33,11,11,0,0,0,0,37420,1,0,0
4,1200,4578692,0,0,1,69,47,47,0,0,0,0,41884,1,0,0
9,800,675102,0,0,1,58,36,36,0,2,0,0,41090,1,0,0
18,800,1237116,0,1,1,62,42,41,1,1,2,0,23192,1,0,0
3,1200,2428059,0,0,0,21,0,0,0,0,1,0,43075,1,0,1
18,1200,691329,1,1,1,59,40,40,0,0,0,0,19989,1,0,0
10,3000,3961952,1,1,0,70,51,50,0,0,0,2,52835,1,0,1
1,1200,4285711,1,0,0,44,23,23,0,0,0,2,26854,1,1,0
9,1200,4968504,1,0,1,71,53,53,0,0,0,0,51466,1,0,0
10,2000,959326,1,1,0,26,7,7,0,0,2,0,30739,0,1,0
19,1200,407412,1,0,4,42,23,22,0,0,1,3,55386,1,0,0
15,1500,3631233,0,1,4,41,22,21,0,1,0,0,37552,0,1,1
18,800,976761,1,0,1,45,26,26,0,1,0,0,3363,1,0,0
10,1200,4291702,1,0,0,35,17,17,0,0,1,0,16039,1,0,0
13,2500,4433456,1,0,1,61,43,42,0,0,0,3,57919,0,0,0
1,1500,3662793,1,0,1,43,21,20,0,1,0,0,19601,0,0,0
4,1200,3018355,1,0,0,27,8,7,0,1,0,0,7962,1,0,0
4,1500,1621190,1,0,0,66,47,46,0,0,1,1,44471,1,0,0
18,2500,3222010,1,1,0,61,40,39,0,1,0,1,37859,1,0,0
11,1200,3651529,1,1,0,51,30,30,0,1,1,0,58096,1,0,0
17,1500,1663644,1,0,1,63,42,41,0,0,0,0,22225,1,0,0
3,2500,1580164,0,0,3,55,34,34,0,0,0,0,40054,1,0,0
16,1000,2371251,1,1,0,28,6,6,0,1,0,3,38306,1,1,1
9,1500,3288851,0,0,0,31,11,10,0,0,0,3,47068,1,0,1
19,1500,2193962,1,1,0,72,51,51,0,0,1,4,15068,1,1,0
5,1500,4880955,1,0,0,63,42,41,0,0,1,4,6607,0,0,0
13,1200,2907243,1,1,0,55,37,36,2,0,1,0,51412,1,0,0
10,1200,1625455,0,0,0,18,0,0,0,1,1,0,37489,1,0,1
10,1500,3383224,1,0,0,34,12,12,1,0,0,0,31861,1,0,1
17,1000,2260381,0,0,1,66,47,47,0,2,0,0,57535,1,0,0
17,1200,685052,0,0,1,34,14,13,1,0,0,4,38147,0,0,0
10,1000,803771,1,0,4,27,5,5,0,0,0,0,15403,0,1,0
11,800,4858422,0,0,1,47,27,27,1,0,0,0,31896,1,0,0
4,3000,2124351,1,0,0,59,40,40,0,0,1,0,30034,1,0,0
8,1200,4030870,1,1,1,63,45,45,1,0,0,0,28105,1,0,0
8,2500,4283648,1,0,0,50,29,28,0,0,2,0,31232,1,0,0
9,1000,3481819,1,0,1,19,0,0,0,0,0,2,2970,1,0,0
18,1500,4632496,1,0,0,67,45,44,0,2,1,0,8454,1,0,1
0,1000,1356435,0,0,0,37,16,15,1,0,0,0,22571,1,0,0
6,2000,4670853,1,1,1,49,27,27,3,0,1,0,10049,1,0,1
3,2000,3282581,0,1,0,20,0,0,1,0,1,3,3518,1,0,1
0,1000,1324017,1,1,0,53,31,31,0,0,1,3,2078,1,0,0
14,2500,2990685,0,1,0,22,4,4,0,1,1,1,5425,1,0,0
7,1000,2875058,1,1,1,37,17,17,0,0,0,1,26660,1,0,0
11,1500,1936770,0,0,0,20,1,0,0,0,1,1,32905,1,0,0
17,3000,369745,0,0,1,20,0,0,1,0,2,0,26999,1,0,0
14,2000,388915,1,0,1,53,32,31,0,0,0,1,34072,1,0,0
16,2500,3395038,1,1,0,23,5,4,0,0,0,1,17505,1,0,1
13,1200,4905523,1,0,2,56,34,34,0,1,0,1,19614,0,0,0
13,1000,1588040,1,0,2,53,34,34,0,1,0,3,32007,1,0,0
17,1000,3968581,1,1,4,41,19,19,0,0,0,0,25399,1,1,0
19,1500,1164348,0,0,0,64,42,41,1,2,1,0,38073,0,0,1
17,2000,1882571,1,1,0,55,37,37,1,0,4,0,5234,0,0,0
15,1000,979739,1,1,1,54,34,34,0,0,1,2,13627,1,0,0
0,1500,3496005,1,1,0,25,5,5,1,0,0,0,38233,1,0,0
10,1200,3274188,0,1,0,55,37,36,1,0,0,0,40777,1,1,0
14,1200,3124954,1,1,0,66,48,47,0,0,0,0,34496,1,1,0
11,1500,3238340,1,1,1,33,15,15,0,0,1,4,16598,1,0,0
7,1200,4186044,1,0,0,60,38,37,0,0,1,0,2567,1,0,0
19,2000,2383294,1,1,1,18,0,0,1,1,0,0,52144,0,0,1
5,1000,2477900,0,1,0,31,12,12,0,0,1,0,26573,1,1,0
2,2000,1672299,0,0,1,62,44,44,1,2,0,0,26908,1,0,0
12,800,1205309,0,0,1,27,5,5,0,0,0,0,44880,1,1,0
12,1000,4567188,0,0,0,27,7,7,0,0,0,2,53833,1,0,1
1,1500,1021471,0,0,0,39,21,20,0,0,0,1,40800,0,0,0
4,2000,554557,1,0,0,57,37,36,0,0,0,2,52453,1,0,0
16,1200,2513658,1,1,0,58,37,36,1,2,1,0,40270,1,0,1
5,1200,3769895,1,0,1,48,29,28,0,0,0,0,19013,1,1,0
1,1500,2881295,1,0,4,21,0,0,1,0,0,0,30950,1,0,1
3,1000,1801776,1,0,1,60,41,40,0,0,0,3,54523,1,1,0
10,2000,3389346,1,0,2,40,22,21,0,0,0,0,16554,1,0,0
7,2000,3375034,1,0,4,58,39,38,0,0,0,0,46994,1,0,0
11,1000,3865567,1,0,1,29,7,6,0,0,0,0,22094,1,0,0
7,1200,3942657,0,1,0,62,42,42,0,1,0,0,13500,1,1,0
10,2000,3697868,0,1,4,25,3,3,1,0,0,2,22860,1,1,1
19,1200,2089716,1,1,1,62,44,44,0,1,0,0,36898,1,0,0
7,1500,3670263,0,0,4,41,20,20,1,0,1,0,16902,1,0,1
7,800,694283,0,1,1,18,0,0,0,0,1,0,17611,0,0,0
16,1500,3987281,0,1,1,43,25,25,0,2,1,1,6145,0,0,0
19,1000,372445,1,1,3,39,17,16,0,0,0,0,40907,0,0,0
19,2000,3263356,0,0,1,60,38,37,0,1,0,1,46049,1,1,0
15,1200,2911558,1,0,1,42,23,23,0,0,1,0,21704,1,0,0
13,1200,483863,0,0,1,48,29,28,0,1,1,2,31285,1,0,0
10,2000,1505773,0,1,2,73,52,52,1,0,0,3,31174,1,0,0
6,800,4797508,0,0,1,51,32,32,0,1,1,0,15594,0,2,1
15,1200,2952851,1,0,0,54,35,35,0,0,1,3,35396,0,1,0
12,1200,2039520,0,0,1,28,9,8,4,1,0,0,40562,1,0,1
14,1200,3255531,1,1,1,21,0,0,0,1,0,0,16302,1,0,1
15,2500,1891763,1,1,0,25,7,7,1,0,1,3,2672,0,0,1
8,2000,3938987,1,1,0,74,54,53,0,0,0,0,46499,0,0,0
2,800,500660,0,1,0,61,43,42,1,2,0,0,3048,1,0,0
18,1500,4401786,0,0,3,52,34,33,0,1,1,0,56867,0,0,1
19,1500,4408596,0,0,0,42,24,23,0,0,0,0,44367,0,0,1
4,2500,2384451,1,1,1,48,26,25,0,0,0,3,40604,1,0,0
9,1200,4100336,1,1,2,66,46,45,0,0,1,3,35622,0,0,0
16,1500,4410445,1,1,0,40,20,20,0,0,0,0,16811,1,0,0
14,1500,824966,1,0,0,57,35,35,1,0,1,2,49891,0,0,0
7,1200,1865955,1,0,4,55,33,32,1,0,0,2,2510,1,0,0
14,1200,985712,1,0,1,21,2,2,1,0,0,0,57444,0,1,1
13,1000,4110186,1,0,0,53,31,31,0,0,0,0,23285,1,0,0
19,2000,1649614,0,0,2,24,3,3,0,0,1,0,18695,1,0,0
6,1200,2883583,0,1,1,27,5,4,0,0,1,1,43154,1,0,1
11,2500,1689483,0,1,2,23,4,3,0,0,1,0,14629,0,0,0
16,1200,4564746,1,0,0,48,26,26,0,0,1,2,22458,1,0,0
16,1500,4502202,1,0,0,21,0,0,0,1,2,4,44933,1,0,1
9,2500,3755079,1,1,1,38,16,16,1,0,0,3,33905,1,1,1
18,1500,2299964,1,0,0,59,41,40,0,0,0,3,11993,1,1,0
13,2000,2731176,0,1,0,37,17,16,0,0,1,0,59649,1,0,0
10,2000,4877066,1,0,0,34,13,13,0,0,1,3,3680,1,0,1
1,1200,1718114,0,0,1,69,48,48,0,0,0,4,5154,1,0,0
17,1500,3820254,0,0,0,23,2,2,0,0,0,1,50827,1,0,1
6,1000,1890306,1,0,0,28,10,9,0,0,0,2,5140,1,1,0
11,1500,2715732,1,0,1,35,17,16,0,0,0,1,30356,1,1,0
1,1000,2643599,0,1,0,72,52,52,0,0,0,4,50801,1,0,0
19,1500,1862057,0,0,0,26,7,7,0,1,1,1,12030,1,0,0
17,1500,2526086,0,1,1,29,9,9,0,0,0,0,43888,1,0,0
5,1200,1782712,0,1,1,48,27,27,0,0,0,0,58078,1,1,0
9,1200,1470327,1,0,1,48,27,27,0,0,1,3,19134,1,0,0
19,3000,800499,1,0,0,60,39,39,0,1,1,0,24073,1,1,0
14,800,3982702,1,1,0,67,47,47,0,0,2,1,2385,1,0,0
4,800,2965044,1,0,1,72,53,52,0,0,1,0,35591,1,1,0
19,1000,4373588,1,1,4,51,32,31,1,0,0,1,37491,0,0,1
2,3000,2131273,1,0,0,33,13,12,0,0,2,0,34085,1,1,0
4,3000,2293873,0,1,1,58,37,36,0,1,0,0,23381,1,0,0
7,1500,1875355,0,1,0,65,45,44,0,0,0,2,53945,1,1,0
7,2000,1173174,1,0,0,29,9,8,1,0,1,1,3381,1,1,0
7,1000,4271932,1,0,0,66,44,43,0,0,0,1,5612,1,0,0
11,3000,2474248,0,0,3,30,8,7,0,0,0,0,55631,1,1,0
7,1000,1355587,1,0,0,53,35,34,0,0,2,3,52424,0,0,0
10,1000,2877988,0,1,0,30,12,11,0,0,2,1,48178,0,0,0
13,1000,2310598,0,0,1,61,41,40,1,2,2,1,28686,1,0,0
7,1500,3867577,1,0,0,19,0,0,1,0,0,4,19448,0,0,1
9,2000,2008798,1,1,0,66,45,45,1,0,1,1,22137,1,1,0
6,1200,2173126,0,1,0,32,14,14,0,0,1,3,23061,1,0,0
16,3000,555178,1,0,4,30,9,9,0,0,0,0,32049,1,0,0
3,1200,1150281,1,1,0,51,30,30,0,0,4,0,54074,1,0,0
12,1000,2573527,1,0,4,43,25,25,1,0,1,1,11704,0,0,0
3,1200,4509400,0,1,0,23,3,3,0,0,0,1,31757,1,0,1
4,1500,3132154,1,0,0,38,16,15,0,0,0,0,35057,1,0,0
3,2000,4822339,0,1,3,61,43,42,0,2,0,0,14146,1,1,1
17,1200,2929872,1,1,1,50,31,31,0,0,0,0,27240,0,0,0
5,1500,1757492,1,0,0,32,13,13,0,0,0,0,40309,1,0,0
1,1200,4591490,0,0,1,52,31,31,0,1,0,2,30845,1,0,1
10,1500,608762,1,0,0,45,26,26,1,0,0,0,48988,1,1,0
13,3000,4063328,1,1,1,59,38,38,0,0,1,0,53852,1,0,0
4,800,3828923,1,1,1,23,1,0,0,0,2,1,18806,0,0,1
5,2000,4622385,1,1,0,54,36,36,0,0,0,0,59017,0,0,0
9,1500,2220552,1,1,4,71,53,53,0,1,0,0,30258,0,1,0
7,1200,446451,0,1,1,57,35,34,0,0,1,0,58898,1,1,0
13,2500,878886,0,1,0,23,2,2,0,0,0,4,40581,1,1,0
2,1200,2701316,0,1,0,28,8,8,0,0,2,0,5555,1,0,0
11,1200,3978589,0,0,3,31,12,12,1,0,1,3,41547,0,0,1
15,1000,2812783,0,1,0,38,16,15,0,1,1,4,20740,0,1,1
16,1000,4451334,0,0,1,37,18,18,0,1,0,3,10626,1,1,1
0,2000,3821710,0,1,4,22,2,2,1,1,0,0,40428,1,0,1
9,1500,4996854,1,0,1,62,41,40,0,0,0,3,52502,1,1,1
9,2500,1611664,1,0,1,26,7,6,0,1,1,0,27661,0,0,0
1,1000,3844784,0,0,0,47,26,26,1,0,2,3,39508,0,0,0
8,1000,3892058,1,1,1,59,39,38,0,2,2,0,40194,1,0,0
12,800,1650162,0,0,0,60,39,38,0,1,1,0,4364,1,0,0
15,1500,558153,1,1,4,55,35,34,1,0,0,2,59834,1,0,0
17,3000,1523137,1,0,0,70,52,51,1,2,2,4,20469,1,0,1
18,1500,2049197,0,0,0,44,25,24,0,0,0,0,35417,1,0,0
11,1200,3217186,1,0,0,73,54,54,0,0,2,0,11726,0,0,0
7,2000,2679430,0,0,0,22,2,2,1,0,0,1,49552,1,0,1
16,2000,2359579,0,0,0,22,2,2,1,1,0,1,10455,1,0,1
14,800,4958224,0,0,2,65,43,42,1,0,0,0,21285,1,0,1
9,2000,4695903,1,0,4,73,53,53,0,0,0,0,39234,0,1,0
14,1200,1618866,1,0,1,74,54,54,0,0,1,0,42057,1,0,0
14,1000,1812618,1,0,0,57,36,36,2,0,1,0,38479,0,0,0
6,1000,3142597,0,1,0,32,11,11,0,0,1,0,54565,1,0,0
12,1200,4350382,1,0,4,64,45,44,0,0,0,0,55433,1,0,0
16,1200,1822172,1,0,0,26,5,5,0,0,1,2,45854,1,0,0
8,1200,4862903,1,0,1,64,43,43,0,1,0,0,38326,1,0,0
7,1000,3118076,1,0,0,42,23,23,0,0,0,0,55533,1,0,0
19,2000,1341597,0,0,4,25,7,7,0,0,1,1,21473,1,1,0
17,3000,4053796,1,0,0,31,9,9,1,0,0,1,16405,1,0,1
12,2000,3584734,1,1,0,56,35,34,1,0,0,0,21317,1,0,0
15,1200,1706101,0,0,1,49,31,30,1,0,0,1,55387,1,0,0
8,1000,531948,0,0,0,48,26,26,0,0,1,0,34884,1,1,0
11,1000,668499,0,0,1,40,21,20,0,0,1,0,8502,0,0,0
11,1000,3892348,0,0,0,61,40,40,0,0,0,0,45885,1,0,0
5,1500,3447855,1,0,1,18,0,0,2,2,0,0,10769,1,0,1
18,1500,506691,1,0,0,64,44,43,0,0,0,2,43285,1,0,0
6,1500,974451,0,1,1,48,27,27,0,0,0,0,22407,1,0,0
2,1500,3196103,0,0,3,24,3,3,0,2,0,2,54437,1,0,1
15,1200,2863720,0,0,4,32,14,14,1,1,0,2,39763,1,0,1
17,1200,832639,0,1,1,59,41,40,1,0,0,0,47237,1,0,0
15,1500,3831095,0,0,1,23,2,2,0,0,1,1,7262,1,0,1
6,1200,708864,1,0,1,33,11,11,1,0,0,0,44020,1,0,0
3,1000,409538,1,0,0,31,12,12,0,1,0,0,42305,1,0,0
7,1200,1703717,0,0,1,61,43,43,2,0,0,3,15984,1,0,0
12,1200,3945744,0,1,0,34,12,12,1,1,0,0,53485,1,0,1
12,800,1590085,0,0,0,27,6,6,0,1,2,0,15498,1,0,0
16,2000,2829385,0,0,1,46,26,26,1,1,0,0,14520,1,1,1
16,2000,1579757,1,1,1,59,41,41,0,0,0,2,16865,0,0,0
4,1000,386967,1,0,0,25,7,7,1,2,0,0,25335,1,1,1
5,800,452996,1,0,1,74,54,53,0,1,0,3,41786,1,0,0
18,1500,1623213,0,0,4,28,7,7,0,0,0,1,50626,1,0,0
12,1000,4499641,1,1,1,35,17,17,0,0,0,0,30883,1,0,0
13,1200,3986051,1,1,1,62,41,40,0,1,1,0,35507,1,0,0
3,800,4479379,0,0,0,37,15,14,1,0,0,0,26821,1,0,1
6,1000,3796726,1,1,4,33,15,15,0,2,0,0,2239,1,0,0
7,2000,538913,0,1,0,44,23,22,0,2,0,0,58432,0,0,0
12,2000,1034694,1,1,3,40,18,18,2,0,0,1,9636,1,0,0
5,1000,4325045,1,0,4,31,13,12,0,1,2,0,18036,1,0,0
5,1200,1567173,0,1,1,29,10,9,0,1,0,4,6123,1,0,0
2,1000,4861171,0,0,2,62,41,41,0,0,2,0,38368,1,0,1
2,800,832912,1,1,1,44,22,22,0,2,0,4,42674,1,0,0
12,3000,4749464,0,0,4,30,11,10,1,0,0,0,10465,1,0,1
1,1500,2538679,1,0,1,33,12,12,0,0,0,1,15209,1,0,0
15,1500,2640960,1,1,0,50,32,32,0,0,1,0,10060,0,0,0
5,2000,1490842,1,1,0,41,20,19,0,0,0,0,24823,1,0,0
7,2000,2156630,0,0,1,29,7,7,0,0,2,0,55085,0,0,0
7,2000,373106,1,0,2,26,8,7,0,0,1,0,36882,0,0,0
5,800,300617,1,0,3,30,12,12,0,0,1,0,3887,1,0,0
13,1000,687529,0,0,2,62,44,44,0,0,2,1,50556,0,0,0
2,1500,1455389,1,0,0,25,5,5,0,0,1,1,17870,1,0,0
9,1200,1985885,1,0,0,67,45,45,1,0,0,3,19678,1,0,0
2,3000,857512,1,0,1,73,54,53,0,1,0,0,6728,1,0,0
11,1500,2323306,0,0,1,73,55,55,0,0,0,0,30996,1,1,0
16,2500,2317547,1,0,0,35,13,13,0,0,0,3,34217,1,1,1
4,1000,1975042,0,1,1,44,24,23,0,0,1,3,22959,1,0,0
19,2000,2991750,1,0,1,58,38,37,0,0,0,2,28928,1,0,0
8,1200,1788909,1,1,1,50,32,32,0,0,0,0,6080,1,0,0
19,3000,1595339,0,1,1,24,2,2,1,2,1,3,16887,1,1,1
6,1000,4424826,1,0,1,30,10,10,1,1,0,0,24073,1,0,1
3,1500,3272219,0,0,0,32,14,14,0,0,0,0,41085,1,1,0
12,2000,612362,1,0,3,51,30,30,0,1,1,0,55463,1,0,0
12,1200,4755616,1,0,0,73,52,52,1,0,1,0,16636,0,0,0
9,1200,3297975,1,0,1,57,36,36,0,0,0,0,18120,1,0,0
17,3000,313302,1,0,0,37,18,17,1,0,1,0,30157,1,0,0
16,1200,4107582,1,1,1,73,51,50,0,1,2,0,19876,0,0,1
19,1500,1080638,1,0,3,54,33,32,0,1,0,0,33914,1,1,0
19,800,3817606,1,1,0,58,38,37,1,1,0,1,6168,0,0,0
12,2000,1943667,1,0,4,34,15,14,0,0,1,0,55785,1,1,0
16,1500,4637922,1,0,0,46,25,25,0,0,0,1,54054,1,1,0
3,1200,3076991,1,0,0,38,20,19,0,0,1,2,23913,1,1,0
0,800,4110745,1,0,3,31,11,10,1,0,0,1,38956,1,0,1
0,1500,912277,1,1,1,46,27,26,1,1,0,0,51786,0,0,0
14,800,4440861,0,0,0,58,39,39,0,0,1,0,33934,0,0,0
12,800,3121564,0,0,4,64,44,44,1,1,0,0,25299,0,0,0
16,1500,2393508,0,0,1,39,18,18,0,0,0,0,7476,1,0,0
7,1000,4318579,1,0,0,69,51,50,0,0,0,3,18517,1,0,0
17,1000,4716506,1,1,3,50,32,32,0,2,2,3,42978,1,1,1
12,1500,775710,1,1,1,30,12,12,2,0,0,0,52351,1,1,0
13,800,579986,0,1,0,59,40,40,0,0,1,1,36532,1,0,0
7,1200,3289283,1,0,2,48,27,27,1,0,1,3,39380,1,0,0
7,1000,1833403,1,0,1,29,9,9,0,1,0,3,42246,0,0,1
14,1500,4414854,1,0,1,49,27,27,0,0,0,3,16876,1,0,0
12,1500,1476714,0,1,3,63,45,45,0,0,0,0,31842,0,0,0
6,1500,1258070,0,0,3,23,3,3,0,0,0,4,22083,1,0,1
4,1200,2404888,1,1,0,28,8,8,0,0,0,2,10647,1,0,0
16,800,1921122,1,1,3,40,22,21,0,0,0,1,9814,0,0,0
15,800,4853252,0,1,0,24,2,1,0,0,2,3,38364,1,0,1
1,1200,1917375,1,0,0,74,55,55,0,1,1,0,5513,1,0,0
17,2500,3712078,1,0,4,37,18,18,0,1,0,0,29903,1,0,1
16,1000,2416500,0,1,1,21,0,0,0,0,1,0,38137,1,0,1
6,1200,4550361,1,1,0,38,19,18,0,1,0,0,20273,1,0,1
12,1000,3088593,1,1,1,61,41,41,1,0,0,0,3870,1,1,0
17,1500,1724079,1,0,1,47,28,28,1,1,0,2,47828,0,0,1
13,1500,1466191,0,1,0,42,21,20,0,1,3,0,39892,0,0,0
17,1500,2897545,1,0,3,48,28,27,1,0,0,0,4552,0,0,0
12,2000,1279712,0,0,2,19,0,0,0,2,0,2,21879,0,1,1
10,1200,4912374,0,1,1,37,15,15,0,1,1,2,29321,1,0,1
15,1000,1628752,0,0,1,63,45,44,1,0,1,3,3914,1,0,0
16,1200,3762551,0,1,0,58,40,39,0,0,1,1,54275,0,0,0
7,1500,2132110,1,0,3,71,53,53,1,0,1,0,8053,1,0,0
18,1500,4864102,1,0,0,31,10,9,2,0,1,2,37006,1,1,1
19,1500,2694405,0,0,0,55,36,36,0,0,0,0,26997,1,0,0
14,1500,3410984,0,0,4,40,22,22,0,0,1,3,13708,1,0,1
8,1500,1557448,1,0,3,22,3,3,0,0,0,0,28123,1,0,0
19,2000,1394880,0,0,1,69,51,50,0,0,1,0,18764,0,0,0
9,1500,2933631,1,1,0,36,14,14,1,0,0,0,42745,1,0,0
11,2000,974608,1,0,0,67,48,47,0,0,1,0,12545,1,1,0
19,1000,1727385,0,1,1,24,3,2,0,1,2,2,47056,0,1,1
0,1500,1610142,1,0,1,38,17,16,0,0,1,0,49328,1,0,0
19,2500,1182620,1,1,1,50,31,30,0,0,0,0,29967,1,0,0
8,1200,4321119,0,0,1,37,16,16,1,0,0,0,21924,1,0,1
14,2000,2838401,0,0,1,26,6,6,1,0,1,0,20435,0,0,0
0,1500,3022717,0,1,1,48,27,26,0,1,0,4,53328,1,0,0
11,800,2401778,0,0,2,25,3,3,0,1,2,0,9394,1,1,1
2,1500,4873240,0,1,1,28,6,6,0,0,0,1,56825,0,0,0
10,1000,723801,0,0,4,24,5,4,0,0,1,3,48079,1,0,0
1,2500,2348423,1,1,3,38,17,17,0,0,0,0,37351,1,0,0
15,2000,3404279,1,0,0,66,47,47,0,1,1,3,59843,0,0,1
8,1000,1983850,1,0,4,45,27,26,0,2,0,0,49380,1,0,0
14,1000,1330593,0,0,0,70,50,49,0,0,0,1,56948,0,0,0
11,1500,3422971,1,0,4,32,13,13,0,0,1,0,30689,0,0,0
0,1200,4740826,1,0,1,25,6,6,0,0,0,1,34427,0,1,1
12,800,2894171,0,0,1,69,50,49,1,1,0,0,57298,1,0,1
13,1500,2727846,1,0,0,29,10,9,0,0,1,3,16492,1,0,0
7,1200,2538997,1,1,0,22,0,0,1,0,0,0,12625,0,0,0
7,1000,4109368,1,1,0,25,5,5,0,0,1,3,20864,1,0,0
11,2000,359593,0,0,3,54,36,35,2,0,0,1,6951,1,0,0
0,2500,2553779,1,0,0,31,11,10,0,0,0,3,12693,1,0,0
10,2000,4797869,1,0,1,21,2,1,0,0,0,3,56873,1,0,1
7,2000,4652708,1,1,4,44,22,21,1,0,1,0,31665,1,0,1
9,1000,4801036,1,0,0,32,14,13,0,0,0,2,36984,1,0,1
18,1200,4370869,1,0,1,37,18,17,0,0,0,1,59911,1,0,0
10,1000,1439067,0,0,1,39,20,20,0,0,3,0,45437,0,0,0
6,2000,2975238,1,0,0,59,38,38,0,0,2,2,51302,1,0,0
10,2500,3068667,1,0,3,66,46,46,0,0,0,4,56575,1,0,0
16,1500,2183089,0,0,1,53,33,32,0,0,0,3,41206,1,0,0
0,2000,4679068,0,0,0,47,27,26,0,0,1,0,57338,1,0,0
7,1500,2182163,1,1,1,50,29,28,1,0,0,4,38585,1,0,0
5,1200,3535066,1,0,3,45,23,23,0,0,1,0,58421,0,1,0
17,1200,4107151,0,0,0,55,33,33,1,1,0,0,15097,1,0,1
5,800,4836189,1,1,0,57,35,34,0,1,2,0,38307,1,1,1
4,800,4501965,0,0,2,21,3,2,0,0,0,0,40620,1,0,1
12,1500,4661565,1,0,3,73,52,51,0,2,0,0,41583,0,0,1
18,1200,3589857,1,1,1,31,10,10,0,1,0,0,48227,1,0,1
7,1500,2759082,0,0,0,19,0,0,1,0,1,0,45965,0,0,1
8,1500,1492139,1,0,1,54,32,31,0,0,2,0,28247,0,0,0
16,1200,2168418,1,1,1,64,42,41,0,1,0,0,23079,1,0,0
2,1200,4687405,0,0,0,36,15,14,0,2,0,1,8790,0,1,1
18,1200,2955794,1,0,1,31,9,9,0,0,0,0,33805,0,0,0
10,1200,2743625,1,0,1,24,4,3,0,0,0,0,33678,1,0,0
16,2000,306504,0,0,2,26,4,3,1,0,1,2,45417,1,0,0
18,1200,1266710,0,1,0,50,30,30,0,0,0,0,26081,1,0,0
1,1500,3944176,1,1,0,41,22,21,1,0,0,0,59573,1,0,0
7,2000,4072907,0,0,1,69,50,50,0,0,1,0,6590,1,0,0
18,2000,4644666,1,0,1,59,38,37,0,0,1,1,55944,0,1,0
6,2000,3172288,0,1,1,60,42,41,1,1,0,0,14456,1,0,0
16,1200,4176748,0,1,0,38,19,19,0,0,0,1,44166,0,0,0
5,800,1845152,0,0,0,61,40,39,1,2,1,2,36251,1,0,1
18,1200,2632510,0,0,1,18,0,0,1,0,0,1,11265,1,0,1
5,1200,4631517,1,1,4,38,18,18,0,0,1,0,25063,1,0,0
1,2500,627124,1,1,1,74,54,54,1,0,0,1,55255,1,0,0
5,1500,3339334,1,0,1,57,35,35,0,0,0,3,9048,0,0,0
4,800,3445686,1,1,4,41,22,21,0,0,0,0,42968,1,0,0
18,1000,1161129,1,0,0,55,35,34,0,0,0,0,28898,1,0,0
19,1000,3053583,0,0,1,61,43,42,2,0,0,4,5125,1,0,0
3,1500,4642496,0,0,0,58,37,37,0,1,1,3,22594,1,0,1
16,1500,391477,1,0,4,21,0,0,0,1,1,0,3597,1,0,0
10,2000,3318286,0,1,1,23,3,3,0,0,1,0,46671,1,0,1
3,2500,4468201,0,0,0,20,0,0,0,2,0,0,42079,1,0,1
12,1000,4680239,1,0,0,51,31,31,0,0,0,0,3121,1,0,0
19,1200,582098,1,1,0,42,23,23,0,0,1,0,46411,0,1,0
16,1000,685468,1,0,0,70,50,50,0,0,0,0,27724,1,0,0
8,1200,2739507,1,1,0,44,23,23,0,0,0,3,3518,1,0,0
3,2500,3246371,0,1,4,35,15,15,0,0,0,4,18723,1,0,1
13,1500,3054131,0,0,0,22,4,4,0,1,0,0,51841,1,0,1
18,1500,1164853,1,0,1,71,51,51,0,0,0,3,20812,1,0,0
2,1200,498812,0,1,0,41,19,19,0,0,0,0,27755,1,0,0
13,800,2383471,1,0,1,49,27,26,1,0,0,0,20971,0,0,0
7,800,3420702,0,0,1,38,20,19,0,0,1,0,55460,1,0,0
0,1500,1519990,0,1,0,61,39,39,0,0,0,3,30901,1,0,0
9,1500,1622168,1,0,3,51,32,31,1,0,1,0,56474,0,1,0
17,1000,1267453,0,0,1,46,25,24,0,0,0,0,36647,0,0,0
15,1500,2559434,1,0,4,72,51,50,1,1,0,4,49371,1,0,0
7,2000,4912930,1,1,0,22,3,2,0,1,0,0,58037,1,1,1
0,1200,3432343,0,0,1,67,45,44,0,0,0,3,44683,0,0,0
11,1500,3641847,1,0,4,45,27,27,0,0,0,1,54845,1,1,0
7,1200,3701712,1,0,2,23,5,4,0,0,0,0,41747,1,0,0
15,1500,1246532,0,0,2,28,7,7,0,0,1,0,31827,1,0,0
17,2000,2592959,1,1,1,56,38,38,0,0,0,0,19327,1,0,0
3,3000,2670763,1,0,1,65,46,45,0,1,1,0,56189,1,0,0
5,1200,4521399,1,0,2,25,4,4,0,0,0,2,13465,1,0,0
11,1200,3030155,1,0,0,52,32,31,0,0,0,0,38699,1,0,0
8,1000,1467138,1,1,1,28,9,9,1,0,1,3,7862,1,1,0
14,1000,3197201,1,0,2,37,18,18,1,0,1,3,35609,0,0,1
15,1500,4591033,0,0,0,71,53,53,0,0,0,3,23545,1,0,0
11,2500,486293,0,1,0,68,50,49,1,1,0,1,26335,1,0,0
13,1200,2468272,1,1,0,60,42,41,0,0,0,0,53725,0,0,0
12,1000,3559520,1,0,3,39,19,18,0,0,2,0,56446,1,1,0
1,1200,3506084,0,1,1,58,39,39,1,0,0,2,23891,1,0,1
2,1200,2670406,0,1,1,29,7,6,1,0,0,0,28787,1,0,0
9,1200,1972328,1,1,2,65,44,44,0,0,1,0,42639,0,0,0
8,1000,2638701,0,0,1,22,4,4,0,0,0,3,29451,1,0,0
19,1500,4122216,1,1,3,51,33,32,0,1,1,3,28793,1,0,0
7,800,929923,0,0,0,59,40,40,0,2,2,0,57849,0,0,0
9,1500,3558830,1,0,1,51,31,30,0,0,1,2,21446,0,0,0
18,2000,3208003,0,0,0,47,29,28,1,0,1,0,39127,0,0,0
2,1200,3181154,1,0,0,40,20,20,0,1,0,3,18086,0,0,0
4,1500,4378452,0,1,0,53,33,32,0,0,0,1,21685,1,0,0
2,1500,716918,1,0,1,74,52,51,0,0,0,3,19531,1,0,0
15,1500,4864857,1,0,2,42,22,21,0,0,1,0,51777,1,0,1
16,1200,4278824,0,0,1,65,43,43,1,0,1,0,20856,1,0,0
14,1200,3655421,0,0,0,23,2,2,1,1,1,4,26015,1,1,1
2,2000,3309810,0,0,4,59,39,39,0,0,0,2,56810,1,0,0
11,2000,1339426,1,1,0,46,25,25,0,0,0,0,12796,0,0,0
8,1200,1075217,0,1,4,38,18,18,0,0,0,1,34663,1,0,0
11,1000,4816655,0,0,4,24,2,1,1,0,0,4,42725,1,0,1
14,800,4984001,1,0,1,54,32,31,0,0,0,3,13482,1,0,0
1,800,4748761,0,0,0,62,41,40,1,0,1,4,17255,0,0,1
17,1500,4580474,0,1,1,58,39,38,0,0,0,0,13402,1,0,0
19,800,2427721,0,0,2,26,7,6,1,0,1,3,39711,1,0,0
11,1200,4763074,0,0,0,72,53,52,0,0,0,3,53439,1,1,1
3,2000,4410609,0,0,0,64,44,44,0,0,1,0,53636,1,0,0
15,1200,580202,0,0,2,53,34,34,0,0,0,2,21483,0,0,0
15,2000,2619526,0,0,1,18,0,0,0,0,0,1,43482,1,1,1
0,1500,3688434,0,1,0,48,29,29,1,0,1,1,7299,0,0,0
1,1000,466232,0,1,4,37,16,16,2,0,0,1,39203,0,0,0
2,1500,3813054,0,0,4,45,24,24,1,1,1,0,49648,0,0,1
19,1500,793441,1,1,0,63,43,43,0,0,0,0,5846,1,0,0
16,1200,3450161,1,1,0,36,14,13,0,0,1,0,13132,1,0,0
19,1000,1694467,0,1,1,18,0,0,0,0,0,3,11702,1,0,0
0,1500,638371,0,1,0,46,26,26,0,1,1,0,32380,1,0,0
19,2500,2221788,1,1,0,27,9,9,0,0,1,0,10148,1,0,0
5,1500,1254040,1,0,3,53,34,33,0,0,1,0,2175,1,2,0
14,1000,4486848,1,0,4,40,21,21,0,0,0,4,15033,1,0,0
13,1500,2367091,0,1,0,35,14,14,0,0,1,0,50116,1,0,0
19,1200,3035895,0,0,1,46,24,24,0,0,0,0,23122,1,0,0
14,1500,2636027,0,1,0,45,26,26,0,0,0,3,59988,1,0,0
13,1500,938898,1,1,0,61,42,41,0,0,1,0,24757,1,0,0
4,1500,4219980,1,0,0,24,2,1,2,0,0,2,42448,1,0,1
5,2000,1762406,1,0,0,48,29,28,0,0,1,0,47219,1,0,0
16,1500,3777794,1,0,1,55,37,37,2,0,0,0,56027,1,1,0
10,1500,4703062,0,0,2,58,39,39,1,0,0,0,33518,1,0,1
15,1000,2929115,1,0,1,19,1,0,0,0,0,0,27768,1,0,0
11,2000,2153259,1,0,1,32,12,12,1,1,0,0,26025,1,0,0
14,2500,4517653,1,0,0,39,19,18,0,0,0,3,28849,0,1,1
3,1000,3436540,1,0,1,62,44,43,0,1,0,0,4924,1,0,0
17,1200,4623721,1,0,0,28,7,6,0,0,0,0,2806,1,0,0
2,1200,611322,1,1,0,71,53,53,0,0,0,0,27708,1,0,0
7,2000,4221932,1,1,0,71,50,49,1,0,1,0,16543,1,0,0
2,1500,4700036,1,0,0,36,14,13,0,0,3,4,28071,1,1,0
7,1000,3583388,1,0,0,23,1,1,0,0,0,0,52154,1,2,1
17,2000,3017919,0,1,0,26,8,8,0,0,1,0,17843,1,0,0
9,1000,3050484,0,0,2,61,40,40,0,0,0,3,5574,1,1,0
19,2000,4581991,1,0,4,46,26,25,0,1,1,1,52052,1,1,1
16,1200,4557500,0,0,0,60,42,41,1,0,1,0,6416,1,1,0
7,1200,808370,0,0,1,20,2,2,0,0,0,3,7481,1,0,0
10,1000,332400,1,0,1,67,46,46,2,0,0,3,18276,0,0,0
4,1000,815593,1,0,4,73,51,51,0,0,0,3,51799,1,0,0
12,1500,4769984,1,0,0,62,42,41,2,0,1,0,41571,1,2,1
4,1500,695916,1,0,1,30,9,8,0,0,0,0,13042,1,0,0
12,1000,1291849,0,0,0,64,43,43,0,0,0,0,42241,1,0,0
5,1000,2281195,1,0,1,68,48,47,1,2,0,1,28577,1,0,1
4,800,3105441,0,0,0,64,46,46,0,1,1,3,30204,1,0,0
8,1500,4146601,1,0,0,32,14,13,0,0,0,0,47486,0,0,0
15,1500,2959540,0,1,0,22,3,2,1,0,0,1,9835,1,1,1
1,800,1568374,0,0,0,22,2,2,0,1,0,0,19690,1,0,0
0,1500,1763232,0,0,0,19,0,0,0,0,0,0,20269,0,0,0
7,800,2619840,0,0,1,67,48,47,0,0,0,1,35205,1,0,0
18,2500,4829980,1,1,1,55,36,35,0,0,1,4,46580,1,1,1
10,2500,3685881,0,1,1,67,48,48,0,0,1,0,14434,1,0,0
11,1500,642542,1,0,0,47,29,28,0,1,1,0,49038,1,2,0
11,2500,3505141,0,0,0,71,49,49,0,0,0,3,51588,1,0,0
6,2000,2631992,1,0,2,45,26,26,0,0,0,1,28985,1,0,0
12,2000,4997615,1,0,0,56,35,35,1,1,1,4,44941,1,0,1
7,1500,3965100,0,1,4,49,31,31,1,0,0,0,47157,0,0,1
8,1200,2224393,1,0,3,37,15,15,2,1,1,0,5203,0,1,1
6,1000,3317375,1,0,0,37,15,14,1,0,0,0,46482,0,0,1
14,1200,807432,1,0,3,46,27,27,0,0,0,1,6470,1,0,0
1,1500,968284,0,0,1,52,33,32,1,0,0,0,37914,1,1,0
19,1000,4060842,0,1,1,49,31,31,1,0,1,0,12284,1,0,0
11,1200,3100521,0,0,3,34,15,15,0,0,0,0,6507,0,0,0
0,1200,1602776,0,0,0,69,51,50,0,0,0,1,2487,1,0,0
7,1000,3184728,1,1,1,68,46,46,0,2,1,0,49427,1,0,0
4,1500,3302754,1,0,1,25,4,4,0,1,0,4,11137,1,0,1
14,2500,4924822,0,1,1,38,17,17,1,0,0,0,2166,1,1,1
0,1500,3047663,0,0,1,40,20,20,0,0,0,3,25938,1,0,0
0,1500,530096,1,0,0,68,48,47,0,1,0,0,34289,1,0,0
9,1500,4416952,1,1,0,68,48,47,0,0,0,1,9380,1,0,0
9,1200,3827288,1,1,4,44,23,22,2,0,2,4,37352,1,0,1
14,1000,4173723,1,0,0,23,4,3,0,0,1,2,8956,0,0,1
16,2000,4452268,1,1,1,69,51,50,1,0,1,0,8210,1,0,0
5,1000,3446265,1,1,0,25,4,3,1,0,0,1,36301,1,0,0
2,800,597597,1,1,0,52,32,31,1,0,1,0,21600,1,1,0
12,2000,3447708,1,0,0,22,2,2,0,0,0,2,12836,1,2,1
15,1000,2206450,0,0,0,50,31,31,0,0,0,0,55710,1,0,0
7,1200,464379,0,0,1,18,0,0,1,1,1,1,10182,1,0,1
14,800,4145932,1,1,3,41,21,20,0,0,2,0,54338,1,0,0
16,1000,4915295,1,0,1,49,31,30,1,0,0,0,10952,0,0,0
16,1000,3114372,0,1,1,72,53,53,1,0,1,0,37601,1,0,0
12,800,1020143,1,0,0,50,28,27,0,0,0,0,52485,0,0,0
16,1500,554435,0,0,3,55,33,33,0,0,0,3,30310,1,0,0
5,2000,341988,1,0,1,19,0,0,0,3,0,0,38624,0,1,1
16,1200,4942972,0,0,0,61,41,40,0,0,3,2,45084,1,0,1
15,2000,2003987,1,1,1,34,16,16,0,0,1,0,4431,0,1,0
13,1000,1111250,1,0,2,27,5,4,1,1,0,0,18954,1,1,0
12,1200,1743478,0,0,1,54,35,35,0,0,1,0,46842,1,1,0
5,1000,4382437,0,0,4,54,35,35,1,0,0,0,43140,1,0,0
2,1500,4451715,1,1,0,19,0,0,0,1,0,0,56200,1,1,1
13,1200,3699608,0,1,4,29,8,8,1,0,1,0,18274,1,0,0
13,1500,2798464,1,0,0,54,35,34,1,1,0,0,6939,1,0,0
14,2000,408336,0,0,0,47,26,25,0,0,0,0,13928,1,0,0
7,1500,3388808,1,0,1,32,14,14,0,0,1,2,45373,1,0,0
14,1500,3154506,1,1,0,40,20,20,0,0,0,1,23449,1,0,0
12,2500,4429484,0,0,1,69,50,49,0,0,1,0,46470,1,0,0
16,1200,894399,1,0,4,35,13,12,0,1,0,0,25868,0,0,0
2,1200,823931,1,0,4,48,26,26,0,2,0,0,44678,1,0,0
5,1500,1959356,1,1,1,70,51,50,0,0,0,2,23367,1,0,0
4,1500,916764,1,1,1,55,34,34,0,1,1,0,53532,0,0,0
16,1000,398941,0,0,4,46,25,24,0,1,0,0,42257,0,0,0
1,1200,4241651,1,0,1,73,54,54,0,0,1,0,46720,1,0,0
14,1200,1139532,0,0,4,31,12,12,1,0,2,3,3133,0,0,0
4,1200,423569,1,0,4,74,55,54,0,0,1,0,25057,0,0,0
19,1000,1230135,1,0,0,60,42,42,0,0,0,0,2353,1,0,0
5,2500,2877838,1,1,0,57,35,34,0,0,0,0,34929,1,1,0
5,2000,4128270,0,1,0,40,22,21,1,0,0,3,46671,1,1,1
17,1200,4309766,1,1,3,42,24,24,1,0,0,3,12644,1,2,1
17,1500,4575908,1,0,2,58,38,38,0,0,0,0,57978,1,0,1
3,2000,1015796,1,0,1,55,37,36,0,0,1,0,53656,0,1,0
16,1000,4482158,0,1,0,45,23,23,1,0,0,1,35554,1,0,0
13,1200,3132736,1,0,0,52,31,31,2,1,0,0,3161,1,0,1
13,1500,1463731,0,0,4,47,25,24,0,0,0,0,16369,0,0,0
12,2000,2527712,1,0,0,44,25,25,0,0,0,3,19613,1,1,0
6,800,1845679,1,1,1,25,6,5,0,0,1,2,29187,1,1,0
11,3000,4654924,1,1,4,65,46,46,2,0,1,0,36797,1,0,0
14,1200,4703025,1,0,3,36,18,18,1,0,2,1,52623,1,0,1
18,1200,2546384,1,0,1,18,0,0,0,0,0,0,45271,1,0,1
10,1200,4331545,0,1,1,62,41,40,0,0,0,1,33460,1,0,0
14,1000,739421,1,1,1,61,43,43,0,0,0,0,57712,0,0,0
11,2000,778061,1,1,0,37,18,18,1,1,0,1,7217,1,0,0
2,2500,2696148,1,0,1,47,25,24,1,0,0,3,59487,1,1,0
16,1200,4801469,1,0,0,74,55,54,1,0,1,1,28559,1,1,0
2,2500,2240940,1,0,2,46,24,23,0,1,2,0,54940,0,1,0
18,2000,3451923,0,1,4,25,4,4,1,1,0,1,15670,1,0,1
19,1200,3863230,1,0,4,31,12,11,0,0,0,0,29162,1,0,0
3,1500,3348237,0,0,0,55,34,33,1,1,0,0,9590,0,0,1
2,1200,1426250,1,0,1,20,1,0,0,1,2,0,59248,1,0,1
15,1500,2915564,1,0,0,20,1,1,0,0,0,0,37552,1,1,1
11,800,3282160,1,0,0,72,50,49,2,0,1,3,46547,1,0,1
7,1500,1889056,1,1,1,31,11,10,1,0,0,0,9268,1,0,0
16,800,420920,1,0,1,38,16,15,0,0,1,1,18970,1,0,0
6,2000,1410020,1,0,0,52,34,33,1,0,1,1,47962,1,0,0
10,2000,3085776,1,0,0,61,40,40,0,1,1,0,22885,1,1,0
17,1000,4376221,0,1,1,61,40,39,0,0,1,2,51741,1,1,1
0,1200,4884260,1,1,0,66,46,45,2,0,0,0,42102,0,0,1
2,1200,4940965,0,0,0,60,41,41,0,0,0,2,4433,0,0,0
3,1500,2074348,1,0,1,58,37,36,0,0,1,0,49457,0,0,0
12,1200,4695037,0,0,1,44,24,23,0,0,0,0,53210,1,0,1
5,1500,3319984,1,0,1,45,27,26,3,0,0,0,54023,1,0,1
13,1200,2045976,1,0,0,45,24,23,0,0,0,0,51388,1,0,0
4,800,2718495,0,1,0,22,4,3,0,0,0,0,30100,0,0,0
15,800,3240623,1,0,0,60,38,38,0,1,0,2,13570,1,1,0
14,1000,3023123,0,1,0,56,35,34,1,0,0,3,58026,1,0,0
14,2000,1923614,0,0,0,27,6,5,0,2,0,0,16545,1,0,0
3,2500,2577004,1,0,2,26,7,7,0,1,2,3,19375,1,1,0
7,1200,1761354,0,0,0,37,19,19,0,1,0,0,41746,1,0,0
15,1500,3339084,0,0,0,46,24,24,0,0,0,0,2951,0,1,0
15,1000,556599,0,0,0,64,44,43,0,0,1,1,41025,1,1,0
3,1500,4515801,0,1,0,46,24,23,0,0,1,1,24998,0,1,1
12,1000,1961547,1,0,0,45,24,24,0,0,0,0,24983,0,0,0
12,1500,4082732,1,0,0,28,10,9,1,0,0,0,58109,1,2,1
1,2500,3462925,0,1,0,38,17,17,0,0,1,0,57881,1,0,0
2,1000,4593760,1,1,4,52,32,32,1,0,1,0,30230,1,0,0
7,2000,4680360,1,0,4,40,20,19,0,0,1,0,24427,1,1,0
14,800,4773099,1,1,1,46,25,25,0,0,1,0,13941,1,0,0
10,1200,1303095,0,0,0,32,11,10,0,0,0,0,52199,1,0,0
8,1000,3911493,1,0,0,34,13,13,0,0,0,0,53959,0,0,1
6,1200,632857,0,0,1,41,23,22,1,2,2,1,30631,1,0,0
12,1000,2155477,1,1,0,52,33,33,0,1,0,0,19303,1,0,0
1,1200,1728258,1,0,1,37,17,16,0,1,0,0,4598,0,0,0
7,1200,3542493,0,0,1,53,35,35,1,1,0,0,9298,1,0,0
6,1200,787853,0,0,1,28,8,7,0,0,0,3,46899,1,0,0
11,1500,520075,1,0,0,72,51,50,0,0,0,0,10293,1,0,0
18,2500,2677513,1,0,0,47,27,26,0,0,0,1,20670,0,1,0
6,1200,2493996,1,0,1,56,34,33,0,0,0,3,55017,1,0,0
9,1000,3585789,0,0,1,37,17,16,0,0,0,0,46942,0,0,0
15,1200,3123203,1,0,1,39,17,16,0,1,1,4,30099,1,0,1
2,2000,4682226,1,0,0,41,23,23,1,0,0,0,32027,0,0,1
9,1500,822005,0,0,1,31,13,12,0,0,0,0,29716,1,0,0
5,1200,3961632,1,1,4,53,31,30,0,0,0,0,59592,0,0,0
17,1000,2116376,1,0,1,30,10,9,0,0,0,0,31713,0,0,0
17,1200,481514,0,1,0,18,0,0,2,1,1,4,22291,1,0,1
4,1200,635641,0,0,1,72,52,52,1,1,0,0,22098,1,0,0
6,2500,4125071,0,0,1,67,48,48,2,1,0,4,57781,1,1,1
1,2000,4763634,1,1,3,44,25,24,0,0,0,3,49960,1,0,0
10,800,4895026,0,0,1,30,8,8,0,0,0,0,5030,1,0,0
12,1500,4480107,0,0,1,52,30,30,0,0,0,0,15683,1,0,0
4,1000,734242,1,1,1,25,5,4,0,0,2,0,39448,0,0,0
5,1200,3279345,0,0,0,35,16,15,0,1,0,3,20024,1,0,1
13,2000,3045712,1,0,1,51,32,31,0,0,1,0,3205,1,0,0
11,1500,492407,0,1,0,69,47,47,0,1,0,0,38739,1,0,0
3,1200,2490285,0,0,0,23,2,2,0,0,1,1,41509,1,0,0
5,1000,372306,0,1,1,44,24,24,2,0,0,0,40583,1,0,0
9,2000,2553378,1,0,0,35,15,15,1,0,0,0,15926,1,0,0
17,1500,389854,0,0,0,74,56,56,0,0,1,0,10732,1,0,0
14,1200,4938277,1,0,0,67,45,45,0,0,0,0,33866,1,0,1
7,1000,2568979,0,0,0,26,8,8,0,0,0,0,6017,1,0,0
8,1200,1773150,0,1,1,32,11,11,0,0,1,0,36684,1,0,0
4,2500,2784154,1,1,1,40,22,22,0,0,1,2,23489,0,0,0
9,1500,927097,1,0,2,20,0,0,0,0,0,0,5646,1,0,0
19,1200,847919,0,1,0,74,56,55,0,0,0,4,11867,1,1,0
5,1500,3919636,1,0,0,26,4,4,0,0,0,2,9341,1,0,0
15,2000,954472,0,0,4,39,18,17,0,0,0,0,38573,1,0,0
2,1200,3076947,1,1,0,67,47,46,1,0,1,0,54433,1,0,0
9,1000,1934580,0,0,1,40,18,18,0,0,0,0,32351,1,0,0
10,1500,3394630,1,0,1,37,15,15,0,0,0,0,4534,0,0,0
10,1500,4141598,1,0,0,69,50,50,0,1,0,0,38125,1,0,0
16,1500,2753397,0,0,1,24,4,4,0,1,0,2,48252,1,0,1
3,2000,791340,0,0,0,70,52,52,0,0,0,0,55162,1,1,0
3,1200,2242502,1,0,4,34,12,11,1,0,1,0,13156,1,1,0
16,800,1079933,0,1,0,20,2,1,0,0,0,0,11327,0,0,0
8,2500,1772736,1,0,0,24,2,1,0,0,2,4,50280,1,0,1
18,1200,1007906,0,0,1,30,10,9,0,0,1,3,21909,0,0,0
4,1500,2870373,1,0,0,58,36,35,2,0,0,0,55624,1,0,0
5,1500,1523411,1,0,1,58,40,39,0,0,0,0,11516,1,0,0
2,1500,4109738,1,1,1,40,22,22,0,1,4,0,57864,1,1,1
0,1000,4389509,1,1,0,54,34,33,1,0,2,0,47340,1,0,1
19,2000,3765842,0,1,0,21,3,3,0,0,1,0,36950,1,0,1
15,2000,4103544,0,0,0,26,5,4,0,0,0,1,10476,1,0,0
10,1500,1758382,1,1,0,23,1,0,0,0,0,0,31550,1,0,0
12,1200,2162900,1,0,0,59,38,37,1,0,1,0,59314,1,0,0
9,1000,4494281,0,0,2,35,16,15,0,0,0,0,27914,0,0,0
2,800,4671104,1,0,0,52,33,33,0,0,1,2,15938,1,0,1
8,1200,1028052,1,1,0,40,18,18,0,1,0,0,4824,1,2,0
11,1200,4258675,1,0,0,48,30,29,0,0,0,2,42656,1,0,0
13,2500,4112075,1,0,1,37,17,17,0,0,1,0,44801,1,2,0
0,2000,1033456,1,0,1,24,5,4,1,0,0,0,45028,1,0,0
17,1500,617818,0,0,4,29,11,10,0,1,0,3,43748,1,0,1
16,1500,2072145,1,1,0,54,34,34,2,1,1,4,7421,1,0,0
8,1000,609911,0,0,0,66,44,43,0,0,2,3,47200,0,1,0
8,3000,3649159,1,0,0,68,50,49,0,0,3,2,47970,1,2,0
9,1200,601788,0,0,0,74,53,52,0,1,1,0,47400,1,0,0
18,1000,811908,1,1,1,21,0,0,1,0,1,4,36805,1,0,1
14,1200,4270901,0,0,1,29,10,10,0,1,1,0,16688,1,0,1
4,2000,4895576,1,0,0,70,48,48,0,1,0,0,40428,1,0,1
14,2000,4201438,1,0,2,32,10,10,0,0,0,1,26056,1,0,0
19,800,518299,0,0,3,19,0,0,0,1,1,0,45480,0,0,0
1,2000,2896408,1,1,3,64,45,45,0,1,0,4,19076,1,0,0
12,1200,3146649,0,1,0,28,8,7,1,0,0,1,43903,0,0,0
15,800,3532277,0,0,0,73,51,51,1,0,0,0,11053,1,1,0
14,2000,1777305,1,0,0,50,32,31,1,0,0,1,37846,0,0,0
9,2000,3927887,1,1,0,31,10,10,0,0,0,0,51917,1,0,0
13,1500,3732532,1,0,0,44,23,23,1,0,0,1,34033,1,0,0
9,1500,911144,0,0,3,21,1,1,4,1,1,0,26476,1,0,1
13,2000,3718494,1,0,0,55,37,37,1,1,1,0,54392,1,0,1
8,2000,2515344,0,1,1,57,36,36,0,0,1,0,10440,1,1,0
13,2000,2678104,0,1,1,37,19,19,1,0,0,2,45144,1,0,0
2,1500,1305510,1,1,0,19,0,0,0,0,0,3,51712,1,0,0
19,2500,3038349,0,0,0,21,2,2,1,0,0,3,10288,1,0,1
15,3000,2645041,1,1,1,66,48,48,0,0,0,0,43188,1,0,0
1,1000,1232849,1,0,1,41,23,22,0,0,0,1,8833,1,0,0
9,2000,4625773,0,0,4,26,7,7,1,0,1,1,22996,0,0,1
2,1200,2685672,1,1,2,36,14,13,0,1,1,3,51316,1,0,1
10,1200,713073,1,1,2,25,3,3,0,1,2,3,29357,1,0,0
10,1500,3116780,0,1,1,58,36,35,1,2,0,0,26910,0,0,1
12,800,3281626,0,1,0,45,25,25,0,0,1,1,30255,1,1,0
6,1500,3201912,1,1,2,30,8,7,0,0,1,3,38512,1,0,0
16,2000,2569621,0,1,4,25,5,4,1,1,1,4,18654,1,0,1
1,1000,1730807,1,1,0,31,12,11,0,0,0,2,15888,0,0,0
11,1200,2316842,0,0,0,67,49,49,0,0,1,0,14595,1,0,0
9,2500,2077302,0,0,1,67,46,45,0,0,0,3,51185,1,0,0
17,1200,3772725,1,1,4,27,6,5,0,0,0,0,25460,0,0,0
10,1200,3548032,1,1,0,37,17,16,0,1,0,0,16025,0,0,0
15,1200,4906568,0,0,1,18,0,0,1,0,0,0,29331,0,1,1
16,1500,4683996,0,1,2,29,11,11,0,0,0,3,37600,0,0,0
18,1500,3434474,1,0,1,52,33,33,0,1,0,3,4099,1,0,0
17,2000,3977119,1,1,1,37,19,19,0,2,0,1,53695,1,1,1
2,1200,4478557,1,1,4,29,9,8,0,0,1,0,14907,1,0,1
15,2000,4246706,1,0,0,67,49,49,0,0,1,4,37643,1,0,0
5,1500,2653100,0,1,0,29,9,9,0,0,0,1,47624,1,0,0
11,1200,1495104,1,1,0,56,35,35,0,0,0,3,50945,0,0,0
10,1500,2677524,0,1,0,46,28,27,0,0,2,2,10118,1,0,0
14,1500,2346290,0,1,0,20,1,1,0,0,1,0,56144,1,0,1
14,1500,4756494,0,0,0,24,3,2,2,0,0,3,37027,0,1,1
15,800,628499,1,0,1,40,21,21,0,0,0,0,51716,1,0,0
9,1000,2826943,0,1,0,30,11,11,0,0,0,4,32419,1,1,0
11,1200,3137454,0,1,1,28,8,7,0,0,0,4,42562,1,0,1
12,1200,3261046,1,0,0,42,23,23,0,1,2,0,13258,1,0,0
3,1500,1364506,1,0,0,69,47,47,0,0,0,0,57492,1,0,0
6,800,2305589,0,0,0,37,18,18,1,2,1,0,58632,1,0,1
1,2000,2759817,1,0,0,66,48,48,1,0,1,0,55557,0,1,0
14,1200,3120934,0,1,0,64,44,44,0,1,0,1,34102,0,0,0
7,1200,4573184,1,0,0,44,24,24,0,0,0,0,16058,1,2,1
6,1500,4667131,1,0,1,23,1,0,0,0,0,4,23514,1,0,1
14,1000,307293,1,1,0,23,3,3,1,0,0,0,26055,1,0,0
13,2000,3506256,1,0,0,56,36,36,0,1,0,1,2791,1,0,0
7,800,4468494,1,1,0,58,37,37,0,0,0,1,18713,1,0,0
11,1200,4653810,1,0,3,26,5,4,1,1,0,0,7220,1,0,1
12,2000,1927533,1,1,0,38,17,17,0,0,1,1,25247,1,0,0
10,1500,579746,1,0,0,35,13,12,1,1,1,0,5962,1,0,0
16,1200,1464608,1,0,0,18,0,0,0,1,1,0,2378,0,0,0
16,1200,857193,0,0,1,67,47,47,0,0,0,0,13981,1,0,0
3,1500,477996,1,1,1,67,47,47,0,0,0,0,45250,1,1,0
7,3000,1599242,0,0,0,29,10,9,0,1,0,0,10712,1,0,0
4,2000,4784578,0,0,1,18,0,0,0,0,1,2,45230,0,0,1
15,1200,2577352,1,1,1,45,25,25,0,0,0,0,37671,1,0,0
3,3000,4578983,1,0,0,41,23,22,0,0,1,0,44084,1,0,0
14,800,2512610,0,1,0,36,18,18,0,0,0,0,3033,1,0,0
11,800,431460,0,0,4,31,11,11,0,0,1,4,54541,0,0,0
4,2000,1950516,1,0,1,31,12,11,0,0,0,0,8722,1,1,0
15,1000,4558637,0,0,0,43,24,23,0,1,1,0,49981,1,0,1
13,800,3712724,1,0,0,33,11,10,0,0,0,4,40785,1,0,1
9,1000,2062753,1,0,2,41,19,18,0,0,2,1,12777,1,0,0
6,1200,3808158,1,0,0,49,29,29,0,0,0,1,12353,1,0,0
12,1500,1047910,1,0,0,23,2,2,1,0,0,3,55478,1,0,1
19,1500,3558848,0,1,0,66,47,47,0,0,1,0,15108,1,0,0
4,1000,4883145,0,1,0,62,41,40,0,1,0,0,49358,1,0,0
2,1500,1799909,0,0,4,47,25,25,1,0,1,4,38292,1,0,0
14,2500,1080166,1,0,0,40,21,20,0,0,0,1,29830,0,0,0
3,2000,4972707,1,1,1,36,15,14,0,1,0,2,27895,1,1,1
14,1200,751698,1,0,0,42,22,21,0,0,1,0,33828,1,1,0
13,3000,1231482,1,1,1,42,21,21,2,1,1,0,30341,0,0,0
19,1500,1099137,1,0,0,69,47,47,0,0,0,0,52790,1,0,0
18,800,3795239,0,1,1,19,0,0,0,2,0,2,23035,1,0,1
12,800,1334460,1,0,0,27,8,7,0,0,1,2,58265,1,0,0
9,1000,310248,0,0,1,58,39,39,0,0,0,2,28182,1,0,0
4,1500,1133420,0,1,1,70,50,49,0,0,1,2,19038,1,0,0
19,1000,389169,0,0,0,44,25,24,0,0,1,0,46363,1,1,0
19,1500,1967903,0,1,1,61,40,39,0,0,2,3,49942,1,0,0
5,800,3453189,1,0,0,25,7,6,0,0,2,2,55954,0,1,1
3,2500,3603798,1,0,2,58,40,39,1,0,0,0,18913,1,0,0
1,1200,2941310,0,0,1,60,40,39,1,0,0,0,54508,1,0,0
15,2500,837698,0,1,4,50,29,28,0,0,1,1,11977,1,0,0
17,2500,2416285,1,0,0,60,40,39,1,0,0,4,41590,1,0,1
4,800,3206943,0,0,0,36,18,18,0,0,0,2,3077,1,0,0
3,1200,4162473,0,0,0,72,53,52,0,0,1,3,49160,1,0,0
12,800,2431325,1,0,0,47,29,28,0,0,0,0,58332,1,0,0
18,2500,1359755,1,1,0,51,33,32,0,0,0,0,10396,1,0,0
1,1500,2236887,0,0,0,31,13,13,0,0,0,1,50068,1,0,0
12,800,2936200,1,0,3,53,33,32,0,1,0,0,48845,1,0,0
10,1000,3835472,1,0,1,37,15,14,0,2,2,0,46274,1,0,1
3,1200,391975,1,0,1,40,20,20,0,0,0,0,16230,1,0,0
19,2500,4062481,0,1,1,32,10,10,2,1,0,3,31317,1,0,1
19,1500,301755,0,0,0,19,0,0,0,0,2,2,45288,0,0,0
14,2000,2001364,1,0,3,41,23,22,1,0,0,0,46621,1,0,0
3,1200,2468504,1,1,1,41,22,21,1,0,0,2,52395,1,0,0
8,800,776352,1,0,0,48,27,27,0,1,0,0,16802,1,0,0
6,3000,3871560,1,1,2,33,11,10,0,0,1,4,42333,0,0,1
18,800,3644226,1,1,1,71,51,51,0,2,0,0,6851,1,1,0
18,2500,4308919,1,0,1,21,2,1,0,1,1,0,7357,1,0,1
5,1200,3033573,1,0,3,51,30,29,1,1,1,0,49092,1,1,1
5,800,4205892,0,0,3,32,13,13,0,0,0,0,4830,1,0,0
19,1500,2567708,1,0,3,36,14,14,0,0,0,0,37391,1,0,0
14,3000,2063791,1,0,0,36,14,14,0,0,1,4,54116,1,0,0
14,2500,3372098,1,1,1,65,44,43,0,0,1,3,20547,1,0,0
19,1000,4482585,0,1,0,61,40,39,0,0,0,0,31710,1,0,0
8,1000,444086,1,0,2,52,30,30,1,2,1,0,9513,1,0,0
3,1500,1274005,1,1,0,37,15,15,0,1,2,0,22048,0,0,0
17,1500,2587138,0,0,1,64,46,45,0,0,0,0,34529,1,0,0
17,1500,4875534,0,1,3,56,35,34,0,3,0,0,11652,1,1,1
4,1000,4829750,0,0,2,58,37,36,1,0,0,3,44851,1,0,1
19,2500,4959203,1,0,4,46,24,23,0,0,0,3,56970,1,1,1
10,1500,1724137,1,1,0,32,12,12,0,1,0,4,20279,1,1,0
4,2000,2575402,0,0,0,37,19,19,1,0,0,0,7596,1,0,0
3,1500,2398215,1,0,4,49,29,29,0,1,1,4,50978,1,0,0
11,1200,3913310,1,0,1,30,8,8,0,0,0,1,37809,1,0,0
1,3000,4472470,0,0,3,24,6,5,1,0,0,0,32833,0,0,1
12,1500,467115,0,1,1,71,53,53,0,0,2,0,45445,1,0,0
9,2000,2725808,0,1,3,33,11,10,0,0,0,3,40845,1,0,0
8,2500,4080703,0,0,1,27,8,8,0,1,0,3,26649,1,0,1
9,1500,1474806,0,0,2,74,55,54,0,1,1,3,59167,1,0,0
6,1500,2900078,0,0,0,73,52,52,0,0,1,4,15496,1,0,0
3,800,2134098,1,0,4,19,0,0,0,0,1,3,54741,1,1,1
18,800,2658404,0,0,0,68,46,46,0,0,0,0,5931,1,0,0
9,1000,2263175,1,1,0,55,35,35,0,1,0,2,59528,0,0,0
2,1000,1344369,0,1,1,70,48,47,0,0,0,0,15123,1,1,0
18,1200,3363758,1,0,1,35,16,16,1,0,1,4,46513,1,0,1
1,1200,4009186,1,0,1,51,29,28,0,1,1,2,30372,1,0,0
19,1200,4670477,0,1,0,38,18,18,0,0,1,3,42576,0,1,1
9,1200,1938745,1,0,1,38,17,16,0,0,0,0,45747,1,0,0
1,800,778078,0,0,2,18,0,0,0,0,0,0,41951,1,1,0
1,800,1202196,0,0,1,32,11,10,1,0,0,0,18223,1,0,0
16,1500,4352500,1,1,0,27,7,7,0,0,0,0,36564,1,0,1
15,1500,2900771,1,0,1,52,30,29,1,0,0,2,37320,0,0,0
15,1200,606803,1,0,3,42,23,22,0,1,0,0,53428,0,0,0
13,1500,4509877,0,0,4,49,27,27,0,0,1,0,12207,1,0,0
6,2000,309554,1,1,0,48,30,30,0,0,0,3,29909,1,1,0
10,1200,529726,1,1,0,27,8,7,0,0,0,3,46060,1,1,0
0,1500,4339964,1,1,0,20,0,0,0,0,0,1,47378,1,0,1
10,2500,3154820,0,1,1,39,19,19,0,0,0,0,46457,0,1,0
3,2000,3106309,0,0,0,55,34,33,1,1,0,2,18019,0,0,0
6,1200,313015,1,0,1,19,1,1,0,1,1,0,49028,1,0,0
14,1500,4343335,0,0,1,40,22,21,0,0,2,0,27574,1,0,0
17,1000,359617,0,1,0,74,52,52,1,0,0,3,30148,1,1,0
11,1500,3395354,0,0,0,58,36,35,1,0,0,0,24660,1,0,0
16,3000,2348411,1,1,0,57,35,34,0,1,0,1,42104,1,0,0
0,1500,3348237,0,1,0,70,52,51,0,0,0,1,53018,1,0,0
10,2500,1074726,1,1,2,41,22,21,0,0,0,0,23173,0,1,0
0,1200,1563298,0,1,0,49,28,28,2,0,0,0,26037,1,0,0
14,3000,4632019,0,0,1,74,53,53,0,0,0,0,52425,1,1,0
9,1500,4986373,0,0,0,50,30,29,0,0,0,3,14773,1,1,1
6,800,4475988,1,0,1,66,46,45,0,0,2,0,13416,1,1,0
1,1500,3019469,0,0,1,44,25,25,0,1,0,4,56114,0,0,0
9,1200,821579,1,0,0,30,8,8,0,0,0,0,36064,0,0,0
3,800,2917694,1,0,1,54,32,31,0,1,0,2,30648,1,0,0
11,2000,492830,1,1,0,56,37,36,0,0,0,1,47730,0,0,0
18,1200,1712612,0,0,1,46,25,24,0,0,0,0,32155,1,0,0
10,2000,2453387,1,1,1,58,36,36,0,0,1,3,36328,0,0,0
7,1200,4791752,1,0,1,42,21,20,0,0,0,0,50193,1,0,1
17,1000,4778620,1,1,1,63,45,44,0,0,0,2,26564,1,0,0
10,3000,994102,0,0,0,36,16,15,0,1,0,2,56067,0,0,0
10,1200,4350784,0,0,0,18,0,0,0,0,2,3,7844,1,0,1
12,1500,1488900,0,0,0,52,32,31,0,1,1,3,5523,0,1,0
2,1500,2196118,1,1,0,33,14,14,0,0,0,0,29331,1,0,0
11,1500,2787963,0,0,0,25,7,7,0,0,0,1,50914,1,0,0
2,2500,839610,0,1,1,24,2,1,0,0,0,1,23259,1,1,0
9,1500,4898711,0,1,1,38,16,15,1,0,1,1,55914,0,0,1
16,1200,1148057,0,0,2,28,7,7,2,0,0,0,49339,1,1,1
1,2000,2376028,0,0,1,43,23,22,1,0,1,4,25756,0,0,0
16,1000,1928368,0,1,1,32,14,13,0,0,0,0,46663,0,0,0
15,1500,4407826,1,0,0,74,53,52,1,0,0,0,49708,0,0,0
1,2500,3503359,1,1,0,62,44,44,0,0,0,2,21858,1,1,0
19,1500,1856399,0,0,0,69,51,51,1,0,0,0,45529,1,0,0
5,2000,666727,0,0,1,23,4,3,0,1,2,0,24673,1,1,0
9,1500,3186551,0,1,2,54,35,35,0,0,0,3,15823,0,1,0
9,2000,861306,1,1,1,71,50,50,0,0,1,1,54151,1,0,0
7,2500,4678062,1,0,0,21,0,0,0,1,0,0,12759,1,0,1
0,1200,4388027,0,1,4,36,15,15,0,1,2,3,54148,1,0,1
12,1000,3897770,0,1,0,64,46,45,1,0,0,0,7423,1,0,0
8,1200,632616,0,0,4,38,16,16,0,0,1,1,45105,1,0,0
9,1500,821777,1,0,2,54,35,34,1,0,0,3,22729,0,0,0
14,1000,891392,1,0,0,60,38,38,2,1,1,1,15767,1,0,0
4,800,3379885,1,1,0,35,15,14,1,0,1,0,31517,1,0,0
15,1200,1002175,1,1,4,59,40,40,0,0,0,1,8435,0,0,0
12,2500,4182707,1,0,1,65,45,45,0,1,1,1,30250,0,0,0
19,1500,2165037,0,0,0,53,33,32,1,0,0,0,34123,1,0,0
17,1200,4894257,0,1,1,68,47,47,0,0,0,0,26170,1,0,0
10,1000,335308,1,0,1,72,54,54,0,0,0,1,59460,1,0,0
8,1200,2855862,0,1,0,54,32,31,0,0,1,0,35109,1,0,0
15,1000,778955,0,0,0,32,12,11,0,2,1,0,57342,0,0,0
1,1000,1237212,0,0,0,55,34,33,0,0,1,0,24595,1,0,0
1,2500,1168981,0,0,0,72,54,53,1,0,0,0,11625,1,1,0
11,3000,1078269,1,0,0,19,0,0,0,0,1,0,11741,1,0,0
7,1000,4476494,1,1,0,59,39,39,0,2,0,3,13182,1,0,0
8,800,1733487,1,0,0,69,48,48,0,2,0,0,38315,1,0,0
11,1200,352934,0,0,0,48,27,26,1,1,0,0,7152,1,0,0
8,1200,3929862,0,1,4,23,2,1,0,0,0,1,40485,1,0,1
9,1000,4107573,1,0,1,36,17,17,0,1,2,0,46493,1,0,1
1,1200,3672840,0,0,0,55,37,37,0,0,0,0,50392,1,0,0
15,1000,4876542,1,0,1,32,10,10,0,1,1,4,50671,1,0,1
19,2000,2515308,0,0,0,50,28,27,2,0,1,0,54938,1,0,1
6,1500,2671068,1,0,3,57,37,36,1,1,2,3,18037,1,0,0
1,1500,4438920,1,0,1,43,25,24,0,0,0,1,25502,0,0,0
0,1200,4113619,1,0,1,70,50,49,0,0,1,2,8631,1,0,0
18,2500,2123899,1,0,4,47,25,24,1,1,0,1,58561,1,0,1
3,2500,788830,0,0,1,28,9,8,0,0,0,0,43733,1,0,0
1,1000,4116647,1,1,0,63,45,45,2,1,1,1,17889,1,0,0
13,1000,2606072,0,0,4,18,0,0,0,0,0,0,35982,1,0,1
1,1500,4929337,1,0,3,31,11,11,0,0,1,1,40077,1,0,0
14,800,4368225,1,0,4,27,7,6,0,0,1,1,36503,1,0,1
11,1200,3625181,0,0,0,34,15,14,0,1,1,1,40369,0,1,1
4,1500,4699123,0,0,4,28,10,10,0,0,0,2,36341,1,1,1
19,1500,358724,1,1,1,59,37,36,0,0,0,0,19663,0,0,0
6,1200,3448133,0,0,1,32,10,9,0,1,0,3,3304,1,0,1
9,1500,1925379,0,0,0,29,8,8,1,0,1,1,48730,1,1,1
13,2500,3977357,1,1,0,20,0,0,0,0,0,0,13676,1,0,0
13,1000,979644,0,1,0,39,18,17,0,0,0,4,15210,1,0,0
4,1500,753668,1,1,0,67,46,46,1,0,0,0,15700,1,0,0
17,800,3013236,1,0,0,73,53,52,0,0,0,1,32600,1,0,0
13,800,4865908,0,0,0,43,21,21,0,2,0,1,4531,1,0,1
1,1500,2806147,1,0,4,56,35,35,0,0,2,0,27750,1,0,0
11,1000,580570,1,0,1,60,38,37,1,1,1,0,37043,1,1,0
5,800,4917703,1,0,1,67,45,44,2,0,0,2,22603,0,0,1
3,1000,1615870,0,1,1,66,44,44,3,1,0,2,41674,1,0,1
12,1500,3523396,0,1,1,40,21,21,0,0,1,0,5962,1,0,0
3,1500,3095323,1,0,0,33,12,12,0,0,0,0,40951,0,0,0
13,1000,3679778,0,0,1,72,50,50,0,0,1,0,3236,1,1,0
15,1500,4809510,1,1,1,20,0,0,2,0,0,2,6011,1,0,1
3,1000,335394,0,0,0,47,28,27,1,0,0,1,15960,1,0,0
0,1500,753247,0,1,0,30,9,8,0,1,0,0,28554,1,0,0
12,1200,1185226,0,1,0,25,7,7,0,0,0,4,51281,1,0,0
3,1500,1489135,1,1,1,41,20,19,0,0,1,1,46120,1,0,0
19,3000,2210817,0,1,0,22,3,2,0,1,1,1,10256,1,0,1
17,2500,2559155,1,0,1,24,4,3,0,1,0,1,9879,1,0,1
5,800,4841739,0,1,0,68,49,48,0,0,0,1,12975,1,0,0
2,2000,4717660,1,0,1,71,49,48,0,1,1,4,29295,1,0,0
12,800,3457094,1,0,4,68,49,48,0,0,1,3,47332,1,0,0
15,2500,4219840,1,0,3,44,26,26,0,0,0,0,42981,1,0,0
4,1200,3293909,1,0,1,29,11,11,0,0,0,0,31437,1,0,0
3,1200,3668861,0,0,0,58,36,36,0,0,0,2,3834,1,0,1
7,800,1057044,0,0,1,72,50,49,2,0,1,3,50265,1,0,0
18,1000,4205081,1,0,1,66,48,47,1,0,0,0,28944,1,0,0
13,1500,1521019,1,1,1,73,53,52,2,0,0,4,28365,1,0,0
6,2500,3243909,1,0,3,42,23,22,0,0,0,1,45308,1,1,0
13,1500,301676,0,0,0,59,41,41,1,0,0,0,25210,1,0,0
5,1500,4600398,1,0,1,67,45,45,1,0,0,0,6139,1,0,0
11,2000,4892802,1,0,0,50,28,27,0,0,2,0,50822,1,0,0
15,1200,1859191,1,1,0,32,12,11,0,0,0,0,40921,0,0,0
16,800,2589527,0,1,1,48,27,27,1,0,0,1,22842,1,1,0
12,800,1099808,1,0,0,28,6,5,0,0,0,3,25427,1,0,0
13,1200,2331209,1,0,1,53,33,33,0,1,1,0,52294,0,0,0
6,1000,2406583,0,1,1,74,56,55,0,0,0,2,46536,1,1,0
13,800,1119802,1,0,1,23,2,2,0,1,0,0,14983,1,1,0
14,1000,2005873,1,0,4,62,44,44,0,0,0,0,10729,1,0,0
11,1000,3339257,1,1,1,43,23,22,0,0,0,2,23404,1,0,0
16,2500,2240124,0,1,4,25,7,7,0,1,0,0,28682,1,0,0
8,1000,4048953,1,0,1,56,37,36,0,0,0,0,2638,1,0,0
14,1500,3024996,1,0,1,54,34,33,1,0,0,3,42117,1,0,1
11,1500,4900992,1,1,0,54,33,32,0,0,1,0,38990,0,1,0
1,1500,3107527,0,0,1,65,43,43,1,1,1,3,39138,1,1,1
4,800,1964260,1,1,1,47,29,29,0,0,0,0,8151,1,1,0
12,1200,1665374,0,0,1,55,35,35,0,1,0,0,29902,1,1,0
19,800,2354040,0,0,1,33,15,15,0,2,1,3,24027,1,0,1
7,1200,3656217,0,0,3,32,12,11,1,0,0,0,23585,1,0,0
13,1000,2165601,0,1,0,55,35,34,0,0,0,1,11612,1,0,0
14,1500,1721143,1,1,1,70,49,48,0,0,1,0,55490,1,0,0
10,1500,1045746,1,1,1,25,7,7,0,0,0,0,23697,1,0,0
0,1500,1130833,1,0,0,52,34,33,0,0,1,2,48957,0,0,0
2,1200,4263753,0,1,4,26,6,5,0,0,1,3,42594,1,0,1
16,1200,4373693,0,1,1,38,19,19,0,0,0,1,23462,1,0,0
18,2000,2490372,0,0,0,58,36,36,0,0,0,0,4271,1,1,0
13,1000,2957130,1,1,0,22,0,0,1,0,1,0,12056,1,0,1
7,1500,3514651,0,1,1,36,17,17,0,0,1,0,35901,1,0,0
12,2000,3991842,0,1,0,74,53,52,1,0,1,1,9024,1,0,0
19,1200,3685166,0,1,1,65,46,46,0,0,1,3,2633,0,0,0
2,1200,2712461,0,1,0,33,14,13,1,2,0,0,22553,1,0,1
4,1200,2123991,0,1,3,35,14,14,1,0,0,0,28785,1,0,0
8,800,2192462,1,0,1,29,9,9,0,1,0,0,3133,1,1,0
5,800,2141967,1,1,0,33,15,15,0,0,0,0,55076,1,3,0
1,1000,2177723,1,0,3,22,0,0,0,0,0,0,6971,1,0,0
12,1000,3344035,1,1,4,20,0,0,1,0,1,1,31440,0,0,1
4,1500,4910194,1,1,1,24,2,1,2,0,1,0,42038,0,0,1
7,2000,440631,0,1,0,69,50,49,0,1,0,3,2912,1,0,0
0,1000,3733976,0,1,1,49,29,28,0,1,0,0,43326,1,0,0
19,2500,1218055,1,0,0,48,28,28,0,1,0,0,45872,1,0,0
11,2500,1938533,1,0,1,31,12,11,0,0,1,0,15774,1,0,0
10,2500,4275133,1,0,0,41,20,20,0,0,0,4,38162,1,0,1
6,2000,3344514,1,0,1,65,44,43,0,0,2,4,19559,0,2,0
14,1200,1256871,1,0,0,50,30,29,0,0,0,2,8160,1,1,0
10,800,4966428,0,0,1,22,3,2,1,1,0,0,14453,1,2,1
15,1500,796644,1,0,0,25,3,3,0,0,0,2,46024,1,0,0
2,1500,2063787,1,0,1,19,1,1,0,0,1,2,57178,1,0,0
19,2000,3764408,1,0,1,71,51,51,0,1,0,0,4969,1,0,0
13,3000,2390982,0,1,0,56,34,34,0,1,1,0,16092,1,0,0
2,1500,991298,0,0,1,55,35,34,0,1,2,0,56091,1,0,0
0,1200,769671,1,0,0,59,41,41,0,0,0,3,35720,1,0,0
14,1000,3178727,0,1,1,52,31,31,1,1,0,0,30559,1,1,0
0,800,4415030,0,0,1,55,35,34,0,1,0,2,27422,1,0,1
16,1500,2250291,1,1,1,72,53,53,1,0,0,0,22404,0,0,0
1,1500,3428543,1,0,0,68,47,46,0,0,0,2,12130,1,0,0
19,2000,3285994,1,1,0,51,30,30,0,0,1,3,34786,0,0,0
5,1500,3898662,1,0,0,68,46,46,0,0,1,2,55412,1,0,1
7,2500,1272473,0,1,3,47,28,27,0,1,0,0,6422,1,0,0
15,1500,1609050,1,0,1,66,46,46,0,1,0,0,15708,1,1,0
18,2000,793798,1,0,4,40,20,19,0,1,1,0,53460,1,0,0
0,1000,3921481,1,0,3,21,2,1,0,0,0,2,9667,0,2,1
2,2000,1257644,1,0,3,52,31,31,1,0,3,0,44064,1,0,0
2,1500,1710916,0,1,1,31,11,10,0,2,1,4,29743,1,0,1
4,1000,3104118,1,0,0,39,19,18,0,0,1,4,10117,0,0,0
11,1000,2902034,1,1,4,47,27,26,0,1,1,0,10778,1,0,0
11,2500,2335424,0,1,0,20,2,2,0,1,0,0,42866,1,0,1
19,800,3520740,1,0,1,28,9,9,0,0,2,2,26767,0,0,0
12,1200,3505599,1,0,3,27,9,9,0,0,0,0,15062,0,0,0
19,1200,416445,1,1,1,20,2,2,0,2,0,2,32101,1,1,1
8,1500,4183230,1,0,0,58,36,35,2,0,1,0,31572,0,0,1
6,2000,2295020,1,0,0,65,45,44,0,2,2,0,9559,0,0,0
3,1200,2092892,1,1,4,67,49,48,0,1,0,1,32285,1,0,0
18,1200,2688886,1,0,4,22,3,3,0,0,1,0,22636,1,0,0
18,3000,4939037,0,0,1,32,10,10,0,0,1,4,59512,1,0,1
5,2000,1836384,1,0,3,65,43,43,0,1,1,0,56569,1,0,0
12,2000,2295377,0,1,0,67,46,46,0,0,2,4,59053,0,0,0
10,1200,1874771,1,0,0,23,2,2,1,0,0,0,41003,1,0,1
12,1000,2816306,0,1,0,21,0,0,1,0,0,1,14021,1,0,1
12,1200,1065825,0,0,0,40,21,20,1,0,0,4,8485,1,0,0
19,1500,1666320,1,0,0,62,44,44,0,0,0,0,46439,1,0,0
14,1000,3725487,0,1,0,18,0,0,0,2,0,0,36915,1,0,1
12,1200,4569779,0,0,1,73,55,54,1,1,0,0,42231,1,0,1
10,800,4341214,1,0,0,51,32,31,0,1,0,0,48280,1,1,1
18,1200,4589794,0,0,0,32,14,14,0,0,3,0,44131,0,1,1
7,2000,1434932,1,1,3,21,0,0,0,0,0,2,42908,0,0,0
19,800,1597315,1,0,0,44,23,23,0,0,0,1,42260,1,1,0
7,1500,4280863,0,1,0,30,11,10,0,1,0,0,4226,1,0,0
9,2500,4078463,1,0,0,72,50,50,1,0,2,0,49051,1,0,0
15,1000,4160213,0,0,2,63,44,44,0,0,0,0,55267,1,0,0
18,1500,3654657,0,0,1,64,43,43,0,0,1,1,23099,1,0,0
10,3000,2429719,0,1,1,57,39,39,0,0,0,0,6687,1,0,0
12,2500,3174341,1,1,0,49,30,30,0,0,1,1,58933,1,0,0
8,1000,2701460,0,1,1,26,5,5,0,1,0,0,39954,1,0,0
19,1000,4790431,1,0,0,54,32,32,0,0,0,1,3298,1,1,0
18,1000,4996784,1,0,0,42,21,21,1,0,0,2,7466,1,0,1
15,1500,3402374,1,1,1,74,56,55,1,1,0,3,50022,0,0,1
6,1500,4854996,0,0,3,20,0,0,1,0,2,0,31450,0,0,1
18,1500,425605,1,1,0,56,34,33,0,0,1,1,42243,1,0,0
11,1200,822962,0,0,1,57,35,35,1,0,0,0,31160,0,0,0
14,1000,446628,1,1,0,33,14,14,0,1,0,0,23076,1,0,0
13,1500,4820845,1,0,0,34,12,12,1,0,1,0,25419,1,0,1
10,1200,4315450,0,0,0,44,24,23,0,0,0,2,33292,0,0,1
9,1500,2063376,1,1,4,27,5,4,1,1,1,0,8330,1,0,0
10,1200,4209475,1,0,0,70,52,52,0,0,2,1,54308,0,0,0
5,1200,4737095,0,0,1,18,0,0,0,0,0,0,37629,0,0,1
1,1200,4711298,1,1,0,68,49,48,0,1,1,0,22351,1,0,1
10,1000,2833588,0,0,1,67,45,44,1,0,2,0,39487,1,1,0
18,1200,2214372,1,0,0,46,25,24,0,0,1,0,37102,1,0,0
5,800,4142166,1,1,0,35,14,14,0,1,1,0,3725,1,0,0
13,1200,4822878,1,0,2,69,48,47,0,0,1,2,8779,1,1,1
19,800,4757713,1,0,1,49,29,28,1,1,0,1,20560,1,1,1
5,1000,1576327,0,0,0,54,35,34,0,0,0,0,24503,0,1,0
16,1500,2584540,1,0,1,60,39,38,0,1,0,0,40117,1,0,0
9,1200,3510545,0,0,0,50,29,29,0,0,0,0,31089,1,0,0
0,1500,1706668,1,1,1,39,18,18,2,0,0,0,21252,0,1,0
2,1500,4395980,1,0,1,60,41,41,0,1,0,2,7076,0,0,1
7,1500,3332746,0,0,0,28,7,7,0,0,0,0,31518,1,0,0
7,2500,1585286,0,1,2,54,34,33,0,1,1,0,15337,1,0,0
19,800,1835369,0,1,0,46,25,24,1,0,0,0,33860,1,1,0
14,1500,552673,0,0,0,37,19,18,1,0,1,4,23060,1,2,0
6,2500,4181999,1,0,1,39,19,18,0,0,1,3,27900,1,0,0
10,2000,359133,0,0,0,49,31,31,0,0,0,0,28418,0,0,0
6,1000,822582,1,1,0,67,46,46,1,0,0,3,20674,0,1,0
3,1200,1348399,1,0,0,25,4,3,0,0,1,0,11508,1,0,0
11,1000,2736634,0,0,2,39,20,20,0,1,1,0,42393,1,2,1
5,1500,2709437,1,0,0,32,14,14,0,0,0,0,30719,1,1,0
13,1500,2014591,0,0,0,52,34,34,0,0,0,3,59044,1,1,0
11,1200,4274024,1,1,0,33,11,10,0,1,0,3,5804,1,0,0
10,1500,1802180,1,1,0,69,47,46,1,0,1,4,24793,0,0,0
18,1500,3809573,1,0,1,61,39,39,0,0,0,2,50477,1,0,1
4,1200,4659054,0,1,0,46,24,24,0,3,1,0,41362,1,0,1
13,2000,2911037,1,0,1,51,33,32,0,0,0,0,56665,0,0,0
15,2000,1309361,1,1,1,37,18,18,1,0,0,3,42896,1,0,0
12,800,3332891,0,0,0,74,52,52,0,0,0,0,15204,0,0,0
19,1500,2256152,1,0,0,69,51,51,1,1,2,0,20560,1,0,0
3,1000,2071087,1,1,1,30,11,10,0,0,0,0,12611,1,0,0
10,1500,4587178,0,1,1,73,54,54,1,1,1,0,15145,0,0,1
16,2500,2951095,0,1,3,68,46,46,0,1,0,0,54981,1,0,0
6,2000,627590,1,1,4,30,12,11,1,0,0,1,18979,1,0,0
13,1200,4502318,0,0,1,48,28,27,0,0,1,0,2077,1,0,0
10,1200,2589955,1,0,4,38,20,20,2,1,2,0,19679,0,0,0
8,1000,3252336,1,0,1,67,48,47,0,0,0,1,31072,1,0,0
12,1500,4973109,0,0,0,47,26,25,0,0,1,2,30172,1,0,1
17,1000,2022844,0,0,1,74,52,52,0,0,0,0,58212,1,1,0
10,1500,459765,1,0,0,65,46,46,0,0,0,0,8168,1,0,0
14,800,2279683,1,1,0,42,22,22,0,0,1,1,38152,1,1,0
18,1200,3655676,1,0,1,47,27,26,1,0,0,1,43245,1,0,0
0,1000,4013718,1,0,0,27,7,6,0,0,0,0,33877,1,2,1
3,3000,1371263,0,0,0,24,4,4,0,0,0,0,38880,1,0,0
13,1500,1640301,1,1,0,51,33,32,0,0,0,1,47397,1,0,0
13,1200,2753029,1,1,0,21,2,1,0,0,1,2,28455,1,0,0
2,800,4240452,0,1,0,39,19,19,0,0,0,0,36603,0,0,0
16,1500,4366680,0,0,1,74,55,54,1,1,0,0,3988,1,0,0
2,1000,970038,1,0,0,46,27,26,1,0,0,1,51975,0,0,0
15,1500,3091327,0,1,2,71,50,49,0,0,0,1,56743,1,0,0
13,2000,2947917,0,0,3,21,3,2,0,0,0,2,28831,1,0,1
19,1500,2713122,1,1,1,18,0,0,0,0,0,0,10829,1,1,0
12,1500,759966,0,0,0,65,43,42,1,0,0,3,58610,1,0,0
14,1500,1892874,0,0,1,40,18,18,0,0,2,0,45260,1,0,0
13,2500,2455285,1,0,0,40,18,18,1,1,0,0,42754,1,0,1
18,2500,1587510,1,1,1,23,2,2,0,0,0,2,14128,1,0,0
5,1500,2232108,0,0,0,68,49,48,0,0,1,0,22543,1,0,0
9,1200,1264191,1,0,1,22,0,0,1,0,0,4,52577,1,0,1
14,1200,552572,1,0,1,40,18,18,0,0,0,0,21606,0,0,0
19,1000,4997639,1,0,1,55,34,34,1,1,1,2,21222,0,0,1
5,1500,3601878,0,1,1,24,5,4,2,0,1,0,17660,1,0,1
9,1500,4560012,1,0,0,22,0,0,0,1,0,0,52505,1,1,1
6,1000,3200854,1,0,1,50,32,32,0,1,1,1,30253,1,0,0
16,1000,555369,1,0,1,43,21,20,0,0,0,0,35759,1,0,0
17,1200,2534487,0,0,0,38,17,16,1,0,1,0,58310,1,0,1
16,2000,1098053,1,0,0,51,30,30,0,0,1,4,29785,0,0,0
8,1500,342369,1,0,0,43,25,24,0,0,0,2,30620,1,0,0
9,1500,896880,1,1,0,27,8,7,0,0,0,0,58391,1,0,0
9,1200,1670987,1,1,1,19,1,1,0,0,2,0,31168,1,1,0
6,1500,3308374,1,0,1,37,15,15,0,1,1,3,17566,0,0,0
15,1200,1100677,0,1,0,31,10,10,0,0,0,0,46817,1,1,0
17,1500,1462558,0,1,0,71,52,52,0,1,1,3,25983,1,1,0
5,800,1807588,0,0,1,70,48,47,0,0,0,3,45774,1,0,0
19,1200,4626728,1,0,2,24,6,6,0,1,0,0,21735,1,0,1
0,1200,2140251,1,1,0,27,5,4,0,0,0,4,10981,1,0,0
0,1200,4553788,0,1,1,48,30,29,1,0,0,0,44871,1,0,1
11,2500,2231391,1,0,3,25,5,5,0,2,0,3,19959,0,0,1
1,1000,1040100,0,0,0,18,0,0,0,1,2,3,25252,1,0,0
3,1200,2462854,0,0,0,46,25,25,2,0,2,2,55462,0,0,1
16,1500,3860254,0,0,4,48,29,29,1,1,0,0,3760,0,0,0
3,2000,4080843,1,1,0,25,4,3,1,0,1,1,54233,1,0,0
10,1200,2283519,1,1,1,33,11,11,0,0,0,0,43566,0,0,0
3,1500,4961065,1,1,1,63,43,42,1,0,2,0,58472,1,0,1
0,2000,4825991,0,0,0,36,15,14,0,1,0,0,36111,1,0,1
6,1200,1934916,0,0,0,43,25,25,0,1,0,0,49486,0,0,0
17,1200,3158574,0,0,1,27,8,7,0,1,1,0,49747,1,0,0
8,1200,445662,1,0,1,35,15,14,1,0,0,0,47558,1,0,0
2,2000,3264758,0,1,0,19,0,0,0,0,0,0,53706,1,0,1
7,800,3143596,0,1,1,54,35,34,1,0,0,0,32695,1,0,0
18,1200,4731569,1,1,1,46,26,25,1,0,2,0,48077,0,1,1
3,1500,1003543,1,1,0,19,1,0,0,0,0,0,19681,0,0,0
17,1500,2356297,0,0,1,69,51,51,0,0,2,0,29604,1,1,0
19,1200,2898468,1,0,0,20,2,1,0,0,0,2,13356,1,0,1
10,1500,1458845,1,1,1,41,22,22,0,0,0,0,13592,1,0,0
13,1000,2368671,1,0,1,26,8,8,1,0,1,3,14155,1,0,0
17,1200,4855754,0,1,1,60,38,37,0,1,1,0,56477,1,0,1
15,1500,4933877,1,0,0,65,43,42,0,0,1,0,38242,1,1,0
2,2500,1051790,1,0,1,31,13,12,1,0,0,0,27096,1,0,0
14,1200,706138,0,1,1,63,45,45,1,1,1,0,43297,1,1,0
3,2000,3967931,0,1,1,71,51,50,0,0,0,0,54897,1,0,0
4,1500,614291,0,1,3,69,49,48,0,0,0,0,48473,1,0,0
16,800,360631,1,0,4,60,39,39,0,0,0,2,29172,1,0,0
6,1500,4270623,0,1,1,28,9,8,0,0,0,0,17499,1,2,1
15,800,3556389,0,0,0,67,48,47,0,1,0,0,44015,0,0,0
13,3000,2184313,0,0,1,60,40,39,0,0,1,1,53309,0,1,0
15,2000,2537877,1,1,0,41,19,19,0,0,2,1,3255,0,0,0
6,1200,585212,1,1,1,31,10,10,1,1,1,0,50668,1,0,0
8,1200,1505321,1,0,1,68,48,47,0,0,0,0,40469,0,0,0
3,1200,300570,0,0,4,35,14,13,0,1,2,0,9424,1,0,0
10,1200,4338386,1,0,4,53,34,34,0,1,0,0,59225,1,0,0
1,1200,381736,1,1,1,30,11,10,0,1,0,0,48443,1,0,0
11,1200,2061428,1,0,1,51,32,31,0,1,0,1,31124,1,0,0
11,1500,4533225,1,1,1,36,14,14,0,0,1,0,46395,1,0,1
3,1000,1026403,1,1,0,58,38,37,0,2,0,0,23795,1,1,0
17,2000,741575,0,0,2,72,51,51,1,0,0,0,46240,1,0,0
6,2000,4563495,0,0,1,28,8,8,1,0,1,2,8592,1,0,1
0,1200,840635,1,0,1,66,47,47,0,2,0,0,27144,1,0,0
12,2000,322053,1,1,0,43,24,24,0,0,0,3,11334,1,1,0
5,1000,1145488,1,0,0,22,2,1,0,1,0,2,19293,1,1,0
5,800,4028704,0,1,1,38,20,19,0,1,1,0,42481,1,0,1
11,1500,4290610,1,0,0,26,8,7,1,0,0,3,46112,1,0,1
7,1200,3572113,0,1,0,65,45,45,1,0,0,4,18246,0,1,0
18,1500,2772843,0,0,0,29,10,10,0,1,0,0,18180,0,0,1
4,2000,4493861,1,0,4,18,0,0,1,0,1,3,11288,1,0,1
17,2500,2766374,0,1,1,66,48,47,0,1,0,0,14164,1,0,0
4,1500,1949282,0,1,1,31,11,10,0,1,0,1,50136,1,0,0
9,2000,3352080,1,0,0,43,21,21,0,0,1,1,4669,0,0,0
0,800,976538,1,0,0,24,4,4,0,0,0,2,16749,1,0,0
9,1000,825002,0,0,0,72,53,52,0,1,0,0,58744,1,1,0
4,1500,1593041,1,0,1,33,13,13,0,1,1,4,49586,1,0,0
11,1200,2865135,1,1,2,32,14,14,0,0,1,0,20705,1,1,0
6,1200,2641691,1,0,0,73,55,55,0,0,2,0,52603,1,0,0
8,1200,2511464,1,0,0,21,1,0,0,1,0,2,47268,1,0,1
11,1500,2994322,1,0,0,47,26,25,0,1,0,4,34121,1,0,1
0,1000,979484,0,1,1,40,20,19,0,0,0,4,34258,1,0,0
10,1500,2879952,0,0,3,39,18,18,0,0,1,0,47965,1,0,0
14,1000,2676807,0,0,1,32,14,14,0,0,1,0,52570,1,0,1
1,800,538274,0,0,1,34,12,12,1,0,0,0,24360,1,1,0
19,1200,2474719,0,1,0,19,0,0,0,0,0,3,48628,0,0,0
6,1000,1742970,0,0,1,25,5,4,0,0,1,3,21721,1,1,0
11,2000,3644742,1,0,0,23,4,3,0,1,0,0,30668,1,0,1
17,800,1433303,0,1,0,56,37,36,0,0,1,0,26557,1,0,0
2,1000,777900,1,0,0,73,53,52,1,0,2,1,24287,1,0,0
6,1500,990663,0,0,0,45,27,26,0,0,0,1,46581,1,0,0
10,1200,1864884,0,1,0,65,47,46,2,0,2,1,46031,1,0,0
17,800,4155101,0,1,1,22,4,4,0,0,0,0,5871,1,0,1
11,800,3927164,1,0,0,38,18,18,0,0,1,3,42067,1,0,0
5,3000,3530794,1,0,2,67,48,47,0,1,0,0,25680,1,0,0
4,1500,2616722,1,0,3,37,15,14,1,0,0,4,55501,1,0,1
0,1200,1594980,1,0,1,60,41,41,0,1,0,3,7299,0,0,0
11,1200,2132572,1,0,0,51,33,32,0,1,0,4,42754,0,0,0
10,1200,769303,1,0,1,24,4,4,0,0,1,1,42905,1,0,0
3,1200,2452255,0,0,2,47,27,26,0,1,1,1,24343,1,0,0
17,1500,2614366,1,0,0,47,25,24,0,0,0,0,20719,1,0,0
3,2000,1200440,0,0,2,32,13,12,0,1,0,0,12166,1,0,0
16,1000,2335936,1,0,1,44,26,25,0,0,0,2,46979,0,0,0
1,2000,1155056,1,0,4,26,4,4,0,0,1,0,44946,0,0,0
1,1000,341456,0,0,2,44,26,25,0,0,0,0,18180,0,0,0
11,1000,2842902,0,0,0,19,0,0,1,1,0,3,9070,0,0,1
5,800,2503381,1,0,0,53,31,31,0,0,0,0,9894,1,0,0
9,1000,2663608,0,1,0,44,26,26,1,0,1,0,13940,0,0,0
15,2500,4384077,0,1,0,64,43,43,0,0,0,1,15424,0,0,0
13,1200,1383791,0,1,1,57,37,37,0,0,1,0,52221,1,1,0
6,800,4197933,0,0,4,42,23,23,0,0,0,2,33730,1,1,1
18,2500,2916254,1,0,4,53,33,32,0,0,1,0,6219,1,0,0
16,2000,860552,0,1,0,57,39,39,0,1,0,3,59791,1,0,0
8,2000,649001,0,0,0,24,2,1,0,1,1,2,40364,1,0,0
12,2500,1204034,0,0,1,30,12,11,0,0,0,0,14731,0,0,0
4,1000,3166548,0,1,0,54,33,32,0,0,0,1,45311,1,1,0
4,2000,3021416,0,0,0,37,16,15,0,0,1,2,11853,1,0,0
9,1500,2857359,1,0,2,71,52,52,1,0,0,0,3752,1,0,0
9,2000,4723049,1,0,2,39,19,19,1,0,0,0,38015,0,0,1
6,2000,3298228,0,1,3,35,17,16,0,1,1,0,45905,0,0,1
14,1200,2961234,0,1,1,68,47,47,0,0,0,1,39252,1,0,0
6,2000,3999253,1,1,1,28,6,6,1,0,0,3,23901,1,0,1
14,1200,3559470,1,0,1,23,5,4,0,0,0,0,57458,1,1,1
2,1200,2892650,0,1,0,21,2,2,0,0,0,0,31581,1,0,1
18,1000,3421269,1,0,2,20,0,0,0,0,0,4,43958,1,2,1
9,2500,313417,1,0,0,69,49,48,0,0,2,0,13636,1,1,0
14,1200,1810702,1,1,1,23,4,4,0,0,1,0,40993,1,1,0
2,1500,2280285,0,0,1,32,12,12,1,1,1,4,15304,0,1,1
5,1200,4596420,1,0,0,20,0,0,0,0,0,1,33102,0,0,1
11,2500,355443,1,0,1,34,13,13,0,0,3,1,21266,1,0,0
14,1200,3926849,0,0,0,47,27,26,0,0,1,1,33686,1,1,0
5,2000,515189,0,0,1,39,17,16,0,0,0,2,37194,1,0,0
12,2000,1542185,1,0,1,19,0,0,0,1,0,0,12251,0,0,0
18,1200,1648668,1,0,1,74,52,52,0,1,0,0,40707,1,0,0
2,1200,413612,0,0,4,33,15,15,0,0,0,0,6303,1,0,0
7,1500,743318,0,0,0,39,18,17,1,0,1,0,20321,1,0,0
7,2500,2007542,1,1,1,66,45,45,2,0,0,2,57421,0,0,0
19,2000,904502,1,1,3,28,6,5,0,0,0,0,14706,1,0,0
14,1000,4789473,0,0,1,53,35,35,0,2,2,1,19463,1,0,1
3,2000,4544677,0,0,3,70,50,49,1,0,0,0,18159,1,0,0
18,1200,3197972,1,0,0,29,9,8,0,1,0,4,34841,1,0,0
2,1500,1169002,1,1,1,57,37,37,0,0,0,0,48752,1,0,0
12,2000,1641640,1,1,3,52,31,31,0,0,1,1,53343,0,0,0
7,1000,3349849,1,0,2,60,40,39,0,0,0,1,8813,1,1,0
15,2000,446083,1,0,3,62,44,43,0,0,1,2,25213,1,0,0
12,1500,1184315,1,1,0,74,56,56,0,0,1,0,51479,1,0,0
2,2000,813205,0,0,0,58,38,38,0,1,1,0,14352,1,0,0
15,1000,2943226,1,1,0,32,11,11,0,0,1,0,29080,1,0,0
8,1200,579088,0,1,0,61,42,42,3,2,1,0,2864,1,1,0
13,2000,4830365,0,0,1,59,37,36,1,0,2,0,27551,1,0,1
12,800,472236,0,0,4,38,18,17,0,1,2,3,52435,0,0,1
6,1000,3653543,0,1,1,21,1,0,0,1,0,0,4025,1,0,1
14,3000,1246219,0,0,3,24,2,1,1,0,1,1,13378,1,0,0
6,1200,2334987,0,1,4,46,27,27,0,0,0,0,36054,1,0,0
5,3000,4427738,1,0,0,58,38,38,0,1,0,0,12333,1,0,0
1,1000,2231903,1,1,0,23,3,2,0,0,0,0,39698,0,0,0
8,1200,4763292,1,0,0,56,37,37,1,1,1,3,48261,1,0,1
16,2000,3160713,1,1,1,34,12,11,1,0,1,0,25238,1,0,0
4,1500,2353398,1,0,0,53,35,34,0,0,0,0,23849,1,0,0
11,1500,3653212,0,0,1,19,0,0,0,0,1,0,14135,0,0,0
0,1500,1044227,1,0,0,34,14,13,0,0,1,0,11623,0,0,0
9,2000,1327599,0,0,0,46,25,25,0,0,2,1,31305,1,0,0
10,1000,313144,1,0,0,44,25,25,0,0,0,3,2207,1,0,0
15,1200,4488433,0,0,1,24,4,3,0,1,1,0,2497,1,1,1
13,1000,3875589,1,0,3,28,7,6,2,0,0,0,35085,1,1,1
7,1500,666099,0,0,4,43,25,24,0,0,0,3,27543,1,1,0
16,1200,3458546,1,1,3,69,50,50,0,0,1,0,33471,1,0,0
17,1200,1610220,0,0,0,67,49,49,0,2,0,4,48238,1,0,0
11,1200,3482608,1,0,1,70,49,49,1,0,0,3,36388,1,0,0
16,800,2195117,0,0,0,56,34,33,0,0,0,3,40666,1,0,0
13,800,3864074,1,1,0,49,30,30,0,1,1,0,18925,0,1,0
15,1500,4652092,0,1,1,67,45,44,1,0,1,0,58797,1,0,1
13,1200,1058641,0,0,0,40,19,19,1,0,1,3,12738,1,1,0
8,2000,593441,0,1,0,68,49,49,0,0,2,2,55642,1,0,0
3,1500,1902356,1,1,0,63,43,42,0,1,0,0,46022,1,1,0
10,800,1062439,0,0,4,57,36,36,1,1,0,4,32834,1,0,0
5,1500,4176812,1,0,1,24,3,3,0,2,1,3,44675,0,1,1
14,800,3744678,1,0,0,18,0,0,0,0,1,0,50715,1,0,1
4,2000,2471609,1,0,4,42,20,19,0,0,0,0,2985,1,1,0
10,3000,894173,1,0,4,48,29,28,1,0,2,0,9785,0,0,0
17,1500,899479,0,0,2,23,4,3,0,0,0,0,20621,1,0,0
12,1500,347674,1,0,1,45,25,24,0,0,0,1,28011,1,0,0
10,1000,1953279,1,0,0,48,29,29,0,1,0,2,33688,0,2,0
13,1200,605271,0,1,0,53,33,33,0,0,0,0,25241,0,0,0
17,2000,4911022,0,0,1,33,14,14,0,0,1,0,3806,1,0,1
18,1000,503265,0,0,4,32,14,14,0,1,0,4,7023,1,0,0
14,1200,2642517,0,1,1,39,18,18,0,0,0,1,17864,1,0,0
8,1200,3627524,0,0,0,35,16,15,0,0,0,1,31814,1,0,0
7,1500,699456,0,0,1,67,46,46,1,0,0,0,33435,1,0,0
19,1200,4974406,0,1,1,25,3,3,1,0,1,0,18248,1,0,1
0,2500,4602193,1,1,2,27,6,6,1,0,1,4,58592,0,0,1
3,800,2430047,1,0,0,54,32,32,0,0,1,2,50942,1,1,0
13,1200,4340038,0,1,1,56,37,37,0,0,0,2,29080,1,0,1
1,1500,1098352,0,1,0,66,48,47,0,0,0,3,57761,1,0,0
15,1000,3132440,1,0,0,23,5,4,0,2,2,0,30280,1,1,1
2,1500,904741,0,0,1,60,39,38,0,0,0,4,12169,1,0,0
7,1000,461715,0,1,0,27,9,8,0,1,1,0,36140,1,2,0
5,800,585395,1,0,1,56,34,33,0,0,0,3,26518,1,1,0
15,1000,4256398,1,0,0,24,6,6,0,2,1,0,10344,1,1,1
15,2500,1932908,0,1,4,59,41,40,0,0,0,1,21340,0,1,0
6,1500,2555947,1,0,2,62,44,44,0,1,0,0,55360,1,0,0
12,2000,3015732,1,0,0,52,32,32,2,0,0,4,41268,0,0,1
12,1200,4109601,0,0,1,45,25,25,0,0,0,0,31692,0,0,0
4,1500,1260820,0,0,0,42,21,21,0,1,0,1,53244,1,0,0
19,1200,1221883,0,0,1,45,26,25,0,0,0,0,22770,1,0,0
17,2500,406371,0,1,0,26,7,6,0,1,0,0,47909,1,0,0
14,1500,1490953,0,1,0,22,0,0,0,0,1,0,25814,1,0,0
17,1500,856010,0,0,4,74,52,51,0,0,1,0,34229,1,0,0
1,800,3177309,1,1,0,33,12,11,1,0,0,2,3733,1,0,0
9,1500,4571988,0,1,1,46,26,25,0,0,0,0,53372,1,0,0
12,1200,2452581,0,0,0,60,42,41,0,0,0,0,52916,0,0,0
17,2500,4048453,0,0,1,72,52,51,1,0,1,0,57741,1,0,1
14,1200,4439656,1,0,0,40,20,20,0,1,1,0,34633,1,0,1
11,1200,4721011,1,0,0,74,53,53,1,0,0,0,6912,1,1,0
14,1200,1523901,1,0,0,35,15,15,0,1,0,0,49301,0,0,0
12,1000,2811076,0,0,0,43,24,23,1,1,3,4,47810,1,0,1
17,1000,1020323,0,0,4,64,44,43,0,2,1,0,51905,1,0,0
14,2000,4259781,0,0,4,22,3,2,0,0,0,0,29774,1,1,1
10,1500,4917521,1,0,3,25,3,3,0,0,0,2,35874,1,0,1
18,2000,2225238,1,0,0,57,35,34,0,1,0,0,47536,1,1,0
2,2000,4599689,1,0,0,36,15,15,1,1,0,0,32084,1,0,1
6,1200,1255288,1,0,1,54,36,35,0,0,0,0,29694,1,0,0
13,1500,4533454,0,1,4,45,25,24,1,1,1,0,48944,1,0,1
13,800,3960171,0,0,1,21,3,2,0,1,0,1,20836,0,0,1
12,2500,409756,1,1,0,37,18,18,0,0,0,2,18974,1,0,0
11,1200,781588,1,0,2,67,49,49,0,0,0,4,35434,1,0,0
8,1200,4418776,1,0,0,39,19,19,0,0,0,0,42964,0,1,1
0,1200,3839961,1,0,3,29,11,11,1,0,0,1,24678,1,0,1
18,1200,451957,0,1,4,18,0,0,0,1,0,2,20093,1,0,0
10,1200,401351,0,0,4,25,7,6,2,0,2,1,40184,1,0,0
18,1200,4540564,0,1,0,58,37,37,0,1,0,3,43428,1,1,1
17,2000,2800628,0,0,1,44,26,26,0,0,0,0,55440,1,0,0
11,2000,1002022,1,0,1,38,18,18,0,0,0,3,21144,1,0,0
0,1200,3392049,1,0,0,62,42,42,2,1,0,0,29958,0,0,1
18,1200,2583323,1,1,1,71,53,52,1,0,0,1,30129,1,0,0
19,2000,1541954,0,1,1,50,29,29,1,0,0,4,30463,1,0,0
16,800,2819598,0,0,0,55,36,35,0,0,0,0,56614,1,0,0
4,2000,1111201,0,1,0,50,32,31,0,0,0,0,32630,1,0,0
2,1000,2764991,1,1,0,63,42,41,0,0,1,0,32159,1,0,0
1,1500,3087726,0,0,4,54,32,31,0,0,0,3,51808,1,1,1
2,1500,332492,1,1,2,62,42,41,2,1,0,0,25053,1,0,0
7,1500,4295927,1,0,1,74,52,52,0,0,0,0,27102,0,0,0
15,2000,4032489,1,0,0,22,2,1,0,0,1,3,21438,1,0,1
5,1000,2506167,1,1,1,32,13,13,0,0,0,2,40441,1,0,0
12,1200,541495,0,0,0,47,26,25,1,0,0,0,19859,0,0,0
15,1500,3449415,0,1,1,20,1,0,1,0,1,1,29621,1,0,1
15,2000,2855003,1,1,1,45,23,22,0,0,3,0,50809,0,0,0
2,1000,4043416,1,1,3,47,26,25,1,0,0,4,53417,0,0,1
12,2000,1158095,1,0,0,53,31,31,1,0,1,0,20629,1,0,0
13,1200,4901354,1,0,0,20,2,1,0,1,0,0,31687,0,0,1
7,1000,2799289,1,0,4,69,47,46,0,0,0,0,29609,1,0,0
11,2000,2252256,0,1,4,61,42,42,0,1,0,2,13538,0,1,1
7,800,983933,1,0,1,48,29,29,0,1,0,0,54913,1,0,0
8,1500,1124308,0,0,0,31,13,13,0,1,0,3,39483,0,0,0
0,800,3187850,1,0,1,23,2,2,0,0,1,0,41333,1,0,1
5,1200,1963100,1,0,1,36,14,14,1,1,1,0,13756,1,0,0
18,1500,3060878,1,0,2,22,0,0,0,0,2,0,46822,1,0,1
10,1500,2891223,0,0,1,72,50,49,0,1,0,0,40537,1,0,0
10,1200,2466536,1,0,0,66,45,45,0,0,0,0,35325,1,0,0
12,1200,958816,1,1,1,68,49,49,0,0,0,0,3724,1,0,0
10,1000,2612902,0,1,0,71,53,53,0,0,0,1,45256,1,0,0
17,1200,4637407,1,1,0,43,22,21,0,0,1,0,23261,1,0,0
14,2500,2482827,0,0,0,67,49,48,0,0,0,0,52908,0,0,0
0,2000,3072538,1,1,0,73,53,53,2,1,0,0,52056,1,0,1
6,1000,4010903,0,1,2,72,54,54,0,0,1,0,57549,0,0,0
12,800,459849,1,1,1,61,41,41,0,0,0,0,44005,1,0,0
11,2500,4627036,1,0,1,35,17,17,0,0,0,2,56211,1,1,1
17,1500,2360682,1,1,1,54,34,34,0,0,0,0,36648,1,0,0
18,1500,509816,1,0,4,62,40,39,0,0,0,4,9790,1,0,0
14,2000,1981884,0,0,4,53,32,32,2,0,1,4,50400,1,1,0
7,1200,616882,0,0,2,48,26,26,0,0,0,1,52865,0,1,0
18,1200,4146865,1,1,0,35,16,15,0,0,0,0,17393,1,1,0
9,2500,1568026,1,0,0,69,48,47,0,0,0,0,56638,0,0,0
6,1500,1472764,1,0,1,26,4,3,0,2,0,0,30327,1,0,0
17,1000,2255821,0,1,0,43,25,25,0,0,1,1,46484,0,0,0
15,1000,4886759,1,0,0,19,0,0,1,0,1,0,46880,1,1,1
19,1000,660069,1,0,0,49,31,31,0,0,1,0,32093,1,0,0
5,2000,2458956,0,0,0,59,37,37,0,0,1,0,26328,1,2,0
8,1200,2441153,1,0,1,62,41,41,1,1,1,0,29622,0,0,0
12,800,4677278,1,0,1,23,1,1,0,0,0,1,38206,0,1,1
7,2500,577883,1,0,1,37,18,18,0,0,1,0,26728,1,0,0
15,1000,1326693,0,1,1,25,3,3,0,2,0,1,30018,1,0,1
12,800,3256596,1,1,0,62,43,42,1,1,0,0,10172,0,0,0
12,1000,313699,0,0,1,21,0,0,0,0,0,2,30657,1,0,0
16,1000,2531028,1,0,4,42,21,20,1,1,2,0,17861,1,0,0
19,1200,3887848,1,0,0,48,30,29,0,0,0,0,57616,0,0,0
4,2500,3893540,0,0,1,36,15,14,0,0,0,1,12853,1,0,0
16,2000,3626793,1,0,0,24,2,2,2,1,1,0,39701,1,0,1
8,1200,2854734,1,0,0,64,42,42,0,1,0,0,14419,0,0,0
1,1200,862631,1,0,0,54,32,31,1,0,0,2,49211,1,0,0
17,1500,3174710,1,0,1,47,27,27,1,1,1,0,59873,1,0,1
8,1000,933273,0,0,1,44,25,25,0,0,1,0,21580,1,0,0
5,800,626380,1,1,0,34,16,16,1,0,1,0,20146,1,0,0
10,2500,3622674,0,1,1,49,30,30,0,0,0,3,31199,1,0,0
5,1000,1478601,0,1,0,36,14,14,0,0,0,0,21396,0,0,0
5,1000,2101101,0,1,0,42,20,19,1,0,0,0,39635,1,0,0
12,1200,1339586,0,0,0,46,27,26,1,0,0,3,14004,1,0,0
10,1200,3901596,0,1,3,42,23,22,1,0,0,0,3725,1,0,0
13,800,1986736,1,0,0,70,51,50,0,0,0,0,18506,1,0,0
1,1000,1856681,1,1,0,49,29,29,0,2,1,0,17439,0,0,0
7,1200,1152719,1,1,0,54,35,34,1,0,0,3,51174,1,1,0
2,1500,3557269,0,0,1,28,6,6,1,0,2,0,25346,1,0,1
2,1000,3689812,0,0,1,21,3,3,0,0,0,3,52580,1,0,1
0,1200,1716569,1,0,1,63,42,42,1,0,1,0,28362,1,0,0
18,1500,727189,0,0,1,48,29,29,0,0,0,0,32961,1,0,0
17,2000,1554696,0,1,0,53,34,34,0,1,0,0,5673,1,1,0
16,1200,1422734,1,1,4,21,2,2,0,0,0,0,34619,1,0,0
19,1000,2854545,1,0,0,19,1,0,0,0,2,3,48746,1,0,1
12,1200,422207,1,0,0,56,37,37,0,0,0,0,26459,0,0,0
2,1500,1451563,0,0,1,68,49,49,0,0,1,3,30947,1,0,0
0,1000,1933325,1,1,1,50,31,30,0,0,1,3,32380,0,0,0
3,1200,1891522,1,1,0,61,43,43,0,0,2,2,6067,0,0,0
12,800,3043651,0,0,4,44,23,22,0,0,2,0,21876,1,0,0
16,800,1646853,0,1,1,43,21,21,0,0,0,0,54823,1,0,0
10,1200,4184271,1,1,1,36,18,17,0,0,0,1,6498,0,0,0
1,1200,3833147,1,0,0,74,55,55,0,0,1,0,8773,1,0,0
15,2000,2827435,1,1,0,61,41,40,0,0,1,0,14433,1,0,0
1,1500,3908213,0,0,4,58,40,40,0,0,1,0,55482,0,0,0
18,1200,2557899,0,0,1,56,37,37,0,2,0,0,13013,0,0,0
18,1200,1873724,0,0,1,50,31,30,1,0,1,3,40670,0,0,0
15,1200,3211202,1,0,1,55,33,33,0,0,1,0,19125,1,1,0
18,800,2395416,1,0,2,27,9,9,1,0,2,0,34612,1,1,1
8,2000,2390898,1,1,1,18,0,0,0,0,1,4,24961,0,0,0
0,3000,4314216,1,1,0,67,45,45,0,0,0,2,19855,1,0,0
9,1000,3271251,1,1,1,52,32,32,0,0,0,0,36976,1,0,0
18,1000,901248,0,0,1,28,8,7,1,0,0,0,41834,1,0,0
0,1000,702561,1,0,4,31,10,10,0,0,0,2,21296,0,0,0
1,1500,3569176,1,0,1,23,2,1,0,1,0,1,37770,1,0,1
15,1500,524094,0,0,0,60,38,37,2,0,1,2,47800,1,0,0
11,2000,2681880,1,0,0,56,38,37,0,1,0,0,12128,1,0,0
7,2000,1872239,0,1,1,57,38,37,1,0,1,0,13636,1,0,0
17,1200,2358602,1,1,1,42,22,22,0,0,0,2,25523,1,1,0
1,1500,3457326,1,0,0,40,22,22,0,1,0,0,7999,1,0,0
12,1500,4174949,1,1,1,71,50,49,0,0,0,1,26386,1,0,0
5,1500,1760237,0,1,2,22,2,2,0,1,2,0,13613,1,0,0
5,1200,2368762,0,1,0,43,24,24,0,0,0,1,40311,1,0,0
8,1500,605957,1,0,1,35,14,14,1,0,1,0,45279,1,0,0
15,1500,2763722,1,1,0,49,30,30,0,0,0,2,41188,0,1,0
10,1500,465635,0,0,0,64,43,42,0,0,0,0,40954,0,0,0
6,1500,4373273,1,0,0,73,54,53,1,0,0,0,20613,0,0,0
9,1500,2843833,0,0,1,38,18,17,1,1,1,0,49688,1,1,1
9,1500,3811016,0,0,4,43,21,21,0,1,0,1,50876,1,0,1
19,1500,4789072,0,0,1,67,48,47,0,0,1,0,13973,0,0,0
17,1500,2080391,0,0,0,52,32,31,0,0,1,0,47405,1,0,0
19,1200,2130376,1,1,0,27,9,9,0,0,0,0,58493,1,0,0
8,1000,1052612,1,1,1,45,27,26,1,0,0,0,28285,1,0,0
14,800,481465,1,1,0,48,27,27,1,0,0,1,10663,0,0,0
3,1500,3054355,1,0,1,32,10,9,0,0,0,0,47321,1,1,0
7,1500,2324936,0,1,0,72,51,50,0,0,1,0,17029,1,0,0
8,3000,1020820,1,0,0,57,38,38,0,0,1,0,28913,0,0,0
12,1200,3441730,0,0,0,70,48,48,1,1,0,0,41805,1,0,0
8,1200,984213,0,1,1,25,6,6,0,0,1,0,56134,1,0,0
3,1000,4431048,1,1,0,63,43,43,3,0,1,0,26422,0,0,1
16,800,395324,1,0,0,27,5,4,0,0,0,0,9455,0,0,0
15,2000,2926007,1,1,1,62,44,44,0,0,1,0,39849,1,0,0
14,1000,788963,1,1,1,27,7,6,0,0,0,3,29448,0,0,0
2,1500,505908,1,1,4,55,35,34,0,0,0,4,23147,1,0,0
19,1500,2721414,1,1,0,35,16,16,1,0,0,2,15444,1,0,0
4,1200,3701978,0,1,0,65,44,43,0,1,0,0,49349,1,1,0
4,2000,3280948,0,1,1,45,26,26,1,1,1,0,32530,1,0,1
19,1200,2949000,1,1,0,45,25,25,1,0,1,0,28837,0,0,0
14,1200,908856,1,1,0,67,45,44,0,0,1,0,4013,1,0,0
17,2000,3654486,0,1,0,73,55,55,0,0,1,0,57323,1,1,0
14,2000,4104459,1,1,3,37,17,16,1,0,0,0,55591,1,0,0
1,1000,4841797,1,0,0,41,20,19,0,0,0,0,45032,1,0,0
12,800,1473036,0,1,1,74,53,52,0,0,0,0,31437,1,0,0
3,800,485084,0,0,4,23,1,0,1,0,1,3,48497,0,1,1
9,1200,2662228,0,0,4,58,37,36,1,0,2,2,9194,1,0,0
12,3000,1238974,1,0,1,65,43,43,0,1,2,3,47372,1,0,0
9,1500,1358354,1,0,4,49,28,27,1,0,0,0,4872,1,0,0
8,1200,965664,1,0,1,23,4,4,0,0,0,0,53436,1,0,0
7,2000,3703317,0,1,0,28,10,10,1,0,0,4,12247,1,0,0
2,1200,4883889,1,1,3,47,29,29,1,0,0,3,14255,1,0,1
15,1200,2804775,1,0,1,20,0,0,0,0,3,0,20663,1,0,1
13,2500,4611561,0,1,0,25,5,4,1,2,1,3,22846,1,0,1
8,2000,938935,0,1,1,50,31,31,0,1,0,0,37820,0,0,0
10,2000,342666,0,0,1,71,52,52,0,1,1,0,28637,1,0,0
2,1500,3593598,1,0,3,64,46,46,0,0,1,1,32977,1,0,0
4,2000,4175179,1,0,2,64,44,44,0,0,1,0,56007,1,1,0
9,1000,1162735,0,1,0,36,16,16,0,0,1,3,10615,0,0,0
12,1500,1611823,0,0,0,27,9,9,1,0,1,0,43879,1,0,0
3,3000,3086451,1,1,1,36,14,14,0,0,0,0,55738,1,0,0
12,1200,1276546,1,0,1,26,7,6,0,0,1,3,44178,1,0,0
11,2000,3782042,0,0,0,24,4,4,0,0,0,2,29392,1,0,1
4,1200,3157224,1,0,0,31,13,12,0,0,0,0,44009,1,0,0
9,800,2147143,0,0,0,19,0,0,0,1,1,0,13480,0,1,1
8,2000,681577,1,0,1,39,21,21,0,0,0,1,56682,1,0,0
19,1000,1697201,1,0,0,62,40,39,0,0,0,1,23257,1,0,0
6,1500,2913228,0,0,0,37,16,16,0,2,0,0,35654,1,0,1
1,800,4234749,1,0,1,43,23,22,0,0,1,2,38794,1,0,1
6,2500,833983,0,1,0,72,53,52,0,2,0,3,7178,1,0,0
7,1200,512135,1,1,0,21,3,3,1,1,1,0,44919,1,0,0
6,1000,3189306,1,1,4,56,38,37,0,0,0,0,40103,1,0,0
13,1000,694057,0,1,1,71,52,51,0,1,1,0,8392,1,0,0
18,2500,974091,0,0,0,57,37,37,0,0,0,0,24124,1,0,0
4,1500,2784397,0,0,3,40,20,19,0,0,0,0,57282,0,0,0
17,1500,329402,1,0,0,33,15,14,1,0,0,3,51034,1,1,0
19,1200,4792917,1,0,1,42,22,22,0,1,1,0,18765,1,0,1
11,1200,2195584,0,0,0,69,48,47,1,1,1,1,10832,0,0,0
16,1000,4554573,1,1,1,26,4,4,1,1,1,0,9148,1,1,1
12,1500,3228805,0,1,0,70,48,48,0,0,1,0,29278,1,0,0
1,1000,4375947,1,0,0,28,7,7,0,0,0,0,57751,1,0,1
12,3000,1935236,0,0,1,42,22,22,0,0,0,1,56540,0,0,0
6,2000,974698,0,1,1,48,30,30,1,0,1,2,32873,1,0,0
9,1200,1505823,1,1,1,63,43,42,1,0,0,0,46961,0,1,0
5,1000,3947106,0,0,1,44,25,24,0,0,1,0,31812,1,0,1
2,2000,4359959,1,0,0,53,34,33,0,0,0,0,48592,1,0,0
2,1000,1741640,1,1,1,68,48,47,1,0,0,1,24020,1,0,0
17,1000,4819553,1,1,1,64,43,42,0,1,0,0,5496,1,2,1
10,1000,4741227,0,0,0,31,12,12,0,1,1,2,56952,1,0,1
19,1500,2939105,1,0,3,40,18,18,0,0,0,2,41988,0,0,1
4,2000,2866760,0,0,2,33,15,14,1,0,0,0,13410,0,0,0
18,1200,3280220,1,1,4,37,16,16,0,1,1,0,22939,1,0,0
18,800,4281614,1,0,1,70,51,51,0,0,1,1,13720,1,1,0
14,1200,1139843,0,1,1,20,2,2,0,0,0,2,10760,1,0,0
15,1500,1469027,1,0,3,23,1,1,1,0,2,0,56145,0,0,1
8,1000,1059642,0,0,0,46,27,26,0,1,0,0,51479,1,0,0
3,1000,4568929,0,1,4,21,2,2,0,0,1,0,29913,0,1,1
14,2500,3671790,0,0,0,18,0,0,0,0,0,0,8486,0,0,0
11,2500,570298,1,0,0,67,49,49,0,0,0,0,30442,0,1,0
2,3000,2372567,1,0,0,25,5,4,0,0,0,0,23870,1,1,0
13,2000,3606198,0,1,1,65,46,46,0,0,1,0,2828,1,0,0
16,1000,663810,0,0,0,37,15,15,0,0,0,1,47903,1,1,0
18,1000,2047805,1,0,0,33,15,14,0,0,0,3,9996,1,0,0
5,1200,1348018,0,1,1,64,43,42,0,0,0,2,47663,1,0,0
3,1200,1801499,1,0,1,48,29,28,0,1,1,1,33436,1,0,0
6,2500,2513852,1,1,2,49,28,28,0,1,0,2,7381,0,0,0
18,2000,4519695,0,0,0,51,32,31,1,0,0,3,50061,1,0,0
16,1500,3081334,1,0,0,46,28,28,0,0,1,0,24870,1,0,0
15,1000,3745744,1,0,0,29,9,8,1,0,0,1,27023,1,0,1
14,2500,2472200,1,1,1,21,2,2,1,0,2,0,34291,1,0,0
7,2000,460412,1,0,0,72,54,53,0,1,0,4,29250,1,0,0
18,1000,3003045,0,1,0,60,42,41,0,0,0,3,55819,1,0,0
7,2000,2773855,1,0,1,51,33,32,1,0,0,0,42791,1,0,0
17,1200,1970636,0,0,2,23,2,2,0,2,2,1,22668,0,0,1
15,800,1438119,0,0,0,66,48,48,0,1,1,0,12762,0,1,0
19,1500,3635176,1,0,1,68,47,46,0,1,0,3,41035,1,0,1
18,1500,1354613,1,0,0,26,4,4,0,0,0,0,35757,1,1,0
9,800,3102819,1,0,0,22,2,1,0,0,0,0,56286,1,0,1
16,1200,4200388,0,0,0,63,45,44,0,1,2,0,17056,0,0,0
12,3000,2362199,1,1,1,33,11,10,0,0,0,0,51429,1,0,0
12,1500,714809,1,1,1,73,55,55,1,0,0,3,24734,1,0,0
6,1500,875985,1,0,3,18,0,0,0,1,0,0,26834,1,1,0
9,1000,3993165,0,0,3,37,19,19,1,0,1,0,59940,1,0,1
1,800,841025,0,1,1,52,32,31,0,0,0,0,20356,1,0,0
3,1200,1416430,0,0,0,27,9,8,0,0,0,0,18293,1,0,0
5,1000,3426663,0,1,2,42,21,20,0,0,0,4,13694,1,0,0
17,1000,3360143,1,0,1,64,46,45,0,1,0,4,8527,1,0,0
5,1000,2946754,0,1,1,72,53,53,0,0,0,1,11906,1,0,0
16,1500,1247955,1,0,0,45,24,24,0,0,0,1,10370,1,0,0
13,1200,992731,1,0,1,52,30,29,0,0,0,0,37309,1,0,0
10,2000,1530884,0,0,3,50,32,32,1,1,0,0,57787,0,0,0
18,1000,3397038,1,1,1,62,44,43,0,0,0,0,15951,1,0,0
1,1200,3704472,1,0,1,32,14,14,1,0,0,0,6276,1,0,0
2,800,4839083,0,0,1,38,19,18,0,1,0,0,19045,1,0,1
10,1200,1517746,1,0,1,59,39,38,0,0,0,0,13939,1,0,0
5,800,4128961,1,0,2,52,32,32,0,0,0,0,42118,1,0,0
13,3000,3076070,0,0,1,67,46,45,1,1,0,3,26672,1,0,1
18,2000,4000534,1,0,4,68,47,47,0,0,0,0,44159,1,0,0
15,1200,4175804,0,0,4,70,51,50,0,0,0,0,49188,1,0,0
6,800,3134643,0,0,1,54,35,34,0,0,0,0,36261,1,0,0
7,1500,3670058,1,1,0,27,8,7,2,0,3,0,47446,1,0,0
18,2000,1332945,1,1,0,73,51,51,0,2,3,0,59306,0,0,0
19,1000,4214865,0,1,4,33,14,14,0,1,1,2,50452,1,0,1
15,1500,1221254,0,0,0,37,18,17,1,0,0,0,12071,1,0,0
6,2000,3064393,1,0,0,67,48,48,0,0,1,0,28868,1,0,0
8,2000,2285686,1,0,1,25,6,6,0,0,3,0,43857,1,0,0
12,2000,4773267,1,0,0,62,42,42,0,1,0,1,42469,1,1,1
0,2000,459827,0,0,1,48,30,30,0,2,0,0,19221,0,0,0
7,2500,1374387,1,0,1,25,7,6,0,1,1,1,30729,1,0,0
3,1200,3745569,0,0,0,30,10,10,1,1,2,0,43538,1,0,1
2,1500,885484,0,0,1,41,22,21,0,1,0,0,39635,1,0,0
2,2000,4905864,0,0,1,29,7,7,0,0,0,3,49991,1,0,1
12,1500,320656,0,0,1,62,40,40,0,1,1,0,46655,1,0,0
7,3000,4651758,1,0,0,34,13,13,0,0,1,1,15035,0,0,1
6,800,4696725,1,1,3,64,46,46,0,1,1,3,2317,0,0,0
0,1200,2457726,0,0,0,58,37,37,0,0,0,0,44636,1,0,0
15,1200,1809052,1,0,0,69,50,49,0,0,0,0,42676,1,1,0
5,1200,357529,1,0,1,53,32,32,4,2,2,0,34379,1,0,1
6,1000,3074324,0,0,4,73,54,53,0,0,0,4,3426,1,0,0
11,1500,2286517,1,1,1,29,8,7,0,0,1,1,20732,1,0,0
8,800,3552469,0,0,1,73,53,52,0,2,1,4,24501,0,1,1
10,1500,3452888,1,0,1,71,52,51,0,0,0,0,35328,1,1,0
9,1500,1789875,1,1,0,53,31,30,1,1,2,2,37371,1,0,0
0,1200,2941818,1,0,0,30,11,10,0,0,0,0,42199,1,0,0
17,1200,2012427,0,1,0,52,30,29,1,1,1,0,58713,0,0,1
3,1500,2201444,0,1,0,22,0,0,0,0,0,3,25444,1,0,0
4,2000,3185043,1,0,1,30,9,9,0,1,0,0,2786,0,0,0
8,2000,4133780,1,0,0,63,45,45,0,0,0,0,45966,1,2,0
16,2000,4642565,0,1,3,25,7,7,1,0,2,0,47297,1,0,1
2,2500,2461522,1,1,4,72,54,54,0,1,3,0,31514,1,0,0
15,1500,4758369,1,1,1,28,6,6,0,0,0,0,31704,1,0,0
4,2500,3704469,1,0,0,25,7,6,2,0,1,0,24586,1,0,1
15,2000,2735562,0,0,0,48,29,28,0,0,1,0,24253,1,0,0
2,2000,1691086,1,1,1,29,10,9,0,1,1,0,55931,1,0,0
19,800,1353858,1,0,1,28,9,9,0,0,0,0,26915,1,0,0
14,2500,3698350,0,0,0,34,12,11,0,0,0,0,8766,1,1,0
2,1200,4208022,1,0,0,44,22,22,0,0,0,0,43196,1,0,0
19,2000,973265,0,0,1,30,12,12,0,0,0,0,34037,1,0,0
13,1000,2530922,1,1,1,53,32,32,0,1,1,0,21516,1,1,0
15,1200,1944590,1,1,1,30,8,7,0,0,0,0,35653,1,0,0
16,1200,2213710,1,0,4,58,38,38,1,0,2,3,5100,1,1,0
19,1200,1771481,0,0,1,39,20,19,0,1,1,0,47598,1,0,0
17,1000,1380180,1,1,0,63,44,43,0,0,1,0,24250,1,0,0
17,2000,3560479,1,0,1,61,43,42,2,0,2,1,38441,1,0,1
13,800,656671,0,0,1,41,20,19,0,0,3,4,41827,1,0,0
17,1200,3331899,0,0,1,47,28,28,0,1,1,0,56907,1,0,1
14,1000,727531,1,1,3,30,8,8,0,0,0,0,2756,1,0,0
14,1500,1567653,1,0,0,25,4,3,1,0,0,0,9921,1,1,0
5,1200,608820,1,0,0,22,3,3,1,0,0,0,43285,0,0,0
14,1200,612058,0,0,0,60,42,42,0,1,0,3,52415,1,0,0
17,1200,4101823,0,0,0,73,55,54,1,0,1,0,2734,1,0,1
3,1500,2732046,0,0,1,69,51,50,0,1,0,2,55051,1,0,0
7,1000,4518272,0,0,1,23,1,0,2,0,2,1,22299,1,0,1
14,1000,3752496,0,0,0,24,6,5,0,0,2,0,24767,0,0,1
2,1000,2171505,1,0,1,71,51,51,0,2,0,0,38467,0,0,0
14,3000,700457,1,1,1,39,17,17,0,1,1,2,17669,1,0,0
12,1200,1016999,0,1,0,73,53,53,1,0,1,0,16714,0,0,0
8,1500,841345,1,0,1,47,29,29,2,0,2,0,12876,1,0,0
1,1000,2935872,1,0,1,32,11,10,0,0,0,3,58087,1,0,0
7,1200,1972063,1,0,1,54,32,31,0,1,0,4,46997,1,1,0
19,800,4750343,0,0,1,73,53,53,0,0,3,1,41481,1,0,1
16,800,3659633,1,0,1,58,36,36,0,1,0,0,29574,0,0,0
12,1200,415864,1,0,0,37,17,16,0,1,0,0,5602,0,0,0
0,1200,746674,0,0,1,48,26,25,0,1,0,1,7872,1,0,0
1,1000,4710569,1,0,1,68,49,48,0,2,3,4,28232,0,0,1
14,1500,781712,0,0,1,22,2,2,0,1,0,0,5368,0,0,0
11,3000,2510498,1,0,0,62,42,41,0,0,0,0,59389,1,0,0
13,1200,2313748,0,0,0,29,7,6,0,0,0,0,9218,1,0,0
1,1500,4473970,1,1,2,54,33,33,0,0,0,1,44081,1,1,0
17,2500,3267026,0,0,0,47,28,28,0,0,1,4,8137,0,0,0
6,2000,1338617,0,1,1,56,36,35,0,0,0,0,4050,0,0,0
5,1200,1983950,0,0,1,20,2,1,0,2,3,0,6158,1,0,1
13,1500,4201848,0,0,1,30,12,12,0,0,0,0,8565,1,1,0
7,1000,3725905,1,1,0,28,6,6,0,0,0,2,29792,1,0,0
1,1500,4079017,0,1,0,27,6,5,0,2,0,0,4425,1,0,1
16,1200,4375196,0,0,0,47,28,28,0,0,0,0,31394,1,1,0
4,1000,603149,0,0,1,26,6,5,0,2,0,0,45253,1,0,0
13,1200,3712278,0,0,4,47,29,29,0,0,1,0,53449,1,0,0
19,1000,4588842,1,1,0,46,26,25,0,0,0,0,9230,1,0,0
2,1500,1804139,0,0,1,55,37,37,0,1,1,0,39452,1,0,0
4,1200,1028487,1,0,0,63,41,40,0,0,1,0,24536,1,0,0
15,1500,3168600,0,0,3,59,37,37,1,0,1,1,25197,1,0,0
17,1000,1407511,1,0,0,74,54,54,0,0,0,1,49043,0,0,0
16,1000,4415981,1,1,0,66,44,43,0,2,1,0,48103,1,0,0
10,1500,4291254,0,1,1,51,32,31,0,0,0,0,52871,1,0,0
16,3000,3810004,0,0,1,43,21,21,0,0,0,0,20126,1,0,0
15,800,3322307,0,0,0,19,0,0,0,0,1,0,44166,1,0,1
1,1200,407396,0,1,0,73,51,50,0,0,1,0,22424,0,0,0
3,2000,1358946,0,0,0,53,33,33,0,0,2,0,49507,1,0,0
6,800,4276712,0,0,1,24,5,5,0,0,1,0,30209,1,0,1
1,2000,699993,1,0,4,69,48,48,0,0,0,4,18222,0,1,0
5,1500,2004049,0,0,0,53,33,32,0,0,2,0,6255,1,0,0
16,1200,2790899,0,1,1,57,38,37,0,0,0,1,10326,1,0,0
6,1200,2007346,0,0,0,31,13,13,0,0,0,2,41715,0,0,0
4,1200,4090543,0,0,0,44,26,26,0,1,1,1,7380,1,1,0
4,1200,4046711,0,1,0,43,22,22,1,2,1,0,54862,1,0,1
19,2000,1251998,1,0,1,37,19,18,0,0,0,0,12623,1,0,0
15,1500,4810670,0,0,0,52,32,31,0,1,1,0,46865,0,0,1
18,1500,996345,1,1,1,28,9,9,0,1,1,3,51800,0,0,1
8,2000,921931,0,0,0,43,23,22,0,1,0,1,35049,1,0,0
4,1200,4198459,1,0,1,74,52,52,1,0,0,0,31136,1,1,1
7,1500,3753472,0,0,1,52,30,30,0,0,0,2,12207,1,0,0
8,1200,4503757,0,0,0,22,4,3,1,2,1,0,24515,0,0,1
4,2000,4915441,0,1,1,33,12,12,0,0,0,0,16621,1,0,0
9,1200,1677189,1,1,0,28,7,6,0,1,1,0,39124,1,0,0
1,1500,2493696,1,1,0,50,28,28,0,2,0,0,41082,1,0,0
8,2000,4257552,0,0,0,26,5,5,0,2,2,0,34403,0,0,1
10,1200,2560401,0,1,0,39,18,18,0,1,0,0,59077,1,0,0
3,800,1060780,1,0,0,22,4,4,0,0,0,0,36545,1,0,0
1,1500,1861523,1,0,0,37,17,16,1,2,0,0,8511,1,0,0
5,1200,4320547,1,1,0,73,53,52,0,1,0,0,23639,0,1,0
13,1500,2801474,0,0,0,60,41,41,0,0,0,1,9391,1,0,0
0,2500,1873656,0,0,4,51,31,31,1,0,1,0,14285,1,0,0
17,1200,1359943,0,1,1,47,27,27,1,0,2,0,57883,1,0,0
6,1200,1901432,0,1,0,27,9,9,0,0,0,2,59945,1,0,0
0,1500,2917632,1,1,1,54,36,35,0,0,0,1,17547,1,0,0
0,1000,625051,0,0,1,49,29,29,0,2,1,3,4323,1,0,0
0,1200,2046267,1,0,0,41,22,21,1,1,1,1,34679,1,0,0
3,2500,3299421,1,0,0,34,14,13,0,1,1,4,54071,1,0,1
3,1500,3623912,1,0,4,61,41,40,0,0,0,0,37159,1,1,0
17,800,4698605,1,0,1,20,0,0,0,0,0,0,37553,1,0,1
10,1000,3797284,1,0,1,56,37,37,0,0,1,0,55063,1,0,0
0,1500,994455,1,0,1,60,40,40,0,1,1,0,32991,1,0,0
9,2000,2269433,1,0,1,60,42,42,1,0,1,0,35428,1,0,0
8,2000,1787924,1,1,1,43,23,22,1,0,1,0,2499,1,0,0
3,1200,4025137,0,0,1,29,8,8,1,1,0,3,43718,0,0,1
5,2500,1925464,1,1,1,54,32,32,1,1,1,0,17289,0,0,0
15,1500,1706246,1,0,0,59,37,37,1,0,1,3,19493,0,0,0
1,1500,2942873,1,0,1,74,52,51,1,0,0,0,45742,1,1,0
17,1500,4740132,0,0,1,29,10,9,0,0,0,0,20004,1,0,1
9,1000,4586364,0,0,0,63,41,41,0,0,2,3,32996,1,0,1
16,2500,3588893,0,0,0,50,30,30,0,0,0,0,52859,0,0,1
12,1000,3170708,0,1,3,44,25,24,0,1,0,0,5415,1,0,0
17,1200,4773132,1,0,4,31,10,9,1,0,0,0,3104,1,0,0
12,2000,4215379,1,1,1,24,6,6,0,0,1,3,13389,1,1,1
16,1500,3112833,1,0,0,59,37,37,0,0,1,0,12628,1,0,0
4,2000,515592,0,0,0,61,41,40,0,0,0,2,51546,1,1,0
10,1500,875593,0,0,0,55,36,36,0,1,1,2,59031,1,0,0
6,1200,755241,1,1,1,65,45,44,0,1,0,0,43029,1,0,0
9,2500,4640283,1,0,1,59,37,37,0,1,0,0,34412,1,0,0
16,800,3237641,1,1,3,69,51,51,1,0,0,0,12872,1,0,0
14,2000,4376153,1,1,3,61,42,42,0,0,1,0,15051,0,0,0
17,1000,4580242,0,0,0,44,24,24,1,0,1,2,39286,1,0,1
18,2000,4147882,0,0,0,27,8,7,0,0,0,0,53333,1,0,1
1,1000,4042626,0,0,4,59,37,36,0,0,0,0,38869,1,0,0
3,1500,753493,1,0,2,71,49,48,2,0,0,1,41066,1,0,0
2,2000,4996384,1,0,1,60,39,39,1,0,1,0,56359,1,0,1
6,1200,1209102,0,1,0,58,37,37,0,0,0,4,41623,1,0,0
17,1500,889325,0,0,1,26,4,4,0,0,1,0,15537,1,0,0
9,2000,4349474,1,0,1,61,42,42,0,0,0,3,32552,0,0,0
6,1500,3370828,1,0,0,51,31,31,0,1,1,0,18450,0,0,0
7,2500,4117935,0,0,0,63,43,42,0,0,0,3,33348,0,0,0
5,1200,4233157,1,1,1,58,39,39,0,0,1,0,35099,1,0,0
0,1000,3074537,1,1,0,46,28,28,0,1,0,1,41772,1,1,0
3,800,1184347,1,0,4,35,16,16,0,2,0,1,17473,1,0,0
13,1000,1748176,0,0,0,71,49,49,1,0,0,0,13272,0,0,0
16,1000,2213767,1,1,1,46,24,24,0,1,1,0,16098,1,1,0
19,1500,1621918,0,0,1,72,51,50,0,1,2,3,22265,1,1,0
17,1000,1882246,1,0,1,47,27,26,2,2,1,0,10536,1,1,1
10,800,1777257,1,1,0,74,53,52,0,0,0,0,30444,0,1,0
13,800,4749120,0,1,1,30,10,10,0,0,0,0,12682,1,0,1
8,2000,2376491,0,0,0,39,20,19,0,0,3,3,17894,1,0,0
14,1500,1181936,0,0,0,33,15,15,1,0,0,0,50677,1,0,0
11,1200,4772183,1,1,0,62,42,42,0,1,1,3,17826,1,0,0
9,2000,1978710,1,1,0,49,31,30,0,1,1,0,2751,1,1,0
18,800,3024173,0,0,4,57,39,39,0,0,0,0,40926,1,1,0
18,3000,4485330,1,1,1,43,25,24,0,0,0,0,13890,1,0,0
5,1500,2247243,1,0,0,48,29,28,0,1,0,0,41601,1,1,0
19,1000,1126418,1,0,4,61,43,43,0,0,2,0,38425,0,0,0
5,1500,1371985,1,0,0,36,18,18,0,0,1,0,27525,1,0,0
7,2000,3906877,1,0,0,59,37,36,1,0,0,1,13788,1,0,0
0,1200,2514061,0,1,0,71,49,48,0,0,0,0,59125,1,0,0
16,2000,904275,0,0,1,51,31,30,0,0,0,0,25620,1,0,0
16,1000,2863426,0,1,1,64,42,42,0,3,0,0,18556,0,1,1
14,1200,752342,0,0,0,66,46,45,2,0,1,0,8095,1,0,0
6,800,2124843,1,0,0,23,5,4,0,0,1,0,42603,0,0,0
18,1000,2745214,1,0,1,52,30,30,0,0,2,0,20878,1,0,0
2,1000,2918448,0,0,1,28,7,7,0,2,0,4,11928,0,0,1
10,2500,738343,0,0,2,54,35,34,0,0,1,0,15450,1,0,0
19,800,2281842,1,0,1,39,17,16,0,1,0,2,23784,1,1,0
18,1200,3592377,1,1,1,30,11,10,0,0,2,1,15348,0,0,0
8,1500,845219,1,0,1,33,11,10,0,1,0,0,8545,1,1,0
9,2000,4664654,1,1,1,43,21,20,1,0,2,3,42498,0,0,1
1,3000,4710957,1,1,0,39,18,18,0,0,2,0,31622,0,0,0
0,2000,4325367,1,1,0,59,41,41,1,0,0,0,55643,1,0,0
15,3000,3363859,0,0,1,30,10,10,0,0,0,2,29009,1,0,0
17,2000,2009994,1,1,1,40,18,18,0,1,1,1,8272,1,1,0
16,2500,4997377,0,0,0,49,27,27,0,0,1,0,59616,1,0,1
5,1500,3776923,1,1,1,40,21,21,0,0,0,0,8308,0,0,0
13,800,1607090,0,1,0,60,42,41,0,0,1,1,20979,1,0,0
14,1200,368866,1,0,0,49,27,26,0,1,1,0,36972,0,0,0
13,1500,3021418,0,1,0,65,43,42,0,1,0,1,21371,1,1,0
2,1200,1261329,1,0,0,55,35,35,0,0,0,0,23715,1,0,0
18,1200,3397937,0,0,0,45,27,26,0,0,0,0,15362,1,0,0
11,1500,4116352,0,0,0,50,32,32,0,1,0,0,31613,1,0,1
1,2500,4082914,1,0,1,57,35,34,1,0,0,0,46219,1,0,0
2,800,2781776,1,1,0,43,25,24,0,1,0,1,45629,1,1,0
17,2000,735938,1,0,1,47,29,29,0,0,0,1,46103,1,1,0
0,1500,4135968,1,1,0,69,49,49,0,0,1,0,41879,0,0,0
19,2500,3660930,1,0,0,34,13,12,0,3,0,2,15558,1,0,1
5,2500,1167491,0,0,1,59,39,39,0,0,1,3,23039,1,0,0
4,2000,1408006,1,0,1,46,25,24,1,0,1,0,8805,1,0,0
0,1500,2714911,0,0,1,19,0,0,0,0,0,1,11240,0,0,0
18,1000,1649957,0,1,0,68,46,45,0,0,0,2,41752,1,0,0
0,1500,3073248,0,1,1,55,35,35,0,1,1,0,21536,0,0,0
15,2000,1888661,1,0,0,51,33,33,0,0,0,0,41126,1,0,0
11,2000,3761729,0,0,1,67,49,49,0,1,0,0,20711,1,0,0
7,2000,3029063,1,0,0,63,44,44,0,0,1,3,59833,1,0,1
15,1000,4405096,1,0,1,55,33,33,0,0,1,0,25938,1,0,0
0,1500,1678281,1,1,1,29,11,10,0,1,0,0,52446,1,1,0
3,1200,4100612,0,1,1,69,47,46,1,0,0,2,27852,1,0,0
9,800,3052617,0,0,4,38,18,17,2,0,0,3,27601,1,0,1
10,1000,919194,1,1,4,44,26,25,0,0,0,3,50868,1,0,0
16,1000,3203060,1,0,1,57,35,34,0,0,1,2,48857,1,2,1
6,2000,4165235,1,0,3,20,0,0,0,2,0,1,30638,1,0,1
11,1200,4953754,0,1,0,54,33,32,0,0,0,0,53390,0,0,0
6,1200,2048166,0,0,0,66,47,46,0,0,0,0,16604,0,0,0
11,2500,865994,1,0,1,43,23,23,0,0,0,0,8042,1,0,0
14,1200,1305163,1,0,4,69,48,47,0,1,2,0,43411,0,0,0
1,800,975235,0,0,1,22,0,0,0,0,1,2,55459,1,0,0
13,1200,3776705,1,0,0,63,42,42,0,0,1,1,42273,0,1,1
12,1000,2222335,1,0,1,37,19,19,1,0,0,0,6335,1,0,0
3,1000,2600993,0,0,0,63,41,40,0,1,0,0,43472,1,2,0
13,800,2530115,1,0,1,58,39,38,0,0,1,0,13050,0,0,0
13,1500,2969034,0,0,0,25,6,5,0,0,2,0,43919,1,0,0
15,1000,1674910,1,0,0,60,38,38,0,0,0,4,5965,0,0,0
6,1200,1743831,0,0,0,45,27,26,1,1,0,0,48944,1,0,0
18,2000,1630393,0,1,1,46,24,23,0,0,0,3,44158,1,0,0
1,1200,2439564,1,1,1,67,45,44,0,0,1,0,20538,0,0,0
9,2500,1584597,0,0,0,58,36,35,1,0,0,2,6625,1,0,0
17,1200,1468025,1,1,0,19,0,0,0,0,0,0,33487,0,0,0
16,1200,459508,1,0,1,71,52,51,0,0,1,0,57001,1,2,0
4,2000,4463153,1,0,4,19,0,0,1,1,1,4,10463,1,0,1
11,800,1487834,1,0,3,55,37,36,0,0,2,0,43761,1,0,0
5,800,2198716,1,1,0,55,36,36,0,1,1,3,59131,0,0,0
8,1500,965879,0,0,0,60,42,41,0,0,0,3,12188,0,0,0
19,1200,1104462,1,0,0,40,22,21,1,0,0,0,21328,0,0,0
0,2000,2736187,1,0,0,27,8,8,0,0,1,0,16908,1,0,0
14,2500,3894763,0,0,1,62,40,39,0,1,0,2,6018,1,0,1
5,1200,2639482,0,0,0,70,48,47,0,0,0,4,50442,1,0,0
18,1500,4713391,1,0,4,45,25,25,1,1,0,0,19317,1,1,1
17,1500,3043003,1,0,1,36,18,17,0,0,1,3,21940,1,0,0
5,3000,3663163,1,0,0,45,24,24,0,1,0,0,53291,1,0,0
12,2000,4214988,1,0,1,48,27,26,1,0,0,2,34943,0,0,1
0,2500,2455429,0,1,1,19,0,0,0,0,0,2,10824,1,0,0
12,1200,948314,1,0,1,46,27,26,0,1,0,0,37346,0,0,0
6,2000,1655676,0,0,3,69,48,48,0,0,0,0,22918,0,0,0
14,1200,4600321,0,0,0,31,11,11,0,0,2,0,25000,1,0,1
11,1000,4592988,0,1,1,45,27,26,0,1,1,2,19108,1,1,1
0,2500,817634,1,0,0,18,0,0,0,0,2,1,20021,1,0,0
14,800,3621135,0,0,1,61,42,41,1,0,1,3,28514,1,0,0
3,2500,3896238,0,0,1,67,48,48,0,0,0,3,34743,0,0,0
12,1000,2988069,0,0,0,73,51,50,0,0,0,0,57822,0,1,0
4,2000,789760,0,0,0,33,13,13,1,1,0,0,55590,1,0,0
1,1200,3380296,1,0,0,54,36,36,0,0,0,4,8174,1,0,0
0,1200,2620696,0,0,0,38,16,16,0,0,1,0,26418,0,0,0
15,1000,3922540,0,0,1,68,47,46,0,1,0,0,48178,1,0,0
5,1500,848576,1,0,4,31,9,9,0,0,1,0,39575,1,1,0
15,1200,1713940,0,1,0,60,39,38,1,0,0,1,32834,0,1,0
13,1500,345091,0,0,0,34,13,12,1,1,2,1,3245,0,0,0
2,800,1990486,0,1,0,71,53,52,1,0,0,0,42763,1,1,0
14,800,2869240,0,1,0,32,10,9,0,0,1,0,34937,1,1,0
2,800,2587440,1,1,0,65,47,47,0,0,0,3,8066,1,0,0
1,1200,796676,0,1,1,48,28,27,0,0,2,1,11809,0,1,0
0,2000,3299314,0,0,3,63,43,43,0,0,1,3,41928,0,0,0
8,2000,3103509,0,1,3,66,46,45,0,0,0,3,38588,0,0,0
8,1000,2335117,0,0,0,53,33,32,1,0,0,0,15229,0,0,0
6,1500,1792485,1,1,0,31,10,10,0,0,0,3,26906,1,1,0
2,2000,1168818,1,0,1,53,33,33,0,0,1,3,32616,0,0,0
17,1200,2221222,0,0,0,44,26,26,2,0,0,0,47393,1,0,0
10,1200,4758039,0,1,1,20,0,0,0,1,0,0,4319,1,0,1
6,1500,968882,1,0,1,53,31,31,0,1,0,0,42171,0,0,0
8,1000,3576384,0,1,0,71,53,52,0,1,0,0,37899,1,0,0
0,800,2740985,0,1,0,23,4,4,0,1,1,0,24385,1,0,0
13,1000,4727752,0,0,4,44,25,24,0,0,0,0,52246,1,0,0
19,1500,3580372,0,0,1,39,20,20,0,1,0,3,10334,1,0,0
5,800,2589904,1,0,1,39,20,20,0,0,1,0,15648,0,0,0
6,1000,3766409,0,1,0,53,32,31,1,0,0,4,37826,0,1,1
9,1200,3478789,0,1,1,49,28,27,0,0,0,2,37960,1,1,0
6,800,4323193,0,1,0,44,22,22,1,0,2,0,37447,1,0,0
1,1000,3140290,0,1,1,24,2,1,0,0,1,0,23963,1,0,1
3,2500,1284378,1,0,1,56,35,34,0,0,0,1,43673,1,1,0
16,800,4294067,0,0,0,67,46,46,0,1,0,0,26697,1,0,0
0,1500,2151159,0,0,0,29,7,7,1,1,0,0,14959,1,0,0
9,1200,916814,0,0,1,33,15,15,0,0,0,3,50495,1,1,0
18,1500,2871284,0,0,1,55,34,34,1,0,0,0,14049,1,1,0
14,1500,607957,0,0,1,22,4,3,0,0,1,0,15780,0,0,0
9,1000,2910265,0,1,1,59,39,39,1,0,1,0,24121,1,1,0
18,2000,1532275,0,0,1,66,48,48,0,0,0,3,57003,0,0,0
11,1200,2816485,1,0,1,52,34,33,0,0,0,2,9501,1,1,0
15,2000,872242,1,0,1,26,5,5,0,1,1,1,45867,1,0,0
8,1200,2934279,1,1,0,46,26,25,0,0,1,0,22015,1,0,0
14,3000,3105415,1,0,0,44,25,24,1,0,1,2,11276,0,0,0
16,2000,3070993,0,0,1,74,56,56,0,1,0,1,37122,1,0,0
13,2500,4853737,1,1,1,49,29,28,0,1,0,4,39756,0,0,1
17,1500,2921277,0,0,2,27,7,7,0,0,0,0,44926,0,0,1
1,1200,382307,0,0,1,42,21,21,0,0,0,0,23711,1,0,0
3,2000,1840394,1,1,1,59,39,39,0,0,0,0,10248,1,0,0
17,2000,4760509,1,0,0,70,51,50,0,0,0,1,52508,1,0,0
6,2500,1853175,1,0,0,55,34,33,0,0,0,0,35821,0,0,0
12,1200,4669549,0,0,0,42,24,23,0,0,1,0,35444,1,0,1
14,2000,2271369,1,0,1,21,0,0,0,1,1,0,8993,0,1,0
0,1000,1586592,0,0,0,60,42,42,0,0,1,0,59861,1,0,0
10,1500,1653662,0,0,0,69,48,48,0,0,0,0,9163,1,0,0
9,1000,2156643,0,1,1,58,38,38,0,0,0,0,40553,1,0,0
4,1200,4678139,1,0,0,61,42,41,0,1,0,0,2156,1,0,0
15,2500,2186080,1,0,1,40,19,18,0,0,1,0,32756,0,0,0
10,1000,4647754,1,0,1,71,49,48,0,1,3,0,41947,1,0,1
5,1500,3627226,1,1,1,27,7,6,0,0,0,0,30017,1,0,0
8,1500,2248265,0,0,0,23,2,2,0,0,0,0,54839,1,1,1
12,1000,689892,1,0,0,30,10,9,0,0,0,1,41131,0,1,0
7,1200,855872,1,0,1,48,26,26,1,2,0,0,38881,1,0,0
13,1500,4684335,1,0,0,22,2,1,0,0,0,3,37525,1,1,1
0,1000,4499287,0,0,3,21,1,1,2,0,1,0,45201,1,0,1
16,2000,3783906,1,0,0,20,0,0,0,0,0,1,24344,0,1,1
4,3000,2446563,1,0,1,47,27,26,1,0,1,3,18523,1,0,0
1,1000,3907686,0,0,0,40,19,19,0,1,1,1,27796,1,0,0
8,1000,2898376,1,0,0,54,35,34,0,2,0,3,57734,1,0,1
3,1200,4718926,1,0,3,35,13,12,1,0,1,1,27894,0,0,0
16,1500,4287770,1,0,1,52,34,33,0,0,0,2,11978,1,0,0
16,1200,1150374,0,0,1,22,0,0,0,0,0,0,51008,1,0,0
17,800,3425862,1,1,0,58,38,37,0,0,1,0,20881,0,0,0
15,1500,577382,1,0,4,45,24,24,0,1,0,0,13877,1,0,0
7,2500,3244008,0,1,1,55,37,37,0,0,0,3,55511,1,0,0
10,1200,455879,1,0,0,64,46,45,0,0,1,1,53760,1,1,0
17,1200,311204,0,0,0,35,15,15,0,1,0,0,23936,1,1,0
9,2500,3295773,1,1,0,25,7,6,0,0,1,0,33749,1,0,0
12,1500,2880797,1,0,0,29,8,7,0,0,0,0,45594,1,0,0
16,1500,3445702,0,0,4,47,27,27,0,0,0,1,51140,1,2,0
17,1500,4780745,0,0,0,39,17,16,0,1,1,0,11658,1,0,1
9,3000,3782710,1,0,0,23,3,3,2,0,1,0,53550,0,1,1
15,1500,3756778,0,1,0,47,27,27,0,1,0,0,27609,0,0,0
19,2000,2070187,0,1,0,25,7,6,0,0,1,0,56628,1,1,0
4,1500,2851116,1,1,0,72,53,53,1,0,0,1,45196,1,0,0
12,1500,3452951,0,1,0,64,46,45,1,0,1,1,46053,1,0,0
17,1200,706637,1,0,0,65,46,46,0,0,0,1,44656,1,0,0
16,1200,4377298,1,0,1,46,26,26,1,0,0,0,19982,1,0,0
8,2000,1108008,1,0,0,48,28,27,0,0,1,2,51544,1,1,0
13,1200,552787,0,0,4,22,0,0,0,1,0,4,49907,1,1,1
16,1500,4052137,1,0,1,28,10,10,1,1,0,1,4838,0,0,1
3,1000,2006076,0,0,1,74,52,52,1,1,0,0,31486,0,0,0
17,2000,359016,1,0,4,34,13,13,0,2,0,0,56430,1,0,0
19,1000,4617809,1,0,1,30,10,9,0,0,0,0,6308,0,0,0
14,2000,3195606,0,0,1,37,15,15,0,0,0,0,53010,1,0,0
10,1500,4815670,0,0,0,48,27,26,0,0,2,0,10714,1,0,1
11,1000,318328,1,0,1,43,24,24,0,0,0,0,22317,1,1,0
8,1500,2133903,1,1,0,45,27,27,0,0,2,4,18344,1,1,0
12,1200,2974132,0,1,1,42,21,21,0,1,0,1,45948,1,0,0
14,1200,2998087,1,0,0,65,47,47,1,0,1,0,26920,1,1,0
14,1200,1790130,0,1,1,35,15,15,0,1,3,2,37280,1,0,0
4,800,1932826,0,0,2,62,43,42,0,1,0,0,54285,1,0,0
18,3000,1446011,0,1,0,49,29,28,0,1,0,3,44083,1,0,0
19,800,1750615,0,0,0,46,25,24,0,0,0,0,28540,1,0,0
13,1500,1905953,0,0,1,20,1,1,2,0,0,0,5824,0,0,1
16,1200,2680349,1,0,4,52,31,30,0,0,0,0,11638,1,0,0
17,1500,1438417,1,0,1,55,37,37,0,1,0,0,46795,0,0,0
2,1200,2455972,1,1,0,32,12,12,0,2,1,4,52049,1,0,1
1,1500,417949,1,0,4,68,50,50,1,1,0,2,11418,1,0,0
0,1500,4211554,0,0,0,20,1,1,0,0,1,2,26651,1,0,1
9,1500,2842871,1,0,4,38,16,16,0,0,0,0,56915,1,0,0
18,1000,4583304,0,0,0,20,2,1,0,0,0,1,39396,0,0,1
16,1500,3681551,0,0,4,70,51,50,0,0,0,0,41205,1,1,0
11,1200,4889936,0,1,0,52,33,33,0,0,2,0,46548,1,0,0
0,800,1236199,0,0,1,67,46,46,1,0,0,2,30090,1,0,0
11,1200,2398381,0,0,1,25,7,6,1,1,0,0,2674,1,0,1
16,1200,760282,1,1,1,65,45,45,0,3,1,0,12363,0,0,0
2,1200,1784139,0,0,1,20,2,1,1,0,0,0,29682,1,0,0
10,1500,561882,1,0,1,71,50,49,0,0,0,0,33245,1,1,0
16,1200,2498253,0,0,0,28,9,8,1,2,0,0,13061,1,0,1
2,1200,2351904,1,0,0,65,45,44,0,1,0,1,10488,1,0,0
7,800,2616140,1,0,1,19,0,0,0,2,0,2,46374,1,0,1
19,1500,1876128,1,0,1,50,30,30,0,0,1,0,3120,0,0,0
3,1500,4310389,0,1,0,25,7,7,1,0,0,0,3228,1,0,0
6,1200,3366813,0,1,0,29,9,9,0,0,1,0,7656,1,0,0
13,1500,1606802,1,0,1,36,18,17,0,0,1,4,40139,1,0,0
13,1500,3767695,1,1,1,35,15,14,0,1,0,1,29796,0,0,0
3,1200,2417008,1,0,3,67,49,48,0,0,0,3,38325,1,0,0
15,1500,4325062,1,0,0,38,19,19,1,0,1,0,27457,1,0,1
0,1500,4726050,1,1,4,39,20,20,0,1,0,0,8744,0,0,1
16,1500,3685019,1,0,4,60,42,41,1,0,1,0,14081,0,0,0
9,1200,376174,0,0,0,47,29,29,1,0,0,0,10255,1,1,0
15,1000,1684643,1,0,1,35,13,12,0,0,0,0,38468,1,0,0
15,1000,3809267,0,1,1,23,5,5,1,2,1,0,19547,1,0,1
7,1500,4990542,1,0,1,18,0,0,1,0,0,0,34798,1,0,1
6,2000,4060831,0,0,1,26,8,7,0,1,0,0,25115,1,0,0
5,1200,3762576,0,0,1,69,50,50,0,0,0,0,33219,0,0,0
15,1000,4482898,1,1,0,33,13,12,1,2,0,2,10350,1,1,1
19,2000,2423177,1,0,0,46,27,26,1,0,1,0,25170,1,1,0
15,2000,907460,1,0,0,46,25,24,1,0,0,0,43761,1,0,0
6,2000,1193451,1,1,1,22,2,2,0,0,0,0,40393,1,0,0
8,1500,2178232,1,1,0,36,17,16,0,0,1,4,14506,1,0,0
13,2000,3459005,1,0,2,39,21,21,1,1,1,1,37886,1,0,1
10,800,2314798,1,0,0,66,48,48,0,0,1,2,7524,1,0,0
13,1000,2366806,1,0,0,72,52,51,0,0,1,2,31716,1,0,0
6,800,3322195,1,1,3,25,3,3,1,0,0,0,35536,1,0,0
0,1500,3603611,1,0,0,68,47,47,0,0,0,0,32492,1,1,0
12,800,1178896,1,0,0,35,16,15,0,2,1,4,43422,0,0,1
19,1200,3105945,0,0,4,61,42,42,0,0,0,0,9197,0,1,0
2,1200,4204045,0,0,1,65,44,43,0,1,0,3,34964,1,0,1
19,1200,4174657,0,1,0,31,12,12,0,1,1,3,31398,1,0,1
3,2000,4944336,1,0,0,21,1,1,0,0,0,1,24125,0,0,1
10,1000,2640453,1,0,3,57,35,34,0,1,2,0,18229,1,0,0
1,1200,4019424,1,1,1,44,24,23,0,0,0,1,53457,1,1,0
13,2000,2933438,1,1,0,41,19,18,0,0,1,0,47123,1,0,0
11,800,2541988,0,1,3,47,29,28,1,0,2,4,4617,1,0,0
16,1500,1036754,1,1,0,29,7,7,0,0,0,0,31825,1,0,0
11,2000,2894372,0,0,4,60,38,37,0,0,1,1,9897,1,0,0
11,2500,2063524,0,0,0,30,8,7,0,0,0,0,38512,1,0,0
0,2000,2590622,0,0,1,57,38,38,0,2,1,0,21566,1,0,0
12,1200,2520514,1,0,0,67,45,44,1,1,1,3,47275,0,0,1
13,1500,2864744,1,0,0,62,41,41,0,2,0,0,55826,0,1,1
1,800,1032958,1,0,0,21,3,3,1,0,1,1,24749,1,0,0
11,1200,765796,1,1,0,43,25,25,0,0,0,0,26998,1,0,0
15,800,2520259,0,0,0,18,0,0,2,0,2,3,3530,0,0,1
3,1200,2419465,1,0,0,44,24,24,0,2,0,3,44952,1,0,1
7,2000,1209736,0,0,4,40,19,18,0,1,1,0,29027,1,0,0
1,1200,738995,1,1,0,59,39,38,1,2,0,4,15735,0,0,0
9,1500,4927701,1,1,1,55,33,33,0,0,0,0,6816,1,0,0
8,1200,1497853,1,0,1,28,8,8,0,0,0,0,21573,0,0,0
14,1200,1599225,1,0,1,56,35,35,0,0,0,1,27491,1,0,0
12,2500,1885328,0,0,1,59,40,39,0,0,0,0,43805,1,0,0
16,1200,671230,0,1,1,61,42,42,0,0,0,1,31325,1,0,0
15,1500,851420,0,0,4,38,16,15,1,0,0,4,26062,0,0,0
1,1200,4545041,1,1,1,39,18,17,1,0,0,0,14604,1,0,0
19,800,796179,1,0,2,45,26,25,1,2,0,2,6650,1,1,1
19,1200,4952069,0,0,1,55,33,33,0,0,0,1,46738,1,0,1
13,2000,2432458,1,0,1,23,3,2,0,1,1,4,11593,1,0,1
2,800,2441910,0,1,1,42,21,20,0,0,0,0,21263,1,0,0
11,800,554062,1,1,0,21,2,2,0,0,0,0,50009,1,0,0
7,1000,3281976,1,1,0,51,30,30,0,1,1,2,58578,1,1,1
1,2000,4450389,1,0,0,74,55,54,0,0,0,3,46535,0,1,1
3,1500,2644853,0,0,0,43,24,23,1,0,0,2,49757,0,0,1
13,1500,2012199,1,1,1,56,35,34,0,2,0,0,17227,1,0,0
15,1200,2982254,1,0,0,70,51,50,0,0,2,0,23623,0,0,0
18,2000,1602931,1,1,1,71,51,51,0,0,1,0,17008,1,0,0
1,2000,4348546,0,0,4,44,22,21,0,0,0,2,16880,1,0,1
11,2000,1262810,1,1,0,56,38,37,0,0,0,3,42883,0,0,0
13,2000,1851204,0,1,0,38,17,17,0,0,1,1,31327,0,0,0
5,1500,4993186,0,0,0,38,17,17,0,0,0,0,47510,1,0,1
12,1200,4864986,0,0,3,71,49,48,0,0,0,3,50211,0,0,0
3,2000,961051,1,0,4,73,53,52,0,0,0,0,54443,1,0,0
17,2500,3402305,0,0,3,46,28,27,0,0,1,0,44795,1,0,0
11,800,433025,1,0,0,51,31,31,1,0,1,1,43821,0,0,0
19,800,894787,0,0,0,44,23,22,0,0,1,0,59403,1,0,0
18,2500,1321794,0,0,4,59,41,41,0,1,1,1,45451,1,0,0
7,1200,2896424,1,0,0,74,55,55,0,1,0,4,19305,0,1,0
6,2000,393405,0,1,0,63,42,42,0,0,0,1,10943,0,1,0
15,1200,2211989,0,0,0,43,23,23,1,2,0,3,44150,1,0,1
18,1000,3388639,1,1,4,22,0,0,0,0,1,3,24835,1,0,1
5,800,4529003,0,0,0,37,18,17,0,0,1,0,43914,1,0,0
19,1000,3561527,1,1,4,25,7,6,0,0,0,1,36009,1,0,1
10,1000,1159922,1,0,0,69,48,48,0,0,2,0,51574,0,0,0
4,1200,2977071,1,1,1,35,13,13,0,0,0,0,54937,1,0,0
15,1500,1235449,0,1,0,70,48,47,2,0,0,0,28213,1,0,0
6,3000,4663670,1,1,0,22,2,2,0,0,1,0,18667,0,0,1
4,1200,3148032,0,0,1,21,0,0,0,0,0,1,24440,1,0,1
10,1500,2057545,0,0,0,68,48,48,1,0,0,0,10743,1,0,0
14,1500,2730392,0,1,1,60,42,42,1,0,0,0,26067,1,1,0
2,1500,2609149,0,0,4,22,1,0,1,0,1,0,5726,1,0,0
4,1500,886646,1,0,0,33,15,15,0,0,1,0,44644,1,0,0
4,800,3338921,0,0,0,26,6,6,0,0,1,4,42270,1,0,1
8,800,4732765,1,0,1,42,24,23,0,0,2,0,29186,1,0,0
14,800,515676,0,0,3,74,53,52,1,1,1,0,28683,1,0,0
2,1000,2992219,1,0,1,55,34,34,1,1,1,0,17597,0,0,0
5,1500,1060490,1,0,1,25,3,3,3,0,0,0,48155,1,0,0
16,1000,3901386,0,0,1,18,0,0,1,1,0,1,49682,0,1,1
7,2000,3004366,1,0,0,48,30,30,0,0,1,0,38297,0,0,0
10,2500,3771477,1,1,0,50,28,28,0,0,2,1,56721,1,2,0
5,3000,1148098,1,1,1,72,50,50,1,0,1,0,56026,1,0,0
7,2500,4603291,1,0,2,22,4,4,0,0,1,0,40689,1,0,1
9,1200,3251996,1,1,0,35,15,14,0,0,0,3,5116,1,2,0
2,1500,2357823,0,1,1,53,33,32,0,0,3,1,57956,0,1,0
13,1000,3516820,0,1,0,65,44,43,0,1,0,2,3717,0,0,0
13,2000,338009,1,1,1,37,17,17,0,0,0,4,37625,1,0,0
9,2000,3822082,1,0,3,71,49,48,0,0,0,2,27430,1,1,0
11,2000,888264,0,1,1,41,20,19,0,0,0,1,39169,0,1,0
5,1200,4358362,1,1,0,36,17,16,0,0,1,3,55131,1,1,1
11,2000,1592866,0,0,1,45,24,23,2,0,0,1,43145,1,0,0
13,800,4565239,1,1,1,47,25,25,0,0,0,1,36336,1,0,0
1,800,2017584,1,0,1,56,38,37,1,0,1,0,37203,1,1,0
8,2000,3411079,1,0,4,32,14,13,1,0,2,0,30869,1,1,1
9,1200,1073056,0,0,0,67,49,49,1,1,0,0,9024,1,1,0
16,3000,2309016,0,1,1,26,4,3,0,1,0,3,40357,1,1,1
16,800,1396949,1,1,1,56,35,35,1,1,1,0,43631,1,1,0
2,2000,4940334,1,0,0,48,30,30,0,0,1,0,43728,1,0,0
18,1200,3310264,0,0,2,18,0,0,0,0,0,0,6343,0,2,1
0,2000,4459687,0,0,1,30,11,10,2,0,0,1,22581,1,0,1
11,2000,1133404,1,0,1,53,35,34,0,1,0,0,52602,0,1,0
6,2500,2556371,0,1,2,19,1,0,1,0,0,0,45193,1,0,1
3,1200,4513599,0,1,0,59,40,40,1,0,1,1,16563,1,0,0
9,2500,513765,1,1,1,54,34,34,0,0,1,0,39636,1,0,0
12,1000,800704,1,1,1,74,55,54,1,0,0,0,27506,1,0,0
1,800,4782862,0,1,2,52,34,33,0,0,1,2,35782,0,0,0
9,1200,3244741,1,0,1,54,36,35,1,1,0,0,36743,1,0,0
3,2000,806212,0,0,1,28,7,7,0,1,0,0,59581,1,0,0
17,1200,1378059,1,0,0,35,13,13,0,0,0,1,4717,0,0,0
4,2000,806399,0,0,3,37,16,16,0,0,0,0,4286,1,0,0
18,1500,1010909,1,1,1,19,0,0,0,1,1,0,34623,1,0,0
1,1000,2835170,1,0,1,41,20,20,0,0,0,0,29058,0,0,0
11,2500,2130069,1,1,0,72,51,50,0,0,2,0,48909,0,1,0
16,800,4127539,1,0,1,33,12,11,1,0,1,0,57395,1,0,1
9,2000,2183099,1,1,0,40,20,20,0,1,0,4,56197,1,1,1
1,1200,614533,1,0,4,72,50,49,0,1,1,0,36809,0,0,0
5,1500,4142051,0,0,3,74,52,52,0,0,0,4,55210,1,1,1
7,1200,3786039,0,0,0,67,45,45,1,0,1,0,25353,1,1,0
18,1000,1414085,0,1,1,55,35,35,0,0,0,0,40286,0,0,0
10,1200,793417,1,1,1,64,44,43,1,1,0,3,47633,1,1,0
11,1000,2000968,1,1,2,61,41,41,0,0,0,0,6360,0,0,0
8,1000,452889,1,0,1,46,28,27,0,0,0,0,22391,1,0,0
1,1000,2736264,0,0,4,47,25,25,0,0,0,0,24559,1,1,0
7,1200,4054503,1,1,0,21,2,2,0,0,1,0,29396,1,0,1
10,2000,3706749,0,0,0,46,25,24,0,1,1,1,51314,1,0,1
3,1500,1196435,1,1,1,61,43,43,0,2,0,4,47000,1,1,0
9,2000,2530783,0,0,1,60,42,41,0,0,1,0,27134,1,0,0
19,1500,1101176,1,0,0,71,50,49,0,2,0,0,7767,0,1,0
15,1500,1587482,1,0,0,58,40,39,0,1,0,4,49042,1,0,0
7,1500,356898,0,1,2,44,24,24,0,0,2,0,56594,0,0,0
3,1200,3000163,0,1,1,50,32,31,2,0,1,0,39216,1,1,1
9,1500,2054972,0,1,0,35,13,13,0,2,0,4,33506,1,0,0
11,800,4809624,1,0,3,23,1,1,2,1,0,1,5067,1,0,1
13,2000,2021942,1,0,0,49,30,29,0,0,1,0,30639,1,1,0
15,2000,3934638,0,1,0,48,26,26,0,0,0,0,45869,1,0,0
17,1000,4873746,1,0,0,29,8,7,0,0,0,0,23674,0,0,1
11,2000,4607518,1,0,3,40,19,18,0,1,2,0,54302,1,0,1
17,800,4821039,0,0,1,46,24,23,0,3,0,0,54445,1,0,1
6,1000,328800,0,0,0,20,0,0,0,0,1,0,20617,1,0,0
19,800,992580,0,0,0,50,28,27,0,0,1,0,17303,1,0,0
6,2000,948610,0,1,1,56,36,36,0,0,0,0,33619,1,0,0
8,2000,1011614,1,1,1,45,24,23,0,0,1,4,53010,1,0,0
0,2000,2671165,1,0,4,35,13,12,1,0,1,1,3628,0,0,0
5,800,1221680,0,0,1,61,42,42,0,0,0,4,51173,0,1,0
5,1500,1833808,0,1,0,39,18,18,0,0,0,3,9274,1,0,0
11,1500,1736313,0,0,1,37,18,18,1,0,2,0,28583,1,0,0
11,1000,1243957,0,1,0,33,12,12,0,1,0,2,48185,1,0,0
9,1500,3764685,1,0,4,69,51,51,0,0,2,0,29377,0,0,0
5,800,745402,1,0,0,74,56,55,0,0,0,0,27585,1,1,0
16,1000,1166722,1,1,0,24,6,5,0,0,1,0,55502,1,0,0
18,1200,971969,0,1,1,66,47,46,0,0,0,1,24539,1,1,0
17,1500,3408173,1,0,0,21,1,1,0,1,1,0,59663,1,0,1
5,1000,2517188,0,0,0,59,38,38,0,0,0,2,8652,1,0,0
18,1000,851356,1,0,1,55,37,37,2,0,1,0,40371,1,0,0
9,1000,1278950,1,0,0,51,32,32,1,0,2,0,30034,1,1,0
7,1000,1438016,1,0,1,53,32,32,0,0,0,1,39900,1,0,0
5,1000,2565058,0,1,3,35,17,16,0,1,0,3,15064,1,0,0
6,1200,1828021,1,0,1,50,32,32,0,0,1,3,18797,1,0,0
0,1500,2746953,0,0,4,18,0,0,0,0,0,0,48046,1,0,1
17,1200,326403,1,1,0,65,46,45,1,0,1,0,28794,1,0,0
19,2000,1510058,1,0,0,42,22,22,0,0,0,0,34069,1,0,0
11,1500,3319816,1,1,1,62,44,44,1,1,0,1,51419,1,0,0
15,1000,1408684,0,1,0,31,13,12,0,1,1,0,30728,0,1,0
9,800,4895248,1,0,0,28,8,8,0,0,0,4,33662,1,0,1
9,2000,2597998,0,1,4,74,54,54,0,0,2,0,30367,1,0,0
13,800,3169812,1,0,1,69,47,46,1,1,1,1,22730,0,0,0
19,1000,2198602,1,1,0,25,7,7,0,0,0,1,9154,0,0,0
9,800,2165846,1,1,1,59,38,38,0,0,0,0,25439,1,0,0
9,1500,830207,1,1,0,33,11,10,0,0,1,0,54564,1,0,0
10,1500,3351748,0,0,1,56,35,35,0,1,0,0,38579,1,0,0
1,3000,1094229,0,0,0,54,34,34,0,0,0,2,24585,1,0,0
19,2000,2580111,0,0,0,48,26,25,1,0,0,0,36957,1,0,0
7,1200,388003,1,1,0,59,40,40,0,0,1,0,7575,0,1,0
6,1200,1699992,1,1,4,35,13,12,1,0,2,3,16163,1,0,0
7,1200,2209585,1,0,0,74,52,52,0,0,1,1,42601,1,0,0
0,1000,4882108,1,0,1,24,4,4,0,0,0,0,53463,1,1,1
1,1000,2332769,1,1,0,21,3,3,0,0,0,0,50453,1,0,0
17,1000,3296495,0,0,0,49,29,28,3,1,0,0,44629,1,0,1
14,1000,1987954,0,0,1,48,28,28,0,0,0,4,44600,1,0,0
0,1000,974719,0,0,1,27,7,7,0,0,0,0,58730,1,0,0
4,1200,4586018,1,0,1,47,26,25,0,0,2,2,14112,1,0,1
1,2500,1885778,1,1,4,67,48,47,0,0,1,0,39299,0,0,0
19,1500,962896,1,1,0,67,46,46,0,0,1,0,40772,1,1,0
2,3000,1010431,1,0,0,52,30,30,0,0,0,0,12012,0,0,0
18,1200,4528052,0,1,3,62,42,42,0,0,0,3,46464,1,0,1
17,1200,2181140,1,0,4,48,30,30,0,1,1,4,51300,1,0,0
17,1200,1424598,0,1,0,48,28,27,1,1,1,0,12177,0,0,0
13,1000,4889904,0,0,1,63,42,41,2,0,0,0,36387,1,0,1
7,1000,3358968,1,1,0,71,52,52,1,0,0,0,12814,0,0,0
11,2500,3425280,0,0,1,63,42,42,0,1,0,0,27984,1,0,0
9,3000,1775926,0,0,0,50,30,29,1,1,2,0,30424,0,0,0
19,800,925530,1,1,4,22,3,2,0,0,0,2,23150,1,0,0
16,1000,776398,0,0,0,27,9,8,0,1,0,2,38291,1,0,1
10,1200,1882749,1,1,0,63,42,42,1,0,0,0,29587,0,0,0
1,1000,4906220,0,0,1,68,47,47,1,0,1,0,25916,1,1,0
3,1200,4902538,1,0,0,40,18,17,1,0,0,0,24918,1,0,0
0,1000,3608122,1,1,1,24,5,5,0,0,0,1,59977,0,0,0
14,1200,350073,1,0,4,64,43,42,0,0,0,1,23198,1,0,0
12,1200,4829098,0,0,1,45,23,23,0,0,0,1,8992,1,0,0
7,1200,4257156,1,0,4,38,20,19,0,0,0,1,50627,1,0,0
3,800,4586594,1,0,0,48,27,27,0,3,3,0,16305,1,1,1
9,1200,3942777,1,0,0,58,37,36,1,1,0,0,21230,1,0,0
18,3000,762561,1,0,4,44,24,24,0,0,1,0,52056,1,0,0
17,1200,2373115,0,0,0,46,25,25,0,0,1,1,5071,1,0,0
4,2000,2649180,0,0,1,27,9,8,0,0,0,0,32171,0,0,1
18,2000,1474955,0,1,0,25,3,2,0,0,0,0,20865,0,0,0
15,2500,1583309,0,1,0,26,7,7,0,0,0,1,9462,1,1,0
0,2000,4908643,0,0,1,28,10,10,0,0,0,0,59504,1,0,1
11,1500,3538699,0,0,1,39,20,19,0,0,2,0,21614,1,1,0
1,2000,2210829,0,0,4,57,39,38,0,1,0,2,12114,1,0,0
7,800,1009244,1,0,0,43,21,21,1,0,1,2,40400,0,0,0
17,1200,1598244,1,0,1,67,47,47,1,1,0,4,30300,1,1,0
15,3000,1986708,0,1,0,54,32,32,0,0,3,1,25624,1,2,0
4,2000,767876,0,1,1,57,38,37,0,0,1,0,40020,0,0,0
12,2500,2454299,0,0,0,19,0,0,0,0,1,1,13270,1,0,1
18,2000,4627199,1,0,1,67,46,45,0,0,0,3,15552,1,1,0
2,2000,3236236,0,0,0,36,16,16,0,1,0,1,51710,0,0,0
7,1500,926665,0,0,0,67,45,45,0,0,1,2,7638,1,0,0
11,2000,3889326,1,1,1,69,47,46,0,0,1,0,23953,1,0,0
1,1500,926987,1,1,0,33,14,13,0,1,0,0,29194,1,0,0
10,2500,2632579,1,0,1,21,1,0,0,0,0,0,36417,1,0,0
11,2000,2317255,0,1,1,66,44,43,1,1,1,0,4816,1,0,0
17,2000,4911744,0,1,0,55,35,34,0,0,2,0,20241,1,0,0
12,1500,4431198,0,0,0,61,41,41,0,0,0,1,58294,1,1,0
4,1200,4375113,1,0,3,24,2,2,0,0,0,0,7533,0,0,0
11,800,383176,0,1,4,72,52,51,0,0,1,2,6344,1,0,0
1,2500,1351554,1,0,0,31,13,13,2,1,1,0,22135,1,0,1
4,1500,3581132,1,1,0,29,10,9,0,0,0,0,20584,1,0,0
6,1200,2629541,1,0,0,38,18,17,0,0,0,0,55668,1,1,0
11,1000,3198673,0,0,1,69,49,48,0,0,0,1,11604,1,0,0
15,2000,4883998,1,0,1,51,33,32,0,0,0,0,37835,1,0,0
7,2000,4165840,1,0,0,38,17,17,0,0,0,1,40916,1,0,1
8,2000,4423640,1,0,0,53,33,32,0,0,1,0,10870,0,0,0
14,1500,772760,1,1,2,57,35,34,0,0,0,1,59430,1,1,0
4,1200,1235652,0,1,0,59,38,37,0,0,1,0,33034,1,0,0
12,1200,3304972,1,1,1,66,45,45,1,0,0,0,31223,1,0,0
4,800,3776366,0,0,0,24,6,6,0,0,1,0,19040,0,0,1
10,2000,687344,0,0,1,38,16,16,2,0,0,0,37920,1,0,0
9,800,1510325,1,0,1,27,6,5,0,1,2,0,8013,0,0,0
19,1500,4876603,0,0,1,38,18,17,0,0,0,1,33285,1,0,1
12,1500,3292578,1,0,1,66,48,48,0,0,1,3,29070,1,0,0
8,1500,936854,0,1,1,33,15,14,0,1,1,3,41340,1,1,1
13,2500,2611882,1,0,1,42,24,24,1,0,0,2,54420,1,0,1
17,800,1401917,0,0,0,30,11,10,0,0,1,0,6079,1,0,0
14,2000,368069,0,0,4,72,51,51,0,0,0,0,56134,1,0,0
9,800,4952595,1,0,4,67,45,44,1,1,0,0,47722,1,0,1
6,800,4821771,1,1,1,44,22,22,0,0,1,0,3958,1,0,0
7,1200,4322770,1,1,0,54,35,35,1,0,1,4,25503,1,0,0
2,800,1070532,1,0,0,25,5,4,0,1,1,0,16840,0,0,0
14,2000,2807416,0,1,3,47,26,26,1,0,0,1,30993,1,0,0
15,1500,3105118,0,0,4,48,30,29,0,0,1,1,16524,1,0,0
3,800,1332819,0,0,0,24,5,5,0,0,0,0,27193,1,0,0
5,800,4242036,1,0,1,47,28,27,0,0,0,2,58964,0,0,1
0,1500,4945595,1,1,1,35,14,14,1,1,0,0,44746,1,1,1
3,2000,402591,1,0,0,40,18,17,0,0,0,0,29786,1,0,0
10,1200,2220802,1,0,0,55,34,34,0,0,1,1,55628,1,1,0
11,1500,2129894,0,0,1,62,40,40,0,1,0,0,2449,1,1,0
4,2000,1296023,0,0,0,73,52,52,0,0,0,2,41152,1,1,0
15,1500,2226259,1,0,0,58,36,36,0,1,0,4,51374,1,0,0
12,1000,1738259,1,1,0,47,28,27,0,1,0,0,46288,1,0,0
12,1500,4226408,0,1,4,72,50,49,0,0,1,0,50591,1,0,0
16,1500,3129438,0,1,1,47,26,26,0,0,0,0,46320,1,0,0
6,1500,3073436,0,1,1,25,5,5,0,0,2,3,36449,1,0,1
7,1500,1394408,0,0,1,29,8,8,0,0,0,2,53105,1,0,0
12,2500,3029980,1,0,4,27,8,8,0,0,0,0,6847,1,0,0
15,1000,1061140,0,0,0,24,2,1,0,0,0,0,5191,1,0,0
3,2500,3945872,1,0,0,56,34,33,2,0,0,0,9737,1,1,0
7,1500,3691429,1,0,0,34,12,11,1,0,1,0,20528,1,0,0
15,1500,4002831,0,1,4,49,30,30,0,0,1,0,6746,1,0,0
9,800,1121114,1,0,0,22,1,0,0,0,0,0,22008,0,0,0
11,1200,1890353,1,1,1,59,37,37,1,1,2,0,42689,1,0,0
11,2000,1084646,1,0,0,38,18,17,0,0,0,3,14449,1,0,0
4,1500,3373890,0,0,1,48,28,27,0,0,0,0,15763,0,0,0
15,800,3765573,1,0,0,69,51,51,1,0,0,0,3078,1,0,0
0,1500,2283031,1,0,0,32,12,11,0,0,1,0,48651,1,0,0
8,800,4151106,1,0,0,30,12,11,0,0,0,0,13278,1,0,0
11,3000,3588252,0,0,1,63,41,40,0,0,1,0,9963,1,0,0
4,2000,3212219,1,0,1,66,47,46,0,0,1,4,25882,1,0,0
19,800,529355,0,0,4,24,5,5,0,0,0,0,5142,1,0,0
2,2000,2122352,1,1,0,41,22,21,1,0,2,0,38580,1,1,0
4,2500,3877225,0,0,1,70,48,47,1,1,0,0,3908,1,0,0
1,1200,3301798,1,1,3,21,0,0,0,0,0,0,43844,1,0,1
13,1500,3073699,0,0,0,58,37,36,1,0,1,0,39646,1,1,0
1,1200,2157961,0,0,1,36,16,15,0,0,0,2,39713,1,1,0
12,1500,1766494,1,1,1,63,41,41,1,0,1,0,27609,1,2,0
6,1200,1524214,0,1,0,52,32,31,0,0,1,0,17643,1,0,0
9,1200,2456874,0,1,0,46,27,26,0,0,2,2,12891,1,0,0
12,1200,580180,1,0,0,53,33,32,0,0,0,0,17079,0,0,0
15,1000,3558759,0,0,1,72,51,50,1,1,0,0,23804,1,0,1
13,2000,3253828,0,0,0,51,32,31,1,0,1,2,50925,1,0,1
10,1200,1943718,1,0,0,25,5,4,0,0,1,0,7794,0,1,0
9,1200,394805,1,1,1,19,0,0,0,0,1,3,27233,0,0,1
5,2000,2828995,0,0,0,21,1,0,0,0,1,0,43482,1,0,1
3,1200,3304887,0,0,0,19,0,0,0,0,0,0,55667,1,0,1
0,1500,2552978,0,0,0,47,27,26,0,0,1,0,2553,1,0,0
6,2500,4427983,0,1,4,74,55,54,0,0,1,1,23639,0,0,0
8,2000,1156878,1,0,0,46,27,27,2,0,1,1,54545,0,0,0
7,1000,492233,1,1,0,21,3,3,1,0,1,4,37536,1,0,0
4,1200,598166,0,0,0,38,17,16,1,0,0,0,37904,1,0,0
18,3000,1280761,0,1,0,26,6,6,1,0,0,3,43998,1,0,0
9,1200,3974469,1,0,1,19,0,0,0,0,0,0,21785,1,0,0
10,1200,4187805,0,1,4,37,17,17,0,0,0,1,36384,1,1,0
14,1000,3665701,0,0,1,71,49,48,0,0,1,0,55890,1,0,0
5,1000,1745969,0,1,0,66,45,45,1,1,2,3,14983,1,1,0
14,1500,2954392,1,0,0,50,30,30,2,0,2,1,47675,0,0,1
4,2000,1581085,1,0,0,72,54,53,0,0,0,1,31275,1,0,0
18,2500,954247,0,0,0,23,4,3,0,0,1,0,46368,0,1,1
18,2000,1370372,0,1,1,46,24,24,1,1,0,0,27953,1,0,0
9,1000,4675724,1,0,1,33,11,11,1,1,1,0,8207,1,0,1
11,800,639557,0,0,0,53,34,34,3,0,2,2,6163,1,1,0
3,3000,2910303,1,0,0,22,0,0,0,1,1,4,39394,1,0,1
17,1200,4049114,1,0,0,54,36,36,0,1,1,0,14302,1,1,0
15,1200,3694108,1,1,1,26,8,8,0,0,0,0,38605,1,1,0
7,2500,2671002,1,0,0,49,30,30,0,0,0,0,9403,1,0,0
3,1500,3212527,0,0,1,54,33,32,0,0,1,0,22047,0,0,0
11,1000,1150756,0,0,1,51,29,29,0,0,0,2,7405,1,1,0
1,2000,2157323,1,0,0,56,36,36,0,0,1,0,24434,1,0,0
3,3000,334497,0,0,4,64,44,43,0,0,0,4,19966,1,0,0
4,800,2948668,0,0,0,74,56,55,0,0,0,2,49190,1,1,1
2,2000,1868472,1,0,0,72,51,50,0,1,0,0,12573,1,0,0
8,1200,3454610,0,0,2,57,36,36,0,0,0,0,23169,1,1,0
17,1500,2652114,0,1,0,46,24,24,0,0,0,3,58248,1,0,1
10,2500,2730142,0,0,0,48,26,25,0,1,1,3,19740,0,0,0
2,3000,376789,0,1,3,20,1,1,0,0,1,0,21292,1,2,0
1,1200,2483092,1,0,1,60,42,41,0,0,1,0,59386,1,0,0
8,1000,3363970,1,1,0,42,23,23,0,0,0,0,39878,1,0,0
13,800,4241987,0,0,1,72,53,53,0,0,0,0,40719,1,0,0
3,1500,2487842,0,0,2,59,38,37,0,2,0,2,37608,1,0,1
8,800,1224744,1,0,0,53,31,30,0,0,0,0,50698,0,1,0
12,1200,798364,1,1,1,61,41,40,0,0,0,1,52961,1,0,0
17,800,4495889,0,0,4,30,11,11,0,0,0,0,17857,1,1,0
14,1200,4808980,1,0,4,56,38,38,0,0,0,0,14739,1,0,0
9,800,567571,1,0,1,36,17,17,1,0,1,0,40045,1,0,0
15,2000,2354812,1,1,0,33,13,13,0,0,0,0,16011,1,0,0
11,1000,3002596,1,1,1,59,39,38,0,1,1,1,29339,1,0,0
19,1200,545954,1,0,0,47,29,29,1,0,1,0,19435,0,0,0
4,2000,3979049,0,1,1,56,36,36,0,0,1,0,48228,1,0,0
1,1500,1985322,1,0,0,52,32,31,0,0,1,0,50435,0,0,0
9,1000,2409351,0,1,1,19,0,0,0,0,1,0,12777,1,0,0
0,800,1428955,0,0,0,18,0,0,1,0,0,0,20261,0,0,0
6,1500,4681569,0,0,4,71,53,53,0,0,0,3,25858,1,0,0
16,1200,4237859,0,0,0,65,46,45,0,0,1,0,9411,0,0,0
15,2000,2848157,0,1,0,62,44,44,0,0,1,1,11275,0,0,0
2,1200,4748335,1,1,1,20,0,0,1,0,0,2,37089,1,0,1
13,1200,4974280,1,1,0,43,23,23,0,0,2,3,19328,1,2,1
9,1200,458393,1,0,1,45,23,22,0,1,0,0,39294,1,0,0
6,1500,1356212,1,0,4,44,24,24,1,0,0,1,20623,1,0,0
16,2500,2517401,1,0,1,31,13,13,0,0,2,2,39945,1,0,0
5,800,2674285,0,1,1,67,46,45,0,0,0,1,36772,1,0,0
3,1500,3496814,1,1,0,60,42,41,1,1,1,3,42540,1,1,1
16,800,1842267,1,0,1,68,48,48,0,2,0,0,19060,1,0,0
8,1200,3743934,0,0,0,41,21,21,1,0,0,2,13958,0,0,1
3,2000,4180425,1,1,1,52,31,31,0,0,1,0,29681,1,0,0
6,1200,2951838,0,0,2,69,49,48,1,2,0,4,21944,0,0,1
1,2500,3253867,1,0,1,51,29,28,0,0,1,1,52530,1,0,0
16,1500,1658923,1,0,4,41,20,19,1,1,0,2,48803,0,0,1
7,2500,4802124,0,1,1,23,4,4,0,1,1,0,7312,1,1,1
14,2000,3996246,0,1,1,74,52,51,0,0,0,0,39087,0,1,0
14,1000,2490867,1,1,1,48,30,29,0,0,0,0,58912,1,0,0
7,1000,3861078,0,1,0,73,51,50,0,1,2,4,5796,0,1,0
15,1200,2370878,0,0,0,46,24,24,1,0,0,3,3369,0,0,0
18,1000,3191774,1,1,0,53,33,32,0,0,2,0,33904,1,0,0
10,1200,3535092,0,1,0,46,27,27,0,1,0,0,29515,1,0,0
1,1200,4266215,0,0,4,30,9,8,1,3,0,0,19444,1,0,1
16,2500,4144774,0,0,0,25,3,2,1,0,0,0,43947,1,0,1
15,1200,2556924,0,1,1,32,12,12,0,0,0,1,47304,1,0,0
14,2000,4566450,0,1,1,50,28,28,0,0,0,0,5355,1,0,0
12,2500,4781625,1,1,1,42,23,23,0,1,0,1,46797,1,0,0
14,2000,3653506,0,1,1,33,12,12,1,0,3,0,36573,0,0,1
3,1000,1402915,0,0,0,38,18,17,1,0,0,0,28144,1,0,0
15,1200,3232866,1,1,3,69,47,47,0,0,0,0,24618,1,0,0
11,1200,4207436,0,0,4,54,35,34,0,1,0,1,46511,0,1,0
3,1200,4666446,1,0,1,62,44,44,0,0,0,1,54115,0,1,0
2,1200,491775,1,0,3,34,16,16,1,0,0,0,45559,0,0,0
16,2000,3808910,0,0,0,51,32,31,0,0,0,1,33108,1,0,0
17,1200,3760812,0,0,0,30,9,9,0,1,0,0,29101,1,0,0
17,1500,1923333,0,1,1,51,29,29,0,0,0,4,26614,1,0,0
16,3000,4347132,1,0,2,60,38,38,0,1,0,0,9487,0,0,0
11,800,2027286,1,1,0,32,13,12,0,0,0,1,22314,1,0,0
3,1200,4720147,0,0,1,58,36,35,0,1,3,0,55845,1,1,1
11,2000,3420754,0,0,0,39,18,17,0,1,0,0,30552,1,0,0
19,1000,2359770,0,0,4,68,49,48,1,0,0,0,39533,0,1,0
14,1500,2521800,0,1,1,21,3,2,0,1,0,0,48045,1,0,1
15,1000,3681242,1,0,0,66,48,48,1,0,0,0,29870,0,0,1
4,2000,889421,0,1,4,64,44,44,0,1,1,3,8533,1,1,0
14,1200,1457150,1,1,0,56,38,38,0,0,1,0,48947,1,0,0
16,1200,2224770,1,1,1,40,18,18,1,0,0,1,28555,1,0,0
17,1500,1057079,1,0,0,30,9,9,0,0,0,2,44754,1,1,0
4,1000,2815511,0,0,0,25,4,3,0,0,1,3,15964,0,1,1
12,1200,2050114,1,1,0,18,0,0,0,2,0,0,29197,1,0,1
18,1200,3937120,1,0,0,58,36,35,0,2,1,2,35032,1,1,1
12,1200,1880651,1,0,4,67,48,47,0,1,0,2,34389,1,0,0
17,1500,2330597,0,0,0,34,14,14,0,0,0,0,57071,1,0,0
13,1500,3707953,0,1,0,34,12,11,0,1,0,0,32258,1,0,1
3,1500,1875869,1,0,1,25,6,6,0,0,1,0,43557,1,1,0
3,1500,1422520,1,0,1,20,2,1,0,0,1,0,56264,1,0,0
19,1200,3577134,1,1,4,46,28,28,0,1,0,1,38318,0,0,1
19,1000,423438,1,1,1,71,52,52,1,0,0,0,26024,1,0,0
18,2000,3503945,1,0,1,39,19,18,0,2,0,0,52142,0,1,1
12,2000,4077264,1,0,0,60,41,41,0,0,0,0,44705,1,1,0
11,1200,3031697,0,0,0,19,0,0,2,0,2,4,7666,1,0,1
6,1200,1575678,1,0,0,19,0,0,0,1,1,0,38884,1,1,1
11,1200,454524,0,0,0,65,43,43,1,0,0,1,7168,1,0,0
3,1500,1143542,0,0,0,34,12,12,0,0,0,0,45487,1,0,0
1,1500,763400,1,0,1,26,8,7,0,1,1,1,26759,1,0,0
1,800,2996650,1,0,0,50,28,28,1,0,0,1,5436,1,0,0
4,1500,697010,0,0,4,46,25,25,0,0,1,3,14097,1,0,0
9,800,1902048,1,1,4,46,28,28,0,0,1,1,35877,1,0,0
9,1200,3395536,1,0,1,71,53,53,0,1,1,0,43117,1,1,0
8,2000,1721898,1,0,1,61,42,42,1,0,1,4,31168,1,0,0
12,1200,4008381,0,0,0,74,52,52,1,0,0,0,4153,1,0,0
6,1000,855505,0,0,0,23,4,3,0,1,1,0,27808,1,0,0
4,3000,3420010,1,1,4,60,38,37,0,0,0,2,4175,1,1,0
9,2000,1877915,1,1,0,23,5,4,0,0,0,2,32735,1,0,0
9,2000,1431238,1,0,0,69,48,47,0,0,2,2,2350,1,0,0
5,1200,1287584,1,1,0,54,36,35,0,0,0,0,30388,1,0,0
18,1000,968235,1,1,1,62,42,41,0,0,2,0,45882,1,0,0
7,2500,3253475,0,0,0,18,0,0,1,0,0,1,40460,1,0,1
0,1500,2810360,1,0,3,33,12,12,0,1,0,0,57082,0,0,0
16,2000,1717309,1,1,0,68,49,49,0,0,0,0,57113,0,0,0
6,1200,1329116,1,1,4,28,6,6,0,1,2,0,34834,1,0,0
13,1200,1595711,1,0,4,39,20,19,0,1,0,0,58715,1,0,0
16,3000,4038068,0,0,1,51,33,32,0,0,2,3,46717,1,0,1
8,1500,3688259,1,1,1,18,0,0,0,1,0,4,7089,0,0,1
16,1000,1546663,1,0,0,30,11,11,0,0,0,3,36450,0,0,0
4,1000,3135386,1,1,4,66,44,44,0,0,0,0,34794,1,0,0
19,1200,4586847,1,0,1,63,41,40,1,1,0,1,44783,1,0,1
7,800,1000438,0,0,0,66,45,44,0,0,0,1,23312,1,1,0
5,1200,3889817,1,0,1,59,41,40,0,0,0,0,44927,0,0,0
10,1200,3598636,1,1,0,45,26,25,1,0,0,1,28210,1,0,0
18,2000,2098718,1,0,1,66,45,45,0,0,0,0,13036,0,0,0
3,1200,3363631,0,1,0,30,10,10,1,0,0,3,9492,1,0,1
17,3000,1152427,0,0,1,55,34,34,0,0,0,0,31638,1,1,0
0,1000,4908350,0,0,1,47,27,26,1,1,0,3,15139,1,0,1
12,1500,3249700,1,0,0,53,33,33,0,0,0,0,6583,1,0,0
13,800,2382929,0,1,4,21,0,0,1,1,0,0,4304,1,0,0
0,1500,3591239,1,1,1,31,13,12,0,1,1,0,29521,1,0,0
10,3000,435787,1,0,1,53,32,31,0,0,1,0,14157,1,0,0
16,2000,981467,0,0,4,73,52,52,1,0,2,1,29569,1,1,0
3,1500,2095416,1,1,3,40,22,21,1,0,1,3,17814,0,1,0
11,1200,3411956,1,0,1,22,4,3,0,0,1,2,41440,1,0,1
9,2000,4537698,1,0,0,63,45,44,0,0,0,0,41391,1,1,0
5,2500,2228111,1,0,1,32,14,13,1,0,0,1,37723,1,0,0
0,3000,4795113,1,1,3,40,22,21,0,2,1,0,37303,1,0,1
6,1200,2850242,0,1,1,25,7,6,0,0,0,0,50383,1,0,0
15,3000,4183866,1,0,1,73,52,52,0,2,1,0,20536,1,0,0
13,1000,2310029,0,0,4,28,9,8,0,0,0,0,20997,1,0,0
19,1200,1847451,0,1,0,24,5,5,0,0,0,1,56455,1,0,0
19,800,3292473,1,0,0,40,21,21,0,1,0,0,28258,1,0,0
5,1200,514367,1,0,3,62,41,40,0,0,2,1,3720,1,0,0
4,2000,650748,0,0,0,63,45,44,0,0,0,0,38652,1,0,0
17,2000,4891189,0,0,0,58,38,38,0,0,1,2,29620,1,0,1
14,2000,3088542,1,1,4,44,26,26,1,0,0,0,42585,0,0,0
5,1500,3502728,1,0,1,48,26,26,1,0,0,1,24195,1,0,0
18,1500,309251,0,0,1,64,46,45,0,1,0,0,10478,0,0,0
0,1500,3847892,0,0,1,70,51,50,1,1,2,0,3094,0,0,1
0,1200,4809095,0,1,0,57,39,39,0,0,1,0,56513,0,0,0
12,2000,2223422,0,1,1,19,1,1,0,1,0,1,2197,0,1,1
2,1500,1588525,0,0,1,61,39,38,0,3,0,3,57856,1,0,1
9,1500,2352578,1,1,0,65,45,45,0,0,0,1,23926,1,0,0
2,1500,3858042,0,0,1,48,28,27,2,2,0,0,53127,1,0,1
8,2000,4894928,0,1,0,25,6,5,0,1,0,0,46807,1,0,1
7,1200,4969735,1,0,0,18,0,0,0,0,2,0,48188,1,0,1
2,1200,2991116,0,0,0,42,23,22,1,0,0,0,48515,0,1,1
12,2000,4848602,1,0,0,34,13,13,0,0,0,0,39563,0,0,0
5,1200,2973643,1,0,4,47,25,25,0,1,0,0,19705,0,0,0
12,2000,2976057,0,1,0,41,23,23,0,0,0,1,28126,1,0,0
19,1200,2755607,1,1,0,48,26,25,0,0,0,0,17210,0,1,0
19,1200,3001652,1,0,0,68,48,47,0,0,0,0,14930,1,0,0
11,2000,4750056,1,0,1,69,51,51,0,1,0,1,45936,0,0,0
12,1200,4238165,1,1,0,30,8,8,0,0,1,2,45688,0,0,1
1,1500,2576459,0,0,0,72,50,50,0,1,0,3,30124,1,1,0
15,1200,3195557,1,0,1,32,13,12,0,0,0,1,30950,0,0,0
5,1200,3230560,1,1,1,43,22,22,1,0,0,0,36279,1,0,0
18,1500,3906741,1,0,3,49,27,26,1,0,0,1,17087,1,0,0
12,1000,4422098,1,1,2,62,44,43,1,0,1,0,27394,0,0,0
16,2000,2414956,0,0,0,52,31,30,0,1,0,1,11251,1,0,0
8,2000,2485765,0,0,1,33,12,11,0,0,2,0,4082,1,0,0
16,1000,623111,1,1,1,26,8,7,0,0,0,0,18678,1,1,0
1,1500,3681681,1,0,0,36,15,15,0,0,0,0,5757,1,0,0
18,1500,4664929,0,0,0,57,37,36,1,1,1,0,57801,1,0,1
18,1000,464033,1,0,0,57,36,35,0,0,0,0,3755,1,1,0
6,1200,1347328,1,0,0,63,44,44,1,0,0,2,13927,1,0,0
9,1200,981425,0,0,0,68,47,46,1,0,0,0,6751,1,0,0
9,1500,2036020,1,1,4,62,40,40,0,0,0,2,30770,1,1,0
19,1500,3822618,1,0,2,20,0,0,0,0,2,2,29713,1,1,1
8,1500,3391993,1,1,0,43,24,24,0,0,1,0,37104,0,1,0
16,2000,3537808,1,1,0,54,35,35,0,0,0,4,2147,1,0,0
14,2000,886566,1,0,0,25,4,3,1,2,0,0,3848,1,0,0
1,1500,1249958,0,1,0,23,3,2,1,1,1,0,56569,0,1,1
3,2000,4731303,1,0,1,22,1,0,0,0,0,4,33716,1,0,1
18,1200,4330684,0,0,1,38,20,20,0,1,0,0,3093,1,0,0
16,2000,4685445,0,0,0,44,25,25,0,0,0,0,54724,0,0,1
4,1500,891020,0,0,0,61,40,40,2,0,2,0,56466,1,0,0
6,2000,4231216,0,1,4,55,35,34,1,0,0,3,48425,1,0,0
17,1500,1952770,0,0,0,25,5,4,0,1,0,3,6319,1,0,1
6,1000,656539,1,1,0,39,19,19,0,0,0,3,45229,1,0,0
16,1500,3309154,0,1,0,40,18,17,2,0,1,0,25445,1,1,1
6,1200,2246562,1,0,0,42,20,20,0,0,0,3,24711,1,1,0
3,1500,1973054,0,1,2,24,2,1,1,0,0,0,53186,1,0,1
7,1200,1293800,0,1,1,31,13,12,0,1,1,1,56041,1,0,0
12,2000,1270638,0,1,0,58,40,39,1,0,1,0,32916,1,0,0
3,1500,4846928,1,0,0,46,25,24,0,0,0,0,11703,1,1,0
5,1500,2790170,0,0,2,34,12,12,0,0,0,2,26663,1,0,0
4,1000,972741,1,0,0,68,46,45,0,0,0,2,32873,1,0,0
11,3000,3074581,0,0,0,23,5,4,0,0,0,2,41438,1,0,1
3,2000,808867,1,0,4,49,29,29,0,0,1,1,45910,1,0,0
8,2000,474036,0,1,2,36,16,15,1,0,0,0,20942,1,0,0
3,1200,4167822,0,1,1,44,25,25,1,0,0,1,40557,1,0,1
18,1500,4078857,1,0,1,47,26,25,0,0,1,0,37859,1,0,0
13,1000,2665206,1,0,0,67,46,46,0,2,0,0,47574,1,0,0
4,1500,4870741,1,1,4,70,48,48,0,0,0,4,32244,1,0,0
17,1000,1261896,0,0,1,50,32,32,0,0,0,0,52369,1,0,0
9,1500,4101081,0,0,0,54,33,33,0,0,1,2,48777,1,0,0
18,1500,3740868,1,0,0,62,42,41,0,0,0,0,54228,1,0,0
11,1200,653034,1,0,0,28,10,9,0,1,0,0,2392,1,0,0
17,1200,4065781,0,0,0,73,51,51,1,1,0,0,18808,0,0,0
16,2000,1610645,1,0,0,58,36,36,0,0,1,0,19255,1,0,0
10,1000,1897908,0,0,0,27,6,6,0,0,0,0,29877,1,0,0
2,2000,4971907,1,0,0,46,25,24,0,2,0,0,50306,1,0,1
16,1000,1129241,1,0,0,39,20,20,0,0,0,0,32743,1,0,0
0,800,3085811,1,0,0,37,16,15,0,0,0,3,4746,1,0,0
14,1000,2604987,1,1,0,36,15,15,0,1,1,0,56019,1,1,1
8,2000,4698940,1,0,0,41,21,20,0,0,0,2,45173,1,0,1
14,1200,3740729,1,0,0,45,25,24,0,0,1,0,4404,1,0,0
2,2000,2435655,1,1,0,19,1,1,0,0,1,0,13909,0,0,0
18,1500,2857196,0,0,1,57,36,36,0,0,0,0,38245,1,0,0
12,800,4239719,0,0,0,72,51,51,0,0,1,4,2241,1,0,0
11,1500,943043,1,1,0,35,13,12,0,0,0,0,52112,0,0,0
19,1000,2980729,0,0,4,35,15,15,0,1,0,0,8840,1,0,0
0,2000,3139587,0,1,1,19,0,0,0,0,2,4,51885,0,0,1
16,1000,3524468,0,1,1,64,43,43,1,0,0,0,18954,1,0,0
12,1200,2661548,0,0,1,66,46,46,0,1,0,2,15914,1,0,0
0,2000,3062378,0,0,0,72,51,51,0,0,0,0,47345,1,0,0
9,2500,2250471,1,0,1,73,54,54,0,0,0,2,30887,1,0,0
14,1200,3573389,1,0,1,40,18,17,0,1,0,0,3178,1,1,0
6,2000,4095661,1,1,0,64,44,43,0,0,1,0,47443,1,1,0
17,1000,4453568,0,0,1,69,49,49,0,0,0,1,27652,1,0,0
15,2000,3453281,0,0,1,32,11,10,0,0,0,0,4518,0,0,0
13,1500,4133919,1,0,0,42,21,20,1,0,0,4,35689,1,0,1
17,1000,1077139,1,0,0,62,44,43,0,0,0,1,41165,1,1,0
6,1200,681888,0,0,0,35,17,17,1,1,2,0,58799,1,0,1
16,1000,4539114,1,0,0,38,16,16,0,0,0,0,56947,1,1,1
17,1200,3814245,1,1,0,64,44,44,2,0,0,3,34358,1,0,0
11,1000,2455871,1,0,0,49,28,28,1,0,0,0,21071,0,0,0
7,1500,2277806,0,0,0,67,45,45,0,0,1,0,45122,1,0,0
1,3000,2859819,1,0,4,36,16,15,2,0,1,0,22612,1,0,0
6,800,1789215,1,0,1,35,14,13,0,1,0,2,14280,1,0,0
3,1500,1590596,1,0,1,41,23,23,1,0,1,0,42424,0,0,0
17,1500,3839036,1,0,0,64,44,44,0,0,0,0,11066,1,2,0
5,2500,1031830,1,0,0,59,38,37,0,0,0,0,32885,0,0,0
8,1500,1116427,1,0,1,47,25,25,0,0,0,0,37095,1,0,0
8,1500,1180210,1,0,0,46,24,24,0,1,2,0,10605,1,0,0
13,1200,4399864,1,1,0,71,52,51,0,1,0,4,6170,1,0,0
7,1200,3472785,0,0,2,38,18,18,1,0,1,1,7302,1,0,0
18,800,4220712,1,1,0,38,16,15,1,1,0,4,6445,1,0,1
2,1200,4086105,0,0,0,65,45,45,1,1,1,0,4539,1,0,1
17,800,3955238,1,1,4,58,36,35,1,0,1,0,24689,1,0,0
4,1500,4555057,1,0,0,19,0,0,0,0,1,0,7674,1,0,1
13,1200,3096543,0,0,1,62,42,42,1,0,0,2,5646,1,0,0
3,1500,3768147,1,1,4,18,0,0,0,0,1,4,33872,1,0,1
6,1000,3624681,1,1,0,39,20,19,0,0,2,3,47928,1,0,0
19,2500,4678241,1,1,3,73,55,55,1,0,1,1,40957,0,2,1
11,2000,2625292,0,0,0,57,37,37,0,1,0,1,46621,1,0,0
1,1000,481756,0,0,3,55,37,37,0,0,0,2,57366,1,0,0
10,1200,2997145,1,0,0,36,18,18,0,0,0,0,47423,1,0,0
13,1500,1930178,0,1,4,36,18,17,3,0,1,3,7479,1,1,1
15,800,4999606,1,1,1,19,0,0,0,1,1,2,6707,0,1,1
19,1200,4938023,0,0,1,46,25,25,0,1,0,0,26106,0,0,1
5,1200,3738612,1,1,2,67,49,49,1,0,2,0,36374,1,0,0
3,2500,700267,0,0,0,67,47,47,2,1,0,0,22665,1,0,0
14,2000,4550314,1,0,0,40,19,19,0,0,2,1,32497,0,0,0
0,1500,950159,1,0,0,64,42,42,0,0,1,4,36742,1,0,0
6,1500,408159,1,0,0,74,55,55,0,0,0,0,45440,1,2,0
11,2500,443905,0,0,1,65,47,47,0,0,0,1,17843,1,0,0
9,2500,628278,0,0,2,44,26,25,2,0,0,1,16510,1,1,0
4,2500,1559551,1,0,1,62,40,39,0,1,1,0,13252,1,0,0
11,1000,3331298,0,0,0,40,20,19,0,0,0,0,20902,1,0,1
17,1000,3532219,0,1,1,45,25,25,0,1,2,0,23304,1,1,0
9,1500,2276177,0,0,0,73,52,52,0,0,1,0,7443,1,0,0
5,1500,3702699,1,0,1,45,24,23,1,0,1,0,26407,1,0,0
11,800,2782563,1,0,0,22,2,1,0,0,0,0,39433,1,0,1
6,800,2917117,1,1,0,35,16,16,1,0,1,0,54496,0,0,1
17,2000,4750117,1,0,1,47,27,26,1,0,2,1,42406,0,0,0
1,2000,605607,0,1,0,41,22,21,3,0,1,0,16866,1,0,0
9,1200,4827697,0,0,0,54,32,32,0,0,1,2,30916,1,0,0
14,2000,949093,0,0,1,33,14,14,0,0,0,0,59383,1,0,0
11,1500,3908792,1,0,0,46,24,24,0,0,1,0,39629,0,1,1
16,2000,4066427,0,0,1,47,29,28,0,0,1,0,25162,0,0,0
3,1200,4221415,1,0,4,42,22,21,0,0,1,0,8555,1,0,0
6,1000,3238915,0,0,1,55,34,34,0,0,2,0,59518,1,0,0
8,1200,358407,1,0,1,56,38,37,0,0,0,3,12593,1,0,0
18,1200,1561012,0,0,0,18,0,0,0,0,1,1,15718,1,0,0
6,1500,1641618,0,1,1,57,38,38,0,0,1,3,12339,1,1,0
1,1000,536478,0,1,0,56,36,36,0,0,2,1,47675,1,0,0
5,3000,2780628,1,0,1,72,52,51,0,0,0,0,13534,0,0,0
17,1000,788393,1,0,0,56,36,36,0,1,1,0,37083,0,1,0
5,1000,4123257,1,0,0,48,30,30,0,0,0,0,52942,0,0,0
12,1500,2905570,1,0,1,56,34,34,0,1,1,0,2092,1,0,0
18,1500,1918283,0,1,1,48,29,28,0,0,0,0,34686,1,0,0
1,1200,1173922,0,0,0,50,32,32,1,0,0,0,46403,1,0,0
11,2000,3787235,1,0,0,29,11,11,0,0,0,1,23667,1,0,1
14,1500,3782373,0,0,1,42,20,19,1,0,0,0,19307,1,0,0
13,1500,3544360,0,0,1,72,51,50,0,1,1,0,34521,1,1,0
5,1500,2143993,1,1,0,40,19,18,0,0,0,0,18567,0,0,0
17,800,4658017,1,0,0,60,40,39,0,1,1,2,18520,1,0,1
4,1500,2914209,0,1,0,65,47,47,0,1,0,0,41527,1,0,0
17,2000,4648273,0,1,0,45,23,23,0,0,0,1,5599,1,0,0
2,800,3622452,1,1,1,50,28,28,1,0,1,1,15027,1,2,0
2,1200,4446562,1,0,0,55,34,34,0,0,0,3,39647,1,0,1
9,2500,3387906,1,0,1,43,21,20,1,0,1,3,27924,1,0,1
18,1200,4823121,0,0,4,41,20,19,1,0,2,1,32423,0,0,1
2,1200,1336858,1,1,1,22,1,1,0,0,0,0,36710,0,1,0
11,3000,1796101,1,0,1,61,43,43,0,0,3,4,34052,0,0,0
15,1000,1450154,0,1,1,34,15,15,0,0,0,0,59569,0,0,0
16,800,2465961,0,1,3,62,42,42,1,0,0,1,36371,1,1,0
6,2000,1948555,0,1,0,54,35,35,1,1,0,1,44356,1,0,0
12,2000,3865685,1,0,0,32,10,9,0,0,0,4,55659,1,1,1
1,1200,3272068,1,0,1,19,0,0,0,0,0,0,49428,0,0,1
3,1500,4040188,0,0,3,51,32,31,0,0,0,4,12099,1,0,0
9,2000,534722,0,0,0,37,16,15,0,1,1,2,31294,1,0,0
6,1500,1982106,0,1,0,47,29,28,1,1,1,0,21683,1,0,0
16,1200,1844304,0,1,4,33,11,10,0,1,0,0,19224,1,1,0
19,800,2071818,0,0,0,61,41,40,0,1,1,0,52095,1,0,0
5,1200,4377216,1,0,0,21,0,0,1,0,0,1,18784,1,0,1
18,2000,2846840,1,0,0,48,28,28,0,1,0,2,13373,1,0,0
4,2000,3179088,0,0,1,43,25,25,0,1,1,2,17106,1,0,0
9,2500,1194501,0,0,2,72,53,52,1,2,1,1,33169,1,0,0
8,2000,3256422,1,0,0,58,39,38,0,0,2,0,56608,1,0,0
12,1500,2812244,0,1,1,29,11,10,0,0,0,0,27525,1,0,0
18,1200,622794,1,1,0,19,0,0,0,0,0,0,9498,1,0,0
5,2000,1236521,0,0,1,25,4,4,0,1,0,1,46105,1,0,0
3,1500,3221845,1,0,0,31,12,12,3,0,1,0,26426,0,0,1
2,1500,4511475,1,0,0,41,23,23,1,0,0,3,18729,1,0,0
2,800,4261487,0,1,4,60,39,39,0,1,0,3,53932,1,0,1
3,2500,1157060,1,0,0,57,36,35,0,0,0,0,9370,0,0,0
4,1200,3003913,1,0,1,58,40,39,1,0,0,1,2053,0,0,0
7,1200,2985663,1,0,4,42,23,23,0,2,0,3,51091,0,0,1
15,1500,4731705,0,0,0,24,2,2,0,0,1,3,23359,0,0,1
2,1500,4569619,0,1,0,49,30,30,0,0,0,0,32885,1,0,0
11,1000,4820072,0,1,0,70,51,51,1,1,0,3,23507,1,0,1
7,2000,2799678,0,1,0,40,21,21,0,0,0,2,10578,0,0,0
12,1200,4528585,0,1,1,63,44,43,1,0,1,0,36728,1,1,0
3,1000,4671480,1,0,0,56,36,35,0,0,0,0,39208,1,0,0
13,1200,3467463,1,0,4,43,25,24,0,0,2,0,41747,1,1,0
13,1500,3293483,1,1,3,59,37,37,0,0,0,0,42720,1,1,0
12,2500,4289724,0,0,3,24,2,1,1,0,0,0,43090,0,0,1
5,2000,2186504,0,0,0,73,53,52,0,0,1,1,4576,1,0,0
16,2500,4786346,1,1,0,64,42,41,0,0,0,0,39934,1,1,0
3,1000,678803,1,0,0,67,47,46,0,0,1,0,25043,1,0,0
7,800,2508336,1,0,1,62,42,41,0,0,0,0,26901,1,1,0
16,1500,4909228,1,0,0,21,0,0,0,0,1,2,31084,1,0,1
2,1200,4277184,0,0,2,61,39,39,1,0,3,0,58355,0,0,1
16,2000,4454235,0,0,1,42,23,23,0,1,0,2,25039,1,0,1
8,1500,4740039,0,0,1,69,49,48,0,0,0,0,13469,1,0,0
1,3000,969772,1,0,1,35,14,14,0,1,0,4,19340,1,0,0
12,1200,4344751,0,1,1,24,6,5,0,0,1,4,55296,0,0,1
19,1200,2490790,1,1,0,39,20,20,1,2,1,4,53568,1,0,1
1,1500,2381973,1,0,0,21,1,1,0,0,0,0,21443,1,0,0
19,1000,1165012,0,1,1,46,27,26,0,0,0,0,10708,1,1,0
10,1500,3700898,1,0,1,41,22,22,0,3,1,1,33858,1,1,1
14,1200,2035245,1,1,0,71,53,52,0,1,1,2,33125,1,0,0
10,1200,4971295,1,1,2,57,35,35,1,1,1,3,29347,0,0,1
2,1200,1858479,0,0,2,69,47,47,0,0,0,0,47298,0,0,0
2,800,2506622,0,1,0,67,49,48,0,0,0,3,26536,1,1,0
11,1500,1830492,0,1,1,55,36,35,2,0,1,1,15847,1,0,0
4,1200,560236,0,0,0,58,38,37,0,0,1,0,40329,1,0,0
19,800,1550624,1,0,0,29,7,6,0,1,0,0,48380,1,0,0
6,1200,2442655,1,0,2,26,5,5,0,1,0,3,51527,1,0,1
6,1200,932600,1,0,4,32,12,12,0,0,1,0,37900,1,0,0
12,1200,3037905,0,0,1,30,11,11,1,0,0,0,39880,0,0,1
8,1000,781994,1,0,4,74,53,52,0,0,0,3,48900,1,0,0
12,1500,4668840,0,0,1,47,27,26,0,0,1,1,51011,1,0,1
11,1500,630619,1,0,1,52,34,34,1,1,0,0,28690,1,0,0
12,1500,2555501,0,1,1,52,31,30,2,0,1,4,45029,1,0,1
9,2000,1173111,0,1,0,43,24,24,0,1,1,0,34501,1,0,0
0,1200,354012,1,1,0,36,15,14,0,1,0,1,48370,1,0,0
7,1500,1791119,0,0,0,38,20,20,0,0,0,1,48523,1,1,0
15,2000,1828317,1,1,1,38,16,16,0,0,0,1,35099,1,0,0
12,1200,557638,1,1,1,30,8,7,1,0,0,1,22799,0,0,0
2,1500,827040,1,1,1,38,16,16,0,0,0,0,57100,1,0,0
2,1200,2508345,0,1,0,41,23,23,0,0,0,4,15010,0,0,0
4,1200,770795,1,1,0,43,23,23,0,0,0,0,12376,1,0,0
10,2000,3088013,1,0,0,61,43,43,1,0,0,0,25259,1,0,0
6,1000,3883714,0,0,0,73,52,52,0,0,1,3,2591,1,0,0
9,1200,543977,1,0,4,48,28,27,0,0,0,0,54560,1,1,0
9,1000,4321768,1,0,1,47,25,24,0,0,0,3,22963,1,0,0
19,1200,4073526,0,1,0,41,23,22,0,0,0,1,49263,1,0,1
1,1000,4091923,1,0,1,49,30,30,0,0,0,0,23374,1,0,0
2,1500,1188046,1,1,1,47,25,25,1,0,1,0,54204,1,0,0
7,2000,2434600,0,1,1,74,55,55,0,0,0,4,25974,1,0,0
10,2000,4709682,1,0,4,43,23,22,0,0,0,0,28890,0,1,1
12,1200,1189411,1,0,1,55,33,32,0,0,0,1,37084,1,0,0
6,3000,4048356,1,0,3,35,17,16,0,1,0,0,21960,0,0,0
12,1500,2741042,0,1,4,58,39,39,1,0,0,2,6798,0,1,0
1,1200,4397261,1,1,0,71,53,53,1,0,0,2,28915,1,0,0
5,2000,439384,1,1,0,66,44,44,0,0,1,2,32216,1,1,0
8,1500,2828668,1,0,0,29,11,10,1,0,2,0,5827,1,0,0
19,1500,2137892,1,0,1,38,16,15,1,0,0,2,21687,1,1,0
1,1000,3990538,0,0,2,40,19,19,1,0,1,0,9045,1,1,0
17,1200,3398695,1,0,1,45,27,27,0,0,0,0,7970,1,0,0
15,2000,520708,0,1,0,34,13,12,0,1,0,0,7271,1,0,0
11,1500,2348490,1,0,1,32,13,13,0,0,0,1,2546,1,1,0
6,1500,2181913,1,0,1,40,22,21,0,0,1,0,25204,1,0,0
6,1500,4654796,1,0,0,70,52,52,0,0,0,0,12669,1,0,0
16,2000,466885,1,0,0,70,51,51,2,0,1,0,3705,0,0,0
12,1200,3315038,1,0,1,51,33,32,0,0,0,0,17051,0,0,0
10,1500,4085508,0,0,1,45,23,23,0,0,1,1,37413,0,0,1
5,1000,4532657,0,0,1,21,0,0,0,0,0,1,59967,0,0,1
13,1500,859273,1,1,0,58,38,37,0,0,1,3,7329,1,0,0
5,1500,3372917,0,0,0,29,7,6,0,1,0,0,23654,1,0,1
5,800,4321357,0,0,1,19,0,0,0,0,1,0,20519,1,0,1
1,1500,2458742,1,1,4,42,23,22,0,0,2,2,49499,1,0,0
19,1200,738702,1,1,4,41,22,21,0,1,0,1,12834,0,0,0
14,1000,421282,0,0,1,48,30,30,1,0,2,0,27848,1,0,0
16,1200,4804331,1,1,3,21,0,0,0,0,1,2,30751,0,0,1
7,1000,4156406,0,1,0,61,41,40,1,0,1,0,58132,1,0,0
4,1200,875854,0,0,3,51,30,29,0,0,0,0,18621,0,0,0
16,1200,2569161,1,1,1,23,1,1,0,0,0,0,53046,1,0,0
19,1500,4521166,0,0,1,48,29,28,2,1,2,1,2631,1,0,1
0,2000,1621663,1,1,0,56,34,33,1,0,1,0,42006,1,0,0
17,1500,630878,1,0,3,67,46,46,0,0,0,2,40551,1,0,0
14,800,3331981,1,1,1,41,19,19,1,0,0,0,28206,1,0,1
4,2500,1346725,1,0,0,42,24,23,0,0,0,0,40780,1,0,0
6,1500,3385997,1,0,0,22,1,1,0,2,0,0,42582,0,0,1
17,800,4547183,1,0,0,71,51,50,0,1,1,0,45250,1,0,1
5,2000,3399105,0,0,0,71,52,51,0,0,1,2,36756,1,0,0
4,1000,3119250,1,0,0,27,5,5,0,0,0,0,21066,1,0,0
18,1500,4089668,1,0,1,35,14,14,0,0,0,1,17224,1,0,0
9,1200,745272,1,0,2,46,28,27,0,0,1,3,46508,0,0,0
14,1200,931967,1,0,4,28,10,10,0,0,0,0,10036,1,0,0
9,2000,3069017,1,0,0,66,46,45,1,0,1,2,56705,1,1,1
15,1200,3321259,0,0,0,47,28,28,0,0,0,1,49807,1,0,1
11,800,3208328,1,0,0,60,42,42,0,0,0,0,10964,1,0,0
17,2500,1811010,0,0,0,22,3,2,0,0,1,2,49829,0,0,1
0,2500,1347109,1,0,2,23,2,1,0,1,0,0,24054,0,0,0
15,1500,2803828,0,0,1,31,9,9,0,0,1,0,18057,1,1,0
5,1200,4482644,1,0,1,33,13,13,1,0,1,0,7097,1,0,0
2,800,1663993,1,0,0,31,13,13,0,0,1,1,53635,0,0,0
1,2000,831152,0,0,1,50,28,27,0,0,0,0,21663,1,0,0
1,800,641914,1,0,4,73,55,55,0,0,3,3,17744,1,0,0
12,800,3998609,0,0,1,54,34,33,0,0,0,0,10388,1,0,0
8,1500,2310737,0,0,4,22,4,3,0,1,0,0,49878,1,0,1
15,1000,1088161,1,0,0,57,37,37,1,0,0,1,54385,1,0,0
4,800,2353952,0,1,0,31,9,9,0,0,0,0,55632,1,0,0
6,1200,4417513,0,1,4,57,36,35,0,1,0,0,59384,1,0,0
12,1000,1857598,1,1,1,26,6,5,0,1,1,0,53101,0,0,1
19,1000,836701,1,0,0,44,23,23,0,1,0,4,17753,0,1,0
12,800,609796,0,0,0,69,50,49,0,1,1,0,26236,1,0,0
6,1000,2426916,1,1,1,20,0,0,0,0,1,1,51794,1,1,0
9,1500,1001101,1,0,1,27,7,7,0,0,0,0,55262,0,1,0
14,2000,2601428,0,0,2,65,43,43,1,0,1,0,20120,1,0,0
5,1200,2473996,0,0,0,28,7,6,0,0,0,0,57209,1,1,0
4,1500,4160861,0,0,1,51,30,29,1,0,1,4,54603,1,0,1
1,800,2522039,0,0,1,18,0,0,1,0,0,0,28051,1,0,1
14,800,2906106,1,1,1,27,5,4,0,0,1,3,22482,1,0,0
15,1200,2764240,1,1,1,70,49,49,0,0,0,0,52114,1,0,0
18,1500,4427792,0,0,1,23,1,0,0,1,1,0,8102,1,0,1
8,1500,4966975,1,1,0,25,4,3,0,0,0,4,28436,1,1,1
18,1500,3256794,0,0,1,48,29,29,0,0,0,3,41682,1,0,0
6,1200,1663704,1,0,0,23,2,1,0,1,0,0,24245,1,0,0
3,1000,3212781,1,1,0,48,30,29,0,0,0,1,21227,1,0,0
2,2000,3078685,0,0,0,51,30,30,1,0,0,0,34875,1,0,0
19,1200,4757514,1,0,0,57,38,37,1,0,0,1,42604,0,1,0
10,1500,3407567,1,0,1,70,49,48,0,0,0,0,43337,1,0,0
0,1500,1078335,1,0,0,46,24,23,0,0,1,1,23216,0,1,0
5,1500,1407994,1,0,0,20,1,0,0,0,0,4,40649,1,1,0
10,2500,1416030,1,1,4,39,19,18,1,1,0,1,44324,0,0,0
0,2500,638406,1,1,0,29,8,7,0,0,2,0,38089,1,0,0
6,1500,3337250,0,0,0,55,33,33,0,1,0,2,48845,0,0,1
5,1500,4174072,0,0,1,36,16,15,0,0,2,0,27437,1,0,0
13,1200,3633311,1,1,0,24,4,4,1,0,0,0,27547,1,0,1
1,2500,2725974,1,1,1,40,20,20,0,0,0,1,9454,1,0,0
3,1200,2726247,0,0,0,72,54,54,0,0,0,3,4334,1,0,0
10,1000,3976390,0,0,0,73,51,50,0,0,0,0,13437,0,0,0
14,1200,1278883,1,0,3,72,54,54,0,0,0,4,28567,1,0,0
17,1000,1538663,1,0,0,30,8,8,0,0,1,1,21308,1,0,0
0,1500,2546984,1,1,0,21,0,0,0,0,2,1,19892,1,0,0
2,1500,516233,1,0,0,38,19,18,0,0,0,0,18514,0,1,0
2,1200,4980017,0,1,0,31,11,11,1,0,0,0,6585,1,0,1
6,800,2269220,0,0,0,53,32,32,0,0,1,0,54851,1,0,0
0,2500,3135313,0,0,0,67,48,47,0,0,2,4,26264,1,0,0
10,2000,559578,0,0,1,24,3,2,0,0,1,1,10243,1,0,0
5,2000,3721929,1,0,1,30,10,10,0,1,0,1,16638,0,0,0
19,1200,2060151,0,0,1,52,30,29,0,0,0,0,11110,1,0,0
2,2000,3464308,1,0,1,66,47,46,0,0,0,0,14008,1,0,0
18,1200,3136382,1,1,2,50,32,32,1,0,1,0,5750,0,0,0
1,1000,3455530,0,0,4,74,52,51,0,1,3,0,48578,0,0,1
17,1000,401467,1,0,1,28,10,10,1,0,0,3,13729,1,0,0
11,1200,2762063,1,0,4,68,46,45,3,0,0,1,25691,1,0,1
9,1000,4639434,0,0,1,56,34,33,0,0,0,2,25885,0,1,0
4,3000,480073,1,0,1,42,22,22,1,1,0,0,23722,1,0,0
8,800,1175882,0,0,1,63,44,43,0,0,1,0,43643,1,0,0
1,1200,1115127,1,0,3,56,35,35,0,1,0,0,18864,1,0,0
1,1200,482299,0,1,0,41,21,20,0,0,0,0,52193,1,0,0
5,1200,2224700,1,0,1,39,18,18,1,0,0,4,48966,1,1,1
9,1500,2180916,1,0,1,60,38,38,0,0,0,0,26510,1,0,0
17,1000,2314073,1,0,3,68,50,49,1,0,1,0,12304,1,0,0
11,2000,4496382,0,0,4,65,44,44,1,0,0,0,18607,1,0,0
3,1200,1182318,0,0,0,66,48,47,1,1,0,3,16547,1,0,0
16,1500,4211534,1,0,1,63,42,41,0,0,0,0,22541,1,0,0
14,1500,770825,1,0,0,73,55,55,0,0,0,0,58355,0,1,0
5,2000,4649154,1,0,0,39,19,19,0,2,2,1,46188,0,0,1
15,2000,978757,0,1,4,32,11,11,0,0,1,0,9256,1,0,0
16,1500,1810649,1,0,1,35,15,15,1,0,1,0,17955,1,0,0
2,1200,3713883,1,0,0,61,41,41,1,0,0,1,8835,0,0,0
9,1500,2222038,0,0,1,62,44,43,2,1,1,0,12141,1,1,1
4,2000,2928058,0,0,1,49,28,27,0,1,1,2,12554,0,0,0
13,2000,3780307,1,0,0,73,52,52,1,0,1,0,11129,1,0,0
12,1000,2916221,1,1,0,53,34,34,0,0,1,2,15019,0,0,0
5,1200,3872741,0,1,1,27,9,8,1,0,2,0,11623,0,0,1
11,2000,2805496,0,0,0,26,5,4,0,1,1,0,22758,1,0,0
7,1200,2561403,1,0,0,61,39,38,0,1,0,0,44987,1,0,0
4,1200,3644317,1,0,0,42,23,23,0,0,0,0,32502,0,0,0
14,1200,1063203,1,0,3,74,53,53,0,0,0,2,34304,1,0,0
15,1500,942446,0,0,0,21,3,3,0,0,0,0,29571,1,1,0
0,3000,1775865,0,1,2,55,33,32,0,0,1,1,25535,1,0,0
15,1200,2999454,1,1,1,63,42,41,0,1,0,4,8303,1,0,0
4,1000,4357873,1,1,0,53,33,33,0,0,1,3,6676,1,1,1
2,1000,3614163,1,0,1,59,39,39,0,0,1,2,11230,1,0,0
19,800,3180067,0,0,0,54,32,32,2,0,0,0,38361,1,0,0
14,1500,1464079,1,1,2,56,34,33,0,2,0,2,26608,1,0,0
12,1500,3588497,1,1,4,24,2,1,1,1,0,0,11383,1,0,1
15,1000,3946916,0,0,0,59,37,37,0,0,1,0,19942,1,0,0
10,1500,2755173,0,1,1,71,53,53,0,0,0,1,23693,1,1,0
1,1500,4176146,0,1,0,43,23,22,0,0,0,0,12469,1,0,0
5,1200,2156267,1,0,0,37,16,15,1,2,0,0,8003,1,0,0
5,1200,2791517,0,0,0,62,41,41,0,0,1,3,3931,1,0,0
13,3000,1895656,0,0,1,64,44,43,2,2,1,1,48109,1,0,1
10,1200,2544614,0,1,0,38,17,16,0,0,0,0,46554,0,0,0
7,2000,2826386,1,1,1,22,2,2,0,1,0,3,12025,1,0,1
7,1200,2748879,1,0,2,74,55,54,0,1,1,2,58624,1,0,0
0,2000,2132378,0,0,1,47,27,27,0,1,0,0,57315,1,0,0
6,2000,2673559,0,0,3,65,44,43,0,1,1,2,46005,1,0,0
5,1500,2719605,0,0,0,55,36,35,0,1,0,3,13075,0,0,0
7,2000,3236035,0,0,1,53,32,32,1,0,1,0,53518,1,0,1
18,2500,4302539,1,0,4,55,37,37,1,2,0,0,9310,1,0,1
19,1500,377969,1,1,0,40,19,19,0,0,0,2,41568,1,0,0
7,1000,4878873,0,0,1,40,21,21,0,0,0,0,2787,1,1,0
13,1200,304952,0,0,0,65,45,45,0,0,2,0,3867,1,1,0
17,2000,1672446,0,0,1,68,47,47,0,1,0,1,39349,1,0,0
15,1500,4797058,0,0,1,23,3,3,1,1,0,0,45769,1,0,1
8,1000,4199417,1,1,4,60,39,39,0,0,1,2,34457,1,0,0
14,800,386467,1,0,1,63,41,41,0,1,1,0,25290,1,0,0
9,1500,2530377,0,0,2,40,19,18,0,1,1,1,40438,0,0,1
15,1200,3015887,1,0,0,32,10,10,1,0,2,3,18164,0,0,1
3,1200,3846963,0,0,0,18,0,0,0,0,1,3,25234,1,0,1
19,1500,1717547,0,1,0,53,32,32,0,1,1,1,41541,0,0,0
12,1500,4361050,1,0,1,56,34,33,0,0,0,0,56958,1,0,0
4,800,2172937,0,0,1,45,27,27,0,2,1,0,30124,1,0,0
6,1000,1234532,1,1,4,27,7,7,0,0,0,0,8757,1,0,0
8,1000,3158539,0,0,0,50,31,31,0,0,1,4,41383,1,0,0
7,1200,4620107,1,0,0,63,42,42,0,0,1,4,58116,1,0,0
15,1500,741690,0,0,4,41,22,21,0,0,0,0,17952,1,0,0
5,1500,3449537,0,1,0,23,5,4,0,1,0,0,18514,1,0,1
15,1000,1472266,1,1,1,31,10,9,0,0,0,3,10456,1,0,0
5,800,1006406,0,0,0,71,49,48,0,1,2,0,24681,1,0,0
13,1000,409502,0,1,0,49,27,27,0,0,1,1,11006,1,1,0
0,3000,3770368,0,0,0,36,15,14,1,0,2,0,53085,1,0,1
8,1200,3084251,0,0,0,23,1,0,1,0,2,0,18433,0,0,1
12,2000,2601548,1,1,1,37,19,19,1,0,0,0,37526,1,0,0
18,2000,4370209,1,0,1,42,22,21,0,1,0,0,55580,1,0,0
16,1500,3157225,1,0,3,37,17,17,0,0,2,0,34214,1,0,0
10,1500,4660214,0,0,0,55,37,37,1,0,0,0,35731,0,0,0
7,1000,2008070,1,0,0,28,6,6,1,0,0,0,8180,0,0,0
4,1500,2581644,1,0,1,49,29,29,0,0,1,1,46316,1,0,0
9,1200,2688727,1,0,0,46,24,23,0,0,0,0,7280,1,1,0
6,2000,751251,1,0,2,47,25,24,0,0,1,4,23268,1,2,0
9,800,4803760,0,0,1,46,27,26,0,0,0,0,48191,1,0,1
3,2000,4186218,1,0,4,39,19,19,0,0,1,0,37121,1,0,0
8,800,1039999,0,0,0,28,6,5,0,0,0,0,47522,1,0,0
13,2000,3919482,1,0,0,66,47,47,0,0,1,1,39828,1,0,0
1,1200,1812223,0,0,0,37,19,18,0,0,0,0,18557,0,0,0
8,1500,3012127,1,0,0,58,38,37,0,0,0,0,56439,1,0,0
0,1200,1817247,1,1,1,31,13,13,0,1,1,2,21110,1,1,0
9,1200,780679,1,0,4,44,26,25,0,1,1,3,47545,1,0,0
9,1500,852435,1,1,0,55,34,33,0,0,1,4,49036,1,0,0
19,2500,780297,1,1,0,21,1,0,0,1,2,0,55399,1,0,1
2,800,1851654,1,0,0,24,6,5,0,0,0,1,26625,1,0,0
5,2500,1743152,1,1,1,47,29,29,0,0,0,0,35644,1,0,0
5,1500,3877964,1,1,1,27,9,8,0,0,0,1,6219,1,0,0
1,2000,1392511,0,1,1,24,2,2,1,0,0,3,7366,1,0,1
17,1200,1990748,1,0,1,22,2,2,0,1,0,1,9726,0,0,0
1,1200,3085485,0,0,1,21,1,1,0,0,0,0,31287,1,0,0
11,2000,1756977,0,0,1,64,44,43,0,0,0,0,36990,1,0,0
4,1200,1949879,1,0,2,53,33,33,0,1,0,3,54193,1,0,0
19,1500,4475375,1,1,0,32,12,11,0,0,0,1,26979,0,0,0
6,800,3039140,1,1,0,56,38,37,0,1,0,1,54657,1,2,0
15,1000,2048533,1,0,0,55,36,35,0,0,1,0,49609,1,0,0
19,1500,3731803,0,1,0,53,32,31,0,0,1,0,3280,0,0,0
0,1500,353886,1,1,0,68,48,48,0,1,2,0,50647,1,0,0
0,1500,4876925,1,0,0,19,0,0,1,0,0,0,28769,0,0,1
16,1000,2207478,1,1,0,32,13,13,0,0,1,4,58704,1,0,0
0,1200,3934213,0,0,1,37,15,14,0,0,0,0,55651,1,0,0
19,1200,4988159,0,0,1,72,54,54,0,0,0,0,19764,0,0,0
12,1200,4332189,0,1,0,51,30,29,1,0,0,0,12150,1,0,0
8,2000,1583937,0,1,1,30,12,11,0,0,0,0,37300,0,0,0
14,2000,2200332,1,1,1,42,24,23,1,0,0,3,48980,1,0,0
2,800,2240528,1,0,0,31,11,11,0,1,2,2,6633,1,0,0
13,2000,3396736,1,1,4,58,36,36,2,0,0,2,47116,1,1,0
10,1200,3510755,1,0,0,65,45,45,1,1,0,4,22405,1,0,0
11,1500,3447153,1,0,1,71,53,52,1,0,0,0,18725,0,0,0
12,1000,1481381,1,0,4,26,5,4,0,0,1,1,22728,0,0,0
12,1500,1000735,1,0,1,66,47,46,1,0,0,1,32396,0,0,0
0,1000,888699,1,0,1,71,53,53,0,0,1,0,39593,0,0,0
9,1200,1097035,0,1,4,52,34,33,1,1,2,0,34696,1,0,0
2,800,4447674,0,0,0,39,21,20,0,0,2,3,29719,1,0,1
3,1000,3933917,1,1,0,22,0,0,0,0,0,3,51839,1,0,0
15,800,1107500,1,0,1,61,42,41,0,1,0,2,47768,1,0,0
7,1000,1099963,1,0,3,54,33,33,0,0,0,0,58582,1,1,0
15,1000,400694,0,0,1,31,13,12,1,0,0,0,13289,1,0,0
16,1500,3667817,0,1,4,34,15,15,2,0,0,0,7928,1,0,0
18,800,3905597,1,1,0,22,4,4,0,0,0,0,36731,0,0,0
14,1500,2501597,1,0,2,30,11,11,1,0,0,0,46049,1,0,0
15,1000,725770,1,0,4,71,52,52,1,1,0,0,29745,1,0,0
14,2500,4040329,1,1,0,64,42,41,0,0,1,2,49127,1,0,0
1,2500,3174465,0,0,4,48,26,26,0,0,0,0,26042,1,0,0
10,1000,1556616,1,0,0,66,47,46,0,0,1,0,10736,0,0,0
0,1500,4377503,0,0,4,27,7,7,0,0,1,4,29319,1,0,1
14,800,2395533,1,0,4,65,47,47,0,0,0,0,18759,1,0,0
18,2500,3526457,0,0,0,40,18,17,0,0,0,0,22912,1,0,0
3,1500,4811681,1,0,1,46,27,26,1,0,1,0,43807,1,0,1
10,800,3727883,1,0,1,33,13,12,1,0,1,0,59376,1,1,1
4,1200,1542611,0,0,0,34,15,15,0,0,0,1,22094,1,1,0
2,800,2708196,0,0,0,24,3,2,0,0,1,0,14504,1,0,1
12,1200,1868381,0,1,0,60,41,40,0,0,1,3,10342,1,0,0
9,1500,3172579,0,0,1,31,10,10,1,0,1,1,6061,1,0,0
10,1200,1007054,0,0,1,61,39,39,0,1,0,3,40466,1,0,0
17,1200,4433218,1,0,4,26,4,4,1,1,0,3,39305,1,3,1
1,1000,2477237,0,0,0,24,5,4,0,1,1,2,38882,1,1,1
6,1000,316583,0,0,1,31,9,9,0,1,1,0,43501,1,0,0
8,1000,4100299,1,0,0,33,14,13,0,0,1,0,9383,1,0,0
9,2000,2207540,1,1,1,27,8,7,0,0,0,0,17277,1,0,0
17,1000,2612327,0,1,4,22,1,1,1,1,0,0,14159,1,0,1
6,1500,501651,0,1,0,68,50,50,0,0,0,0,4345,1,2,0
6,1200,2195027,1,0,0,24,5,5,0,1,0,0,43948,1,1,1
2,1000,1913466,0,0,1,39,21,20,0,2,0,3,40160,1,0,1
11,1500,3891589,0,0,0,41,21,20,0,0,0,0,2421,1,0,0
6,1200,3756903,1,1,0,57,35,34,0,0,0,2,50104,1,1,0
16,1200,3441137,0,0,0,59,39,39,0,0,0,3,44904,1,0,1
0,1500,2848099,1,1,0,39,19,18,0,0,0,0,58749,1,1,0
4,1200,1377251,1,0,1,72,53,52,1,2,1,2,27453,1,0,0
15,1200,689796,0,0,4,52,32,32,0,1,0,0,50555,1,0,0
14,1500,3054174,0,0,1,63,44,44,0,0,0,2,8720,1,2,0
1,1500,4836718,1,0,0,69,47,46,1,0,0,1,56347,1,0,1
8,800,4341114,0,0,0,72,50,50,1,0,1,0,27930,0,0,0
6,1200,4636173,1,0,4,71,51,51,0,0,0,0,17049,0,0,0
3,800,1859599,0,0,4,20,1,1,0,1,1,0,16579,1,0,1
19,1000,3976661,0,1,0,64,43,42,0,0,1,0,45906,0,1,0
17,1500,2300842,0,0,4,59,38,37,0,1,1,1,41004,1,0,0
3,2000,1658354,0,0,4,24,6,5,0,0,2,0,2993,1,0,0
12,2000,4969914,0,0,0,36,18,18,1,0,0,3,44051,1,0,1
0,800,4422343,1,1,1,59,41,41,0,0,0,0,3823,1,0,0
2,1200,1315044,1,0,1,63,43,43,1,1,1,1,43470,1,1,0
15,1500,2292751,1,1,0,25,6,6,0,0,0,1,37202,1,0,0
3,1000,2390946,0,0,0,40,22,21,0,1,1,1,45185,1,0,1
15,2000,1049337,1,1,0,37,18,18,0,0,1,0,55219,1,0,0
18,1500,2827959,1,0,4,50,30,30,0,0,1,0,4321,1,0,0
0,2500,4202909,0,0,2,23,4,3,0,0,0,2,29301,1,0,1
4,800,4693180,0,1,0,32,13,13,0,0,1,0,43593,1,0,0
18,1000,3406412,0,1,1,22,2,2,0,1,0,0,35877,1,0,1
10,2000,1069670,1,1,0,31,10,9,0,0,1,0,14655,1,0,0
12,1500,3757963,1,0,1,26,7,6,0,1,0,0,2621,1,0,0
19,2000,1715322,1,0,1,43,24,24,0,0,1,1,37268,1,1,0
4,800,2744201,1,0,1,49,27,27,0,0,1,0,21383,1,0,0
3,1500,476968,1,0,0,48,26,26,0,1,0,3,53959,1,1,0
3,1500,3981335,1,0,0,23,5,5,0,0,0,0,22953,0,0,0
3,800,2796396,1,0,1,18,0,0,0,0,0,0,49317,0,0,0
3,1500,3033370,0,0,1,36,16,15,0,0,1,2,15960,1,0,1
19,1500,4080645,1,1,1,32,12,11,0,0,0,4,37093,1,0,0
17,1000,4520244,1,0,1,51,29,29,0,0,0,0,2248,1,0,0
17,1200,4749106,0,0,1,36,14,13,0,1,1,2,5308,1,0,1
15,1500,4371654,0,0,1,66,48,48,1,1,0,1,22797,1,0,1
8,1200,2710947,0,0,4,28,6,5,1,1,0,4,47942,1,0,1
17,2000,3442997,1,0,0,35,16,15,0,1,2,0,43548,1,0,1
1,1200,4747684,0,0,4,41,22,21,1,0,0,1,38755,1,0,1
3,1200,2417840,0,1,0,63,41,41,0,1,0,0,54216,1,1,0
11,3000,4409512,0,0,1,68,48,47,0,1,0,0,9556,0,0,0
6,2500,1908535,1,0,1,26,8,7,0,1,1,1,23122,1,0,0
14,800,2589033,1,0,0,28,9,8,1,0,1,1,29252,0,1,1
6,2000,1684019,0,0,4,60,40,40,1,0,0,0,9315,1,0,0
16,1000,4767408,0,0,0,21,0,0,0,2,0,2,35870,1,0,1
15,800,4354812,0,0,1,35,17,16,2,1,0,0,52395,0,0,1
18,1200,2694129,0,0,2,61,43,42,0,0,0,1,51156,1,0,0
8,1200,3143253,0,1,0,40,20,20,1,0,0,0,59463,1,0,1
13,2000,3481704,0,1,4,58,38,38,1,0,0,0,51885,1,1,0
16,1500,3122722,0,0,1,54,34,33,0,0,0,0,18845,0,0,0
4,3000,1456125,1,1,4,18,0,0,1,1,1,0,49808,0,0,1
1,1500,430120,1,0,1,42,20,20,0,1,0,3,15754,1,0,0
19,1200,1414234,0,0,1,26,6,5,0,0,0,0,34621,1,0,0
15,1500,874396,0,0,0,56,34,33,0,0,1,0,3322,0,0,0
13,3000,2549704,1,0,1,18,0,0,0,0,1,0,4886,1,0,0
13,1500,612282,0,0,0,69,48,48,1,1,1,0,53035,1,0,0
0,2000,2406595,0,1,1,34,12,11,0,1,0,3,52396,1,0,1
2,2500,4302129,1,1,0,20,2,1,1,0,3,0,41666,1,1,1
6,1000,4747989,1,1,0,40,19,19,0,1,1,0,22551,1,0,1
14,1500,3307365,0,0,0,18,0,0,1,0,0,3,10212,1,0,1
18,2000,4817784,1,0,4,41,21,21,0,1,1,4,43701,1,0,1
19,2500,2649737,0,0,1,30,10,10,1,0,1,4,35314,0,0,1
1,1000,1025605,1,1,1,37,19,19,0,2,1,0,46201,1,0,0
18,1500,1307397,0,1,3,37,17,17,0,1,3,1,36035,1,0,0
8,1500,2367964,0,1,1,29,8,8,1,0,0,0,48426,1,0,0
18,1000,3858130,1,0,0,34,16,16,0,1,0,0,27521,1,1,1
4,1500,4462407,1,0,1,38,20,19,0,0,2,0,44699,1,0,0
17,1200,3268328,0,0,4,57,39,39,1,1,1,0,37765,0,0,1
15,1200,1084229,0,1,0,41,21,20,0,0,0,4,12387,1,0,0
3,1200,524086,1,1,1,47,27,26,1,1,0,1,44278,1,0,0
11,1500,4645163,1,0,1,40,20,19,0,2,0,0,25764,1,0,1
6,1200,4023050,1,0,0,40,18,17,0,0,3,0,27773,1,0,0
13,1200,3018871,1,1,4,73,51,51,0,0,0,0,44770,1,0,0
11,1200,3360198,1,0,0,73,51,50,0,0,1,0,22684,1,0,0
2,1000,1638954,0,1,0,64,46,46,0,0,0,4,39634,1,1,0
4,800,854856,1,0,4,34,14,13,0,1,0,0,53425,1,0,0
16,1000,892921,0,0,1,19,0,0,1,0,1,0,2977,1,1,0
9,1500,4603886,0,1,0,59,41,40,0,0,0,3,58322,1,0,1
9,2000,3105966,1,0,0,41,20,19,1,0,1,0,10996,1,1,0
10,1000,1710648,0,0,4,50,28,28,0,1,0,0,20882,1,1,0
16,1000,2085440,0,1,0,74,56,55,0,0,0,0,32132,1,2,0
4,1500,2867053,1,1,1,74,55,55,0,0,0,0,51957,0,0,0
12,1200,3637431,1,0,0,62,40,39,0,0,0,0,14899,1,0,0
9,2500,2210261,1,0,4,61,40,40,0,1,1,0,53216,0,0,0
8,1500,3528101,1,0,1,32,14,14,1,0,0,0,50362,1,0,0
16,1200,4416854,1,0,1,49,27,27,0,0,1,2,44457,1,0,1
0,1200,2401322,0,1,1,59,37,36,1,0,2,2,5438,0,0,0
3,1500,1504465,1,0,4,51,32,32,0,0,0,0,54924,1,0,0
3,800,1222640,0,0,4,39,21,20,0,0,0,0,41953,1,0,0
17,1000,4102800,1,1,1,48,30,30,0,1,1,3,46884,1,0,1
8,1000,2208695,0,0,2,32,14,14,1,1,1,1,4840,1,0,0
17,2000,4477206,0,1,0,37,17,16,0,0,0,0,32061,1,0,1
13,1500,3849417,0,0,0,59,40,39,0,0,0,3,18928,1,0,0
14,800,1036199,1,1,2,40,22,21,0,0,1,3,47831,1,0,0
5,1500,1209808,1,1,1,48,29,29,0,0,2,0,52145,1,0,0
9,1200,2126659,0,1,4,19,0,0,2,1,0,3,53050,1,0,1
14,1500,2744327,0,1,0,30,12,12,0,1,0,0,34231,1,1,0
3,1000,4639137,0,0,1,59,40,39,0,0,1,4,40325,0,1,1
17,1500,479718,1,0,1,49,30,30,0,0,0,2,22399,1,0,0
17,3000,3267473,0,0,1,66,46,45,0,0,0,0,47565,0,1,0
16,800,2576474,0,1,0,33,14,14,1,1,0,0,31459,1,0,0
11,1200,646448,0,0,2,32,12,12,0,1,0,0,47028,1,0,0
6,1000,1647167,1,1,0,42,20,19,0,0,0,2,47483,1,0,0
15,1000,2033120,0,0,1,29,10,10,0,0,1,0,52602,0,1,0
10,1200,1506243,1,1,1,45,25,24,0,0,0,0,41482,1,0,0
13,2000,2241510,0,0,0,58,37,37,0,0,0,2,16873,1,1,0
2,2500,3026007,0,0,1,29,11,10,2,0,0,1,6719,1,1,1
18,1000,2907490,1,0,4,74,56,55,0,0,0,2,53544,1,1,0
17,1500,3201341,0,0,0,38,20,19,0,0,1,2,18668,1,0,0
9,1500,1455712,1,0,1,29,9,9,1,0,1,1,30567,1,0,0
5,1500,4375186,0,0,0,68,48,47,0,0,0,0,32346,1,0,0
12,1200,2623553,1,0,2,71,53,53,0,0,0,0,34582,1,0,0
9,1000,492421,1,1,0,66,46,45,0,0,0,2,56789,1,1,0
17,1200,993290,0,0,0,33,14,14,1,0,0,3,2688,1,0,1
19,1200,1437336,1,0,1,27,8,7,1,1,0,0,45031,1,0,0
15,2000,2885140,0,1,1,73,54,53,0,0,0,4,28225,0,0,0
5,2000,434883,1,1,0,27,5,5,0,0,0,0,5254,1,0,0
12,1000,722087,0,0,4,69,51,50,0,0,0,2,18486,1,1,0
3,800,3145619,0,1,1,19,0,0,0,0,0,1,36441,0,0,0
13,2500,1855981,1,1,1,44,26,25,0,0,0,2,57324,0,0,0
0,1500,3897277,0,1,1,69,50,50,0,0,0,0,26424,1,0,0
19,2000,1612121,1,1,3,47,29,29,0,0,0,0,28052,0,0,0
4,800,3062516,1,0,0,50,28,28,0,0,0,0,52866,1,0,0
7,1500,466373,1,0,0,33,14,13,1,1,2,0,2109,0,0,0
11,1500,1186745,0,1,0,27,5,5,0,0,0,0,41011,0,0,0
1,2000,2883912,1,1,1,32,10,10,0,0,1,1,24860,1,1,0
11,800,436973,1,0,0,43,21,20,0,0,0,4,6952,0,0,0
4,1000,3253205,0,0,1,73,54,53,0,1,1,1,52826,1,0,0
4,1200,4430983,1,0,0,32,10,10,0,0,0,0,8979,1,0,0
12,2000,4876121,1,0,1,23,1,1,0,0,1,0,27440,0,0,1
8,2500,3180418,1,0,1,34,13,12,0,0,1,1,42591,1,0,0
9,3000,3676379,1,0,0,62,44,44,0,1,0,2,54774,1,0,0
0,2500,2980300,1,1,0,18,0,0,0,1,0,2,30776,1,0,1
2,800,2144512,1,0,2,67,49,48,0,1,0,0,22411,1,0,0
17,800,1533968,1,1,1,40,21,21,1,0,1,0,39102,0,0,0
11,1000,2531747,1,0,2,51,30,29,0,0,0,0,47031,1,0,0
2,1200,3257827,1,0,0,52,32,31,0,0,1,0,38768,1,0,0
8,2000,2745999,0,0,4,60,41,41,0,0,0,0,52255,1,0,0
1,2000,1775579,0,0,1,42,23,23,0,1,0,4,35587,1,0,0
2,1000,563193,1,0,0,18,0,0,0,0,0,0,47838,1,0,0
13,1500,4769829,0,1,1,42,24,23,1,0,0,2,7048,1,0,1
3,2500,815477,0,1,1,55,33,32,0,0,1,0,27130,0,0,0
18,1200,4742342,0,1,0,33,13,13,0,0,0,4,35891,1,1,1
12,1000,872678,1,0,4,64,45,45,0,0,0,3,9139,1,0,0
6,1200,1622781,0,0,1,58,39,38,0,0,0,0,45898,1,0,0
11,1200,2468393,1,0,0,29,8,8,1,0,1,3,18533,1,0,1
2,1500,2185304,0,0,4,27,9,8,1,0,0,1,25346,1,0,0
8,1200,4034551,1,0,0,44,23,22,1,0,0,0,16574,1,0,0
1,800,4297351,1,0,1,73,55,55,0,0,0,0,39111,1,0,0
8,3000,2513774,1,1,1,56,38,37,0,0,1,0,48708,1,0,0
11,1500,1154452,0,0,1,59,38,38,0,0,0,0,8913,1,1,0
11,1200,1743537,0,1,0,24,3,2,0,0,3,0,43480,1,0,0
14,2500,3674883,1,0,0,23,2,2,0,0,0,0,14523,1,0,0
1,1000,3487657,1,0,1,62,44,44,0,0,2,0,39915,1,0,0
17,1000,753207,0,1,1,28,8,8,0,0,0,1,23546,1,1,0
12,2000,1501660,0,0,1,41,20,20,0,0,1,0,41752,1,0,0
13,1200,4503829,0,0,1,74,56,56,0,0,0,4,56567,1,0,0
4,2000,4996133,0,0,1,57,36,35,0,0,0,0,15729,1,1,0
9,1200,1409023,1,0,1,42,22,22,0,1,1,1,49936,1,0,0
11,800,3153752,1,0,1,54,34,33,0,0,0,0,36045,1,0,0
9,1500,4365273,1,0,0,20,0,0,0,0,1,0,27084,0,0,1
10,1000,1952730,1,0,0,21,0,0,1,0,1,0,18554,1,1,0
1,2000,3393390,0,1,1,21,1,1,0,0,0,1,22506,1,2,1
4,1500,1554931,1,0,0,74,53,53,0,1,0,0,42777,1,0,0
6,2500,1234577,1,0,0,58,36,36,0,0,0,3,51260,0,0,0
5,2000,689893,1,0,0,18,0,0,1,0,0,1,5252,1,0,0
2,1000,4002903,1,1,0,47,27,27,0,0,0,0,50507,0,0,0
12,2000,2829305,0,0,0,32,11,10,0,1,0,4,51808,1,1,1
2,1500,889333,1,0,0,62,44,43,0,1,0,0,43538,1,0,0
5,1500,1977000,1,0,0,48,28,27,0,1,0,0,28575,1,0,0
10,2000,3376159,0,1,0,54,34,33,0,1,2,0,51211,0,0,1
16,1500,559797,1,0,0,67,46,46,0,1,0,0,44065,1,0,0
9,1200,4280503,1,0,0,22,1,0,0,0,0,0,33961,1,0,1
11,1500,4595641,0,0,1,60,41,41,1,0,0,0,59330,1,3,1
16,1200,4947647,1,0,0,38,17,16,1,0,1,0,8159,1,0,1
3,1000,614232,0,0,1,52,34,33,1,0,0,4,29729,0,0,0
1,1500,502267,0,1,0,21,0,0,1,0,0,2,47935,0,0,1
10,1000,476095,1,0,0,24,3,3,0,0,1,0,41500,1,0,0
6,800,1902517,1,0,1,46,25,25,0,0,1,0,32635,0,0,0
1,800,770832,0,0,1,53,31,30,0,1,1,2,3227,0,0,0
17,1500,377512,1,1,0,52,30,30,1,1,3,3,15887,1,1,0
3,1200,1981986,0,0,0,49,29,28,0,0,0,0,6893,1,0,0
7,2000,4044893,1,0,0,59,39,38,0,1,1,1,33927,1,0,0
19,1200,3821372,0,1,1,69,47,46,1,0,2,0,23407,1,0,0
13,1200,4679330,0,0,0,28,6,6,0,0,0,0,57492,1,0,1
11,1200,850573,0,0,0,67,45,44,0,0,1,2,2609,1,0,0
17,1500,4808758,1,0,2,50,32,32,1,0,0,1,48743,0,0,1
10,1200,3892586,1,1,0,70,51,50,0,1,0,1,37872,1,0,0
7,2500,3052967,1,1,0,58,40,39,0,0,0,0,48697,1,0,0
1,2500,4097201,0,1,0,74,55,55,0,0,0,0,37137,1,0,0
14,2000,4171244,1,0,0,34,14,14,0,0,0,2,18112,1,0,0
8,2500,3192451,0,0,0,29,7,7,1,0,2,3,8819,1,0,1
18,1200,4129735,1,0,4,18,0,0,0,0,0,0,21313,1,0,1
19,1500,3363550,1,0,3,73,51,50,0,1,1,0,35588,1,1,0
7,1500,3647435,1,0,0,40,18,17,0,1,0,1,54101,0,0,1
18,1500,3590687,0,1,0,24,2,2,0,0,0,0,55672,1,0,1
4,2000,4537618,0,0,1,31,13,13,0,0,0,0,30255,1,0,0
10,1500,1527851,1,0,1,58,36,35,1,0,2,0,11889,1,1,0
14,3000,4456437,0,0,1,61,41,40,0,0,1,2,5993,1,0,0
7,1200,4494363,1,1,1,70,51,50,0,0,0,0,7472,1,1,0
18,2000,4900193,0,0,0,57,36,36,1,0,2,0,26513,1,1,1
7,1500,748567,0,0,0,24,4,4,0,1,0,0,30429,1,0,0
18,1500,1436807,1,0,4,31,12,11,1,0,1,0,59252,0,0,0
17,1200,1264947,1,1,0,51,30,29,0,0,0,3,55262,1,0,0
9,2000,4327163,1,1,3,19,0,0,1,1,0,0,41760,1,0,1
6,2500,2174356,1,0,1,37,17,16,0,0,0,0,20554,0,0,0
8,1000,4769981,0,0,0,34,13,13,0,1,0,0,41003,0,0,1
0,1500,3598716,0,0,0,27,6,5,0,1,0,4,14857,1,0,1
18,1200,3889469,0,0,0,70,49,48,0,0,0,0,51109,1,0,0
4,3000,2253368,0,1,1,22,0,0,0,0,0,2,52920,1,0,1
18,1200,2143152,1,0,1,50,31,30,0,1,0,0,16291,1,0,0
0,1000,3815450,1,0,1,54,35,35,1,1,2,0,34475,1,1,1
14,1200,3163255,0,0,0,53,33,33,0,1,0,0,43618,1,0,1
15,1500,3536773,0,0,0,61,39,39,1,0,0,0,5346,1,0,0
6,800,3374587,0,1,1,63,44,44,0,0,0,3,59084,1,0,0
11,1500,3320093,0,0,4,28,8,7,0,1,0,0,8253,0,0,1
7,2500,1160717,1,1,4,38,19,18,0,1,1,2,32446,1,0,0
4,2000,3140397,1,0,1,21,3,3,1,0,0,4,16250,1,1,1
9,800,2885193,0,0,0,42,20,19,0,0,0,3,5590,1,0,0
4,3000,3320571,1,1,0,58,40,40,2,0,0,3,5468,1,0,0
16,1500,3198287,0,0,0,52,33,32,1,0,0,0,12699,1,1,0
4,1000,3402691,1,1,1,52,33,33,2,1,0,0,46105,1,0,1
14,800,4646854,1,1,1,52,34,34,0,1,0,0,6592,0,0,0
12,1000,1570767,1,1,1,56,34,33,0,1,1,1,7967,1,0,0
0,2000,4077793,0,0,2,50,30,29,0,0,0,1,18462,0,0,0
10,800,3744998,0,0,0,30,9,8,0,0,0,0,51574,0,1,0
0,1000,4719604,1,1,4,21,3,3,0,1,0,0,50285,1,0,1
10,2000,2848616,1,1,0,74,52,52,1,0,3,0,17208,1,1,0
17,1500,1643627,1,0,0,61,39,39,0,0,0,1,8432,1,0,0
17,2000,2404796,1,0,2,57,36,36,0,1,0,0,39332,1,0,0
15,1500,596727,1,1,4,68,48,47,1,1,0,4,22428,1,0,0
12,800,3500288,1,0,1,73,53,53,0,0,1,0,5773,1,0,0
6,2000,1844397,1,0,2,55,36,36,0,0,0,0,35974,0,0,0
0,1000,2281265,1,0,3,59,40,40,2,1,1,0,51889,0,0,0
15,1500,3027029,1,0,1,62,44,44,0,0,1,0,47633,1,0,0
0,1500,703662,1,0,1,47,27,27,1,1,1,2,42082,1,0,0
16,1000,3355960,1,1,0,44,26,26,0,0,2,2,41977,1,0,0
5,3000,3541101,1,1,0,52,33,33,0,0,1,0,37517,1,0,0
1,1200,351746,0,1,1,45,27,26,1,1,2,0,47082,1,0,0
16,800,3512651,1,0,1,58,37,36,0,1,1,0,58838,1,0,0
5,2500,1819537,0,0,0,59,41,41,0,0,0,0,33271,1,0,0
13,1500,3835182,1,0,0,62,43,42,0,0,1,2,41360,1,1,0
17,1500,347114,0,0,4,65,46,45,1,1,1,3,17759,1,1,0
5,1500,3019127,0,0,1,72,51,51,1,0,0,0,35434,0,0,0
9,2000,1399850,1,0,4,25,4,3,1,0,2,2,18432,1,0,0
17,800,4251538,0,0,3,43,23,22,0,0,1,0,9953,1,0,1
8,1200,4747120,1,0,1,60,39,38,0,0,2,0,10512,1,0,0
7,1200,4763996,1,0,0,51,30,29,1,0,0,0,5000,1,1,0
9,800,3170100,1,1,0,68,48,48,0,0,1,0,46159,0,0,0
16,1500,557870,1,1,0,46,25,25,0,0,1,1,41104,1,1,0
5,1200,3008341,1,1,1,72,50,50,0,1,0,0,36763,0,0,0
13,1200,2125401,1,1,0,19,0,0,0,0,1,1,44283,1,1,0
5,800,3336187,1,0,2,23,1,1,1,0,1,0,21466,1,0,1
6,1500,1267051,0,1,1,65,44,44,0,0,0,2,5013,1,0,0
11,2000,345738,1,1,0,33,14,14,0,0,1,4,56199,0,0,0
2,1200,3686743,1,0,1,24,5,4,0,1,0,3,15226,0,0,1
13,1500,1756548,1,1,0,28,8,8,0,0,0,2,31501,1,0,0
18,1000,3145911,1,0,0,33,14,14,0,0,3,0,54899,1,1,0
15,1500,4635422,1,0,0,23,4,4,1,1,0,1,14269,1,0,1
6,800,2696252,1,0,0,54,34,33,0,0,1,1,27713,1,0,0
7,1200,3721758,1,1,2,26,4,4,4,1,2,2,36506,1,0,1
17,1500,2763949,1,0,1,20,0,0,2,0,1,0,8708,1,0,1
12,2500,470020,0,0,1,70,51,50,1,0,0,0,37755,1,1,0
8,1200,1092594,1,0,1,46,27,27,1,2,3,0,54206,1,0,1
9,2000,4875263,1,0,1,70,50,49,0,1,0,0,40633,1,2,1
8,1500,1459156,1,1,1,25,4,4,0,1,0,0,51971,0,0,0
14,2500,619627,0,1,2,57,38,38,1,0,1,3,43054,1,1,0
19,1200,1911321,0,1,0,34,15,14,1,0,0,2,49949,0,1,1
1,1200,1957804,1,0,2,55,35,34,1,0,1,1,33689,1,0,0
12,2000,3989692,1,0,1,61,42,41,1,1,0,2,36988,1,0,0
1,800,896721,1,0,0,23,2,2,1,0,0,2,37446,0,1,1
18,1000,4876474,1,0,1,64,43,43,1,0,0,2,28083,1,0,1
1,800,4889084,0,0,2,28,8,7,2,0,0,3,29378,0,0,1
2,2000,1856430,0,0,2,27,9,9,0,0,0,2,52080,1,0,0
5,800,576363,1,0,0,19,0,0,0,0,0,3,43976,1,1,0
2,2000,1561625,1,0,0,70,49,48,0,1,0,0,22392,1,0,0
9,1200,4907400,0,0,0,46,25,25,0,0,0,0,2961,0,0,0
5,800,4155382,0,0,0,23,1,0,1,0,2,0,54238,1,1,1
15,1200,1312633,0,1,0,68,48,47,0,2,1,0,19739,0,0,0
16,1000,1908766,1,0,0,66,47,47,0,0,0,1,4567,1,0,0
18,1500,514579,0,1,0,26,6,6,0,0,0,0,59128,1,0,0
2,1500,3454697,1,1,0,19,1,0,0,1,1,0,9013,1,0,0
17,1200,4032821,1,1,2,21,3,2,1,0,0,3,32801,0,0,1
6,800,355818,0,0,0,74,52,51,0,1,2,0,58588,1,0,0
8,1500,756667,0,0,1,58,40,40,1,1,0,4,26410,0,0,0
19,2000,1064404,1,0,1,57,39,38,0,0,0,3,38763,1,0,0
11,1500,3014495,0,1,2,47,25,24,0,0,0,1,18514,0,0,0
4,2000,2520591,0,1,0,21,0,0,0,0,0,2,23675,1,0,0
2,1000,4432111,1,0,0,18,0,0,1,0,1,1,35629,1,1,1
10,2000,1466765,0,0,3,60,38,38,0,1,0,1,58792,0,0,0
3,1200,4106195,1,0,2,28,6,5,0,1,1,1,56682,1,0,1
4,800,3286216,0,0,1,24,3,2,1,0,1,0,21123,0,1,1
0,2000,1910287,1,1,0,35,16,15,0,0,3,3,6476,1,1,0
17,2500,4616612,1,0,0,25,3,2,0,1,3,3,28085,1,0,1
11,1500,3553144,0,0,0,47,28,27,0,1,0,0,21569,1,0,0
12,1000,4861756,1,0,0,32,14,14,0,0,0,0,16391,1,0,0
8,1200,1775802,1,0,0,27,6,5,1,1,0,0,44954,1,0,0
1,1200,651079,0,0,0,63,41,41,0,0,2,0,48303,1,0,0
4,2000,4751876,0,0,0,19,0,0,1,0,0,0,31830,0,0,1
12,1000,1613381,1,0,1,59,39,39,0,1,0,1,27800,1,0,0
15,2000,2070012,1,1,1,68,49,48,0,0,0,0,51510,1,0,0
15,1200,2812697,0,0,0,32,10,9,0,0,0,1,19693,0,0,0
2,2000,3108572,1,0,4,39,20,20,0,0,1,1,42689,1,0,0
3,2500,549246,1,1,1,69,50,50,1,0,0,3,39793,1,0,0
10,1200,4435933,1,0,0,51,31,30,0,0,0,0,24466,0,0,0
13,1200,2776227,0,0,0,66,47,47,1,1,0,3,8442,0,0,0
2,2000,786370,1,0,0,20,2,1,0,0,1,1,4093,1,0,0
15,1500,4012296,0,0,1,21,2,2,0,0,0,0,20030,1,0,1
14,1500,1531793,0,0,0,42,22,21,0,0,0,0,41644,0,0,0
9,1500,1461608,1,0,0,74,54,53,0,1,0,4,45779,1,0,0
8,1000,307645,1,0,0,22,0,0,1,0,0,4,21577,1,0,0
10,2000,1975322,1,1,1,29,11,11,0,0,1,1,11815,1,0,0
15,1000,3968077,1,0,0,70,51,50,1,0,0,1,33405,1,0,0
9,2500,4857417,1,1,1,72,52,51,0,0,1,0,52332,1,0,0
16,1200,3889852,0,1,0,41,21,20,1,1,1,0,34145,1,0,1
18,1500,2508527,1,1,0,36,17,17,0,0,3,0,46460,1,0,0
1,1200,1706328,0,1,0,49,30,29,0,0,1,0,36982,1,0,0
1,1200,3401727,0,0,0,29,7,7,0,1,0,2,35424,1,0,0
5,1200,2494008,1,0,1,54,32,32,0,0,0,0,18678,0,0,0
18,1500,786315,1,1,0,72,54,53,0,0,0,0,53508,1,0,0
7,1500,1564146,0,0,0,64,42,42,0,1,2,0,59218,0,0,0
2,2000,1048785,0,0,0,44,22,21,1,0,1,1,58014,1,0,0
13,1200,3790378,0,0,0,35,14,13,0,0,0,0,5529,1,0,0
15,1500,2609701,1,0,0,42,23,23,0,1,0,2,14657,1,0,0
0,2000,3181106,0,0,0,68,46,45,0,0,0,0,36969,1,0,0
2,1000,2491716,1,0,0,40,19,19,0,1,0,4,40375,1,0,0
17,1200,595596,1,1,0,74,53,52,1,0,0,0,42014,1,1,0
8,1200,4451194,1,0,3,74,52,52,0,0,0,0,29811,1,0,0
5,1200,1089700,1,1,3,20,0,0,0,1,0,0,46811,1,0,0
0,1200,2490754,0,0,0,19,0,0,1,0,0,3,20075,1,0,1
9,1500,1382640,1,0,1,28,6,6,0,0,0,0,41249,1,0,0
5,1000,989653,0,0,4,63,44,44,0,0,0,0,54729,1,0,0
11,1500,4013058,0,1,1,70,50,49,0,0,2,0,33219,1,0,0
3,2500,3584592,0,1,2,54,36,36,0,0,1,0,23378,1,1,0
12,1500,478893,1,0,2,47,25,25,1,1,0,0,51561,0,0,0
16,1500,4501724,0,0,4,30,8,7,0,0,0,0,49097,1,0,1
7,800,2042457,1,1,0,57,38,38,0,0,0,4,27498,1,0,0
19,2000,1279455,1,0,0,23,5,5,0,0,1,0,46656,1,1,0
2,1200,3166360,0,0,0,29,8,8,1,0,2,4,18062,0,0,1
11,1500,2158026,1,0,1,56,36,36,1,0,0,0,30815,0,1,0
6,3000,3508804,1,1,1,60,42,42,0,0,0,0,9480,0,0,0
11,1500,3975124,0,0,0,25,3,3,0,0,0,0,34429,1,0,1
1,1500,4302943,1,0,0,26,5,5,0,0,0,0,4131,1,0,0
13,1200,1234511,1,0,1,21,2,2,1,1,1,1,32554,1,0,1
4,800,1549452,1,1,0,54,32,32,0,0,1,2,7266,1,0,0
8,2000,3936342,1,0,1,53,34,34,0,0,0,0,31435,1,0,0
10,800,3150506,0,1,1,49,29,29,0,1,0,0,27603,1,0,0
4,1500,1758936,1,1,0,74,55,55,0,2,0,3,50166,1,0,0
2,800,3705559,0,0,0,29,11,10,0,0,1,0,12473,0,0,0
16,2000,3931426,0,0,3,35,17,17,0,2,1,0,45568,1,0,1
1,1000,885240,0,1,0,48,28,27,0,1,0,1,10166,0,0,0
0,1500,1750960,0,0,2,64,44,44,0,0,0,0,51266,0,0,0
6,1500,953421,1,0,2,57,37,37,1,0,0,3,32906,0,0,0
13,1200,1360441,1,1,1,60,42,42,2,1,0,0,10932,1,1,0
4,1200,3464664,1,1,1,63,41,40,2,1,3,0,30409,1,1,1
18,1200,3430826,1,0,0,56,38,37,0,0,0,0,4592,1,0,0
10,1200,2678435,1,0,2,46,27,27,1,0,0,0,12688,1,0,0
1,1200,3622072,0,0,0,65,45,45,0,0,1,0,55820,1,1,0
7,1200,3316396,0,1,1,72,51,50,0,0,0,0,59921,1,0,0
8,1500,1563692,1,1,0,57,39,38,0,0,1,1,36222,1,0,0
2,1000,358788,1,0,4,46,25,24,0,1,0,3,10376,1,0,0
1,3000,331611,1,1,4,44,22,22,2,0,0,0,28347,0,0,0
6,1500,3123339,0,1,1,28,10,9,0,0,0,1,8815,1,0,0
4,1000,986469,0,0,0,50,28,28,0,0,0,0,43657,0,1,0
4,1200,2140255,1,0,0,66,44,44,0,0,1,0,46717,0,0,0
19,2000,3106133,0,0,1,56,38,37,1,1,0,1,29480,1,1,1
12,800,2897517,1,1,1,35,17,17,0,1,1,3,50115,1,0,1
19,1500,2287463,1,0,1,61,39,38,1,0,0,0,14901,1,0,0
5,1500,3424693,1,1,1,37,17,16,0,0,2,1,38791,1,1,0
19,1000,1636039,0,0,2,45,27,27,1,0,1,2,47948,0,0,1
17,2000,3008286,1,0,0,39,17,17,0,0,2,1,59264,1,0,0
1,1200,3226105,1,0,3,49,30,30,0,0,1,0,58161,0,0,0
5,1200,2724073,1,1,0,38,17,17,1,0,2,4,39554,1,0,0
8,2000,2540361,1,0,0,54,35,34,0,0,0,0,47901,1,0,0
2,1500,998996,0,0,1,44,26,26,0,0,0,0,53948,1,0,0
0,2000,4902425,1,0,3,55,37,36,1,0,1,1,57202,1,0,1
0,1500,758182,0,1,1,43,25,24,0,0,0,0,31737,1,0,0
18,1500,2152710,1,0,1,40,22,21,0,0,1,0,28278,1,0,0
4,2000,2196079,1,0,2,51,32,32,1,1,0,0,48589,1,0,0
12,800,4739919,1,0,3,29,9,9,1,0,3,0,4533,1,0,1
18,2000,4633874,1,0,4,28,6,5,0,0,0,0,21118,1,0,0
11,1500,377710,1,0,0,53,31,31,0,1,0,4,54766,1,1,0
15,800,1407032,1,1,1,49,27,26,0,0,0,0,9414,1,0,0
18,1500,928568,0,0,2,56,35,35,0,0,0,0,43871,1,1,0
2,800,3306809,0,1,1,54,36,36,0,0,0,0,27832,1,0,0
11,1500,3973927,0,0,1,60,41,40,0,1,0,0,4617,1,0,0
4,1500,4674481,1,0,1,33,14,13,2,0,2,2,49201,1,0,1
1,2500,373876,1,0,0,59,40,39,0,0,0,0,49958,1,0,0
6,1000,2330402,1,0,0,48,28,27,0,1,1,1,2628,1,0,0
12,1500,2564896,0,1,0,58,40,40,1,1,0,0,43489,1,0,0
14,1000,497311,0,1,1,23,1,1,0,0,2,0,58841,1,0,0
2,1500,2894142,0,0,0,30,8,7,0,0,0,0,10072,1,0,0
19,1500,4762888,1,0,3,53,35,35,1,1,2,3,57284,0,0,1
4,1500,2101409,1,1,0,28,6,5,0,0,1,0,54861,0,0,0
7,2000,2540954,1,0,0,28,6,5,0,0,0,0,26880,1,0,0
0,2000,4091273,1,0,4,65,47,47,1,1,0,2,56036,1,0,0
7,800,1489797,1,0,1,37,18,18,0,0,0,2,10210,1,0,0
17,1200,660039,1,0,0,46,25,24,0,1,0,0,38554,1,0,0
19,1500,540416,1,1,3,36,18,18,0,0,0,2,57942,1,0,0
15,1200,3052755,1,1,1,47,25,24,0,0,2,1,48207,0,1,0
17,1000,4627790,1,0,1,23,1,0,0,1,1,0,44115,1,0,1
19,1500,434928,0,1,3,73,52,52,0,0,0,4,23585,1,0,0
11,1200,896087,1,0,0,34,13,12,0,0,0,2,3581,1,0,0
12,1200,4968855,1,1,0,35,14,13,0,0,0,1,26592,1,0,1
12,2000,3044066,0,0,2,53,35,34,1,0,0,3,13291,1,0,0
9,1200,982742,0,0,0,72,53,53,0,0,0,4,53739,1,0,0
6,800,4986965,1,1,4,35,14,14,0,1,0,1,34616,1,0,0
13,800,2335742,0,1,0,60,40,39,0,0,0,1,8787,1,0,0
15,2000,2744240,1,1,0,29,10,9,0,0,1,0,49051,1,0,0
14,2500,2870767,1,0,0,59,38,37,0,1,0,0,55210,1,0,0
11,1500,3075903,1,1,1,73,51,50,0,0,0,0,48173,1,0,0
8,1200,2386767,1,0,0,20,2,1,0,1,1,0,6851,1,0,0
7,2500,1832999,0,1,0,64,42,41,0,0,0,0,45011,1,1,0
17,1500,1190560,1,1,4,35,13,12,0,0,0,0,30132,0,0,0
17,2000,1360673,1,0,3,33,15,15,0,1,0,0,49982,1,0,0
12,2000,449911,0,0,0,56,37,37,1,1,0,4,17242,1,0,0
17,1200,4997939,1,1,1,60,38,38,0,0,1,1,10896,1,0,0
14,1200,4708686,0,0,1,45,26,26,0,0,1,0,26057,0,0,0
3,1000,2172701,1,0,3,59,41,41,0,0,1,0,49920,1,0,0
16,1200,614132,1,0,1,26,5,5,0,0,1,3,47018,1,0,0
4,2000,4544073,1,0,2,37,15,15,0,0,2,1,33651,1,0,0
15,2000,2000130,0,0,4,35,13,13,1,0,1,3,52538,1,0,1
8,1500,1754260,0,0,1,42,24,24,2,0,2,1,37385,1,0,1
9,1200,994385,1,0,0,38,20,19,1,0,1,3,46941,0,1,0
17,800,1476813,1,0,1,62,41,41,0,0,0,0,20518,0,0,0
16,800,2793533,0,0,3,43,25,25,1,0,0,3,51753,1,1,0
17,1200,2605130,0,0,1,40,20,19,0,1,0,0,29726,1,0,0
6,1200,1391827,1,1,3,27,7,6,0,0,0,1,41870,1,1,0
3,1500,1658246,1,0,3,70,52,51,0,0,0,0,3538,0,0,0
4,800,4339702,0,1,0,61,40,40,0,0,0,0,24174,1,0,0
15,3000,535368,1,1,0,30,10,10,0,1,0,2,47675,1,0,0
2,1200,3998958,0,0,1,70,48,47,1,0,0,1,20609,1,0,0
17,2000,2966457,1,0,0,71,50,50,0,0,0,2,15536,1,0,0
13,1500,3506283,0,1,1,54,36,36,0,1,0,0,37518,1,1,0
14,1000,2267487,1,0,0,73,53,53,0,2,2,0,41706,1,1,1
16,2000,4951601,0,0,2,29,8,7,0,0,1,4,28648,1,0,1
0,1500,325976,0,0,4,53,31,31,0,0,0,2,18358,1,0,0
16,1500,1390545,0,0,0,20,2,2,0,0,2,0,38431,1,1,0
10,1500,2828693,0,0,1,31,12,11,0,0,2,2,16981,1,2,1
16,800,3985531,0,0,1,52,32,31,1,0,0,0,20057,0,0,0
13,1500,3391986,0,0,1,51,29,29,1,2,0,0,28366,1,0,1
19,2500,4368932,1,1,1,57,36,36,1,0,0,3,49641,0,1,1
18,800,1422239,1,1,0,46,26,26,0,1,1,0,32100,1,0,0
6,1200,3236963,0,0,0,47,27,27,0,0,1,4,4943,0,0,0
12,2500,4783839,0,0,0,24,6,5,0,0,1,0,15289,1,0,1
17,1200,3439280,1,1,4,71,49,49,0,0,1,3,15333,1,1,0
13,1500,2726377,0,0,1,19,0,0,1,1,0,0,16254,1,0,1
0,1500,3141739,1,0,4,35,15,14,0,0,1,0,12056,0,0,0
6,1500,2479206,1,1,0,43,21,21,0,0,0,0,36215,0,0,0
7,1200,3114718,0,1,1,34,13,13,0,0,1,0,39422,0,0,1
17,1200,2456637,0,0,1,63,45,45,1,0,1,0,23714,0,0,0
8,800,1891020,0,0,1,29,9,9,0,0,0,0,57205,0,0,0
0,1500,4587403,0,0,0,67,45,44,0,0,0,3,43243,0,0,1
16,1500,2045515,1,0,0,74,55,55,1,0,1,3,27804,0,1,0
18,1500,3649061,1,0,0,49,28,27,0,0,0,0,52483,1,2,0
5,1500,3139730,0,0,2,66,48,47,0,1,0,0,52646,1,0,0
2,1000,4325423,1,0,1,46,27,27,1,2,1,1,49324,1,0,1
4,800,555329,1,0,0,65,44,44,1,0,1,1,57307,1,0,0
1,2000,4337278,0,0,0,27,7,6,0,0,0,0,35687,1,0,1
19,1200,1407811,0,1,0,53,35,35,0,0,0,3,51175,1,0,0
3,1200,3265305,0,1,1,19,0,0,0,0,0,0,24468,0,0,0
9,1000,3875684,0,1,1,54,33,32,0,2,0,0,16204,1,1,0
9,800,1529202,1,0,4,31,10,10,1,0,0,0,40764,1,0,0
10,1200,3059711,1,0,1,27,6,5,1,0,0,0,59480,1,0,0
15,2000,3877976,0,1,0,57,38,37,1,0,1,1,39216,1,0,0
16,2500,3082947,0,0,0,18,0,0,0,0,1,0,28018,1,0,0
15,2000,4131208,1,0,0,58,38,37,1,0,0,3,40674,1,0,0
6,2500,2076091,1,0,0,72,54,54,0,1,0,0,28075,1,0,0
15,2500,302607,0,0,1,38,19,18,0,0,0,0,37968,0,0,0
2,1500,4909546,1,1,0,22,4,3,0,0,0,0,31104,0,1,0
15,1000,4773621,0,0,1,26,7,7,0,0,1,1,38458,1,0,0
7,2000,2955702,1,0,1,26,7,7,0,0,0,0,34167,1,0,0
11,1000,4415135,1,0,0,35,16,15,0,0,3,3,6325,0,0,1
2,1200,2390507,0,1,0,73,54,53,0,0,2,0,54604,1,0,0
16,1000,4017172,1,0,1,22,1,0,0,1,0,0,4365,1,0,1
17,1500,503318,1,1,3,33,15,14,0,1,1,3,21658,0,0,0
10,1200,4593428,0,0,0,51,29,29,0,1,0,0,19300,1,0,1
3,1000,550898,0,1,1,74,55,54,0,0,0,1,51030,1,0,0
15,1200,690999,1,0,1,21,2,1,0,1,1,0,44368,0,0,0
16,2000,3376957,1,0,1,38,20,20,0,0,2,0,41155,1,0,0
8,1500,679201,1,1,1,72,51,50,0,2,0,0,30912,1,1,0
5,2000,364314,0,1,3,67,47,47,1,0,0,3,43236,1,1,0
19,1000,1762241,1,1,0,54,35,35,0,1,0,3,51158,0,0,0
1,1000,2752538,1,0,0,57,36,35,1,0,0,0,7685,1,0,0
8,1500,4610455,1,0,1,61,40,39,0,1,1,0,5646,1,1,0
5,1200,2775891,1,0,2,31,9,9,0,0,0,0,59290,1,0,0
2,1500,802777,1,0,0,44,25,24,1,0,0,0,35587,1,0,0
19,2000,1622557,1,0,1,66,45,44,0,0,0,0,48805,1,1,0
5,2000,2115278,0,0,0,29,7,7,0,0,1,0,27229,1,0,0
6,2500,4143364,0,1,3,44,23,23,0,0,0,0,21813,0,0,0
0,1200,3691669,1,0,1,73,51,50,0,1,0,0,33745,1,0,0
0,1000,4598608,0,0,0,51,29,29,0,1,1,0,25699,0,0,0
4,1500,2069101,0,0,1,21,0,0,0,0,0,0,13843,1,0,0
5,1000,2720840,1,0,1,60,39,39,0,1,0,0,38829,0,0,0
12,1200,3833406,1,1,0,61,41,41,1,0,0,0,8501,0,0,0
1,1000,2490558,1,0,3,68,50,49,0,0,0,0,48761,0,0,0
14,1200,2742205,0,1,0,19,0,0,0,0,0,2,36075,1,0,1
14,1000,3802563,0,1,1,59,40,40,0,1,1,4,4196,1,0,0
12,800,4995741,0,1,1,59,41,41,0,0,0,2,34124,1,0,0
13,1500,4484192,0,1,2,49,29,28,0,1,1,0,14171,0,0,0
6,1500,4345118,0,0,0,19,1,1,0,1,0,2,40240,1,0,1
13,1500,1185442,0,0,1,39,21,20,1,0,3,0,30598,1,0,0
9,1500,3468764,0,0,0,36,16,15,0,0,1,0,46802,1,0,0
16,1000,1999859,1,0,2,43,24,23,0,0,1,0,34122,0,0,0
13,1200,2724618,1,1,0,37,15,15,0,0,1,0,39474,1,1,0
7,1000,779466,0,1,1,53,32,31,0,0,0,4,58210,1,2,0
3,2000,4769341,0,0,1,35,16,15,0,0,1,0,23632,1,0,0
15,1500,2895268,1,0,0,69,50,49,0,0,1,4,28720,1,0,0
12,1000,1176396,0,0,0,67,45,44,0,0,2,0,21943,1,0,0
19,1200,4868690,0,0,0,31,12,12,0,0,0,4,7085,0,0,1
17,2500,4142470,0,0,3,37,18,18,0,0,0,1,7632,1,0,0
13,1500,2581929,1,1,1,62,44,44,1,1,0,0,46035,1,0,0
17,2000,2472794,0,1,4,41,23,23,0,0,1,3,6862,1,0,0
4,1200,818697,1,0,0,64,44,44,0,0,0,0,21691,1,0,0
8,1000,4711306,1,0,0,64,44,44,0,0,0,3,6099,1,0,0
2,2000,1691704,0,0,4,74,54,54,0,1,0,0,59674,0,0,0
7,1500,501254,0,0,1,48,27,26,1,0,0,0,41674,1,0,0
19,1500,2017644,1,1,1,69,47,47,1,1,1,1,43066,1,0,0
9,1500,3629702,0,0,4,53,32,32,0,0,0,2,24415,0,0,0
18,1500,2899951,1,0,4,32,11,11,1,0,2,0,37920,1,0,1
2,1500,3882696,0,1,0,63,43,42,1,0,0,0,33656,0,0,0
10,1200,4382875,0,0,0,24,2,2,0,0,0,0,9713,1,1,1
10,1200,1957295,1,0,0,66,45,45,1,0,0,4,49591,0,1,0
16,2000,4138490,1,1,2,40,22,22,0,0,3,4,18128,1,0,1
15,1200,4379736,0,1,0,46,25,25,0,2,1,3,22031,1,1,1
6,1500,1617488,1,0,1,58,40,39,0,0,1,0,54371,1,0,0
3,1500,2864411,1,0,3,21,0,0,1,0,0,2,28902,1,0,1
18,3000,451519,1,0,1,48,26,26,0,0,1,4,7063,1,0,0
11,1200,3937701,1,0,0,35,17,16,0,1,0,3,31453,1,0,1
14,1200,843406,0,0,0,62,44,44,0,0,1,0,10486,1,0,0
10,2000,687695,1,1,0,48,28,28,0,0,1,0,24985,1,0,0
4,2000,739815,0,1,1,64,46,46,2,0,0,3,27713,1,0,0
4,1500,2070430,1,0,0,53,32,32,0,0,0,3,37879,1,0,0
14,1200,4195942,0,0,0,35,14,13,0,0,0,0,44952,0,0,0
17,1200,923354,0,0,2,27,7,7,0,0,0,0,30589,1,1,0
10,1500,1407280,1,0,4,24,5,5,0,0,0,4,26483,1,0,0
11,2000,4809935,0,1,4,55,37,36,1,0,1,1,52900,0,0,1
1,2000,4345533,1,0,0,62,44,44,0,0,0,0,36984,0,0,0
19,1000,3098977,0,0,2,45,27,26,1,1,0,0,16266,1,1,1
14,1200,3927384,0,1,1,35,14,14,0,1,0,0,48863,1,0,1
19,1200,318435,0,0,2,48,26,26,0,0,0,1,32678,1,0,0
3,3000,3159204,0,0,2,71,49,48,0,1,0,0,9038,0,0,0
17,1500,1805668,1,0,4,26,4,3,0,1,0,3,4338,0,0,0
5,1200,4190815,1,0,0,60,40,39,0,0,1,0,36716,0,0,0
18,800,3911226,1,0,1,33,13,13,0,1,3,0,54795,1,0,1
10,1500,3736356,0,1,1,57,36,36,0,2,0,2,44066,1,0,0
1,800,2829026,0,0,0,42,20,20,1,1,1,0,44206,0,0,1
7,2000,1223557,1,1,0,54,35,34,0,0,0,0,42862,1,0,0
10,2000,4883517,1,0,0,47,29,29,0,0,0,0,25696,0,0,0
4,1200,3396711,1,1,4,64,42,41,1,0,0,0,9321,1,0,0
17,1200,4885996,1,1,3,19,0,0,0,0,0,0,33348,0,0,0
17,2000,748467,1,0,1,22,4,3,0,0,1,1,33632,1,0,0
13,1200,1482193,0,0,1,59,41,40,0,0,0,1,23435,1,0,0
9,1000,3704977,0,0,0,47,27,26,0,0,0,0,32412,1,0,0
2,2500,2083919,0,1,1,36,17,17,1,0,0,4,20114,1,0,0
8,2000,3192144,0,0,0,31,9,8,0,0,0,0,58337,1,0,0
2,2000,959022,0,0,1,44,22,22,0,0,0,1,48969,1,0,0
10,1000,3821913,0,1,3,47,26,26,0,0,0,0,48004,1,0,1
11,1000,1033951,1,0,1,62,43,42,1,0,1,2,52363,1,0,0
11,800,2174505,1,0,1,31,13,13,0,0,0,3,44413,1,0,0
2,1000,4294272,1,0,0,48,28,28,1,0,0,0,59781,1,2,1
6,2000,4302504,0,0,0,53,32,31,0,0,0,2,25396,1,0,0
13,1000,2143056,0,1,1,56,36,36,0,0,0,0,45228,1,0,0
10,1500,2010456,0,1,0,67,49,49,1,0,1,0,48299,1,0,0
6,1200,2164484,0,1,0,47,29,29,0,0,0,0,34409,1,0,0
9,1200,550565,1,0,0,55,35,34,0,0,0,0,52978,1,0,0
10,3000,339887,0,0,1,64,43,42,0,1,1,0,44679,0,0,0
14,1000,514089,0,1,0,28,10,9,0,1,0,1,47529,1,0,0
18,1200,4968429,0,0,1,34,12,11,0,0,1,0,20402,0,0,1
15,1200,541731,0,0,1,27,5,5,0,0,1,0,26226,0,0,0
19,1000,2458207,0,0,0,33,11,10,0,0,1,0,7596,1,1,0
11,1200,3601666,1,0,0,68,47,46,0,0,0,1,22612,1,0,0
17,1200,2048585,1,1,2,28,7,6,0,1,0,1,55596,1,1,0
12,1500,3848110,0,0,1,56,37,37,0,0,0,0,26370,0,0,0
4,2000,2493431,0,1,0,45,26,25,0,1,0,0,6696,0,0,0
3,1500,4707710,1,1,0,38,16,15,0,0,1,2,13679,1,0,0
13,800,3588769,0,0,0,45,25,25,0,1,0,0,47522,1,0,0
7,1500,1007240,0,1,0,73,53,53,1,0,0,0,54852,1,0,0
8,800,1421315,1,0,1,72,50,49,1,0,1,0,19957,0,1,0
18,1500,625732,1,0,0,40,21,20,1,0,0,0,36910,0,0,0
2,1500,1746433,1,1,1,63,42,42,1,0,0,0,42575,1,1,0
4,1000,2345990,1,0,0,18,0,0,0,0,1,0,55833,0,0,1
17,2000,1625266,1,0,0,66,45,44,0,0,1,4,51492,1,0,0
0,2500,2280182,1,0,0,71,49,49,0,0,1,1,45128,0,0,0
7,2000,1709615,1,0,0,30,9,8,0,0,0,0,32151,1,0,0
18,1200,1840845,0,0,3,25,5,5,0,0,1,2,24055,0,1,0
16,1500,3808395,0,0,0,36,17,17,0,0,1,0,15765,1,1,1
16,2500,3325978,0,0,4,41,21,21,0,1,0,0,44950,1,0,0
10,1200,2638201,1,1,4,57,39,39,0,0,0,0,24045,1,0,0
1,2000,3290613,0,0,1,66,45,45,0,0,0,0,22972,1,0,0
5,800,681292,0,0,1,54,33,33,2,0,1,0,20482,1,1,1
13,800,1580522,0,0,4,42,21,21,0,0,0,1,18491,1,0,0
2,2000,1676520,1,1,0,60,38,37,0,0,0,0,42087,1,0,0
11,2000,2806393,0,0,0,43,21,20,0,0,1,0,26583,1,0,0
3,2000,2246661,0,1,0,63,43,42,1,1,1,1,34263,1,1,0
11,2500,4086738,1,1,1,59,40,39,1,1,1,1,48779,1,0,1
12,1000,3825762,1,0,0,44,26,26,0,0,1,1,15726,1,0,0
1,1000,1586525,0,0,4,49,30,30,1,0,0,2,33020,1,1,0
1,2500,2111598,1,0,0,61,42,41,1,0,1,1,18446,1,1,0
14,1000,1283428,1,1,4,20,2,2,0,0,1,4,17720,1,0,0
16,1500,1207317,1,0,0,58,36,36,1,1,1,1,39955,1,0,0
6,1500,2202615,0,0,1,60,39,39,0,1,0,3,4019,1,0,0
13,800,2707032,0,1,1,26,4,4,0,1,0,4,16572,1,0,0
11,1200,3213238,0,1,0,18,0,0,0,1,0,0,40529,0,0,1
16,1500,2736681,0,1,3,35,14,13,0,0,1,1,18232,1,0,0
13,2000,4939928,1,1,0,20,0,0,0,0,0,1,38629,1,0,1
5,1500,3662739,0,0,0,31,12,12,0,0,1,3,50290,1,0,0
18,1500,4632006,1,0,4,49,28,27,0,0,1,0,21454,1,1,1
5,1200,3099999,0,0,0,21,0,0,0,1,1,0,56566,0,0,1
17,1200,3776267,1,0,0,54,35,34,1,1,1,0,50479,1,0,1
4,1000,1797763,1,1,0,38,20,20,0,0,0,2,37896,1,1,0
5,1200,4562961,1,0,1,59,38,38,1,1,1,0,56340,1,0,1
1,800,4306812,0,1,1,44,25,25,0,0,1,4,43024,1,0,1
7,1000,426162,0,1,1,22,1,1,2,0,0,1,50542,1,1,1
14,1200,2688940,1,0,1,20,1,0,1,0,0,0,14633,1,1,1
14,1200,782831,1,0,0,39,21,21,0,0,0,3,43433,0,0,0
10,800,3932807,0,0,0,37,16,15,0,0,0,3,39462,1,1,1
0,1500,2893146,0,0,1,58,36,36,1,0,0,0,9400,0,0,0
17,1500,1534217,1,1,1,61,42,41,0,0,0,0,33504,1,1,0
11,800,348519,1,0,0,19,1,1,0,1,1,0,49330,1,0,0
11,2500,1377727,1,0,0,60,39,38,1,0,2,0,51618,1,0,0
10,800,2711065,0,0,4,18,0,0,0,0,1,1,57404,1,0,1
7,2000,2285963,1,0,3,40,22,22,2,0,0,0,24466,1,0,0
6,800,1044275,1,0,1,65,44,44,0,0,0,0,25663,1,0,0
1,2000,324265,1,1,0,42,21,21,0,0,0,1,30380,1,0,0
10,800,4809192,0,1,1,43,24,23,1,1,0,4,43146,1,0,1
9,2000,585800,0,1,0,74,52,51,0,0,0,0,25128,0,0,0
2,1200,1882168,0,0,1,20,2,1,2,0,1,3,27051,1,0,1
19,1500,648760,0,0,1,48,27,27,1,0,0,3,37484,1,0,0
9,1200,2999421,0,1,1,44,26,25,0,1,1,1,10618,1,0,0
17,800,864602,1,1,0,30,11,11,0,0,0,0,19506,1,0,0
13,2000,2157865,0,0,1,64,45,44,3,0,1,1,18496,0,0,0
17,800,2557118,1,1,2,50,31,30,0,0,2,1,56408,0,0,0
7,2500,1072497,0,1,1,42,20,20,1,1,2,1,49881,1,0,0
9,800,2304650,0,0,1,72,52,51,0,0,0,0,7561,0,0,0
12,1200,1545728,0,0,0,73,53,53,0,2,0,2,20895,1,0,0
7,1500,1387996,1,0,1,33,13,13,1,0,0,3,10158,1,0,0
3,1200,421015,0,1,1,64,42,41,0,1,0,1,58398,0,0,0
3,1000,1273714,0,0,0,55,33,32,0,0,0,0,11682,1,0,0
4,2000,2635257,1,0,1,43,25,24,1,0,0,2,15162,1,0,0
0,2000,3512700,0,1,1,71,53,52,0,0,0,0,24509,1,0,0
16,2500,1995639,1,0,1,64,45,45,1,0,0,2,44515,1,0,0
1,1200,617957,0,0,0,69,47,47,1,0,1,1,33413,1,0,0
7,1500,704223,1,0,0,35,15,14,0,0,0,0,39094,1,0,0
6,1200,1507989,1,1,4,34,14,13,1,0,0,1,35653,1,1,0
14,1200,3673350,0,1,0,63,45,44,0,0,0,3,41186,1,0,0
4,2000,3940310,1,1,0,71,52,51,1,0,0,0,48690,1,0,0
1,1200,3649887,1,0,3,42,23,23,0,0,0,0,38586,1,0,0
6,1200,1003791,0,0,0,43,22,22,0,0,2,0,59891,1,1,0
7,1200,2139849,0,1,0,35,13,12,1,0,0,0,57652,1,0,0
6,1500,2306809,1,0,0,66,46,45,0,0,2,0,46857,1,0,0
6,2500,3268231,0,0,4,18,0,0,0,0,0,0,19316,0,1,0
13,1500,4833077,0,0,0,63,45,44,0,1,0,2,42221,1,0,1
17,1200,2454956,0,0,1,24,6,6,0,0,0,3,25889,0,0,0
5,2000,1763376,0,0,1,47,25,25,0,0,0,2,43756,1,0,0
3,1500,811971,1,0,0,50,32,32,0,0,2,0,27833,1,0,0
9,800,1236865,1,1,0,42,24,23,0,0,1,0,11560,0,0,0
17,800,1345886,1,0,0,42,22,22,0,0,2,0,22680,1,0,0
11,800,1166452,1,1,4,44,22,21,0,2,0,0,43763,1,0,0
15,1200,4148959,1,0,2,52,32,31,0,0,0,2,38066,0,0,0
6,2000,4100344,1,0,3,60,40,39,1,0,0,0,20485,0,0,0
5,1200,3689784,0,0,0,35,17,17,1,0,1,0,49264,1,0,0
4,1200,2935541,0,1,0,74,54,53,0,0,1,0,26387,1,0,0
2,2500,2308854,0,1,1,47,25,25,0,0,0,0,44801,0,0,0
11,2000,3154296,1,0,1,31,13,12,0,1,2,0,17896,1,0,1
14,1500,4405933,1,0,1,52,30,30,1,1,2,4,40566,1,0,1
9,1200,1361837,1,0,2,51,32,31,0,0,1,0,38360,1,0,0
19,1000,1492857,1,1,3,37,15,14,0,0,0,3,25926,1,0,0
18,800,1901511,0,1,0,32,10,10,0,0,0,0,54977,1,0,0
15,1000,741049,1,1,1,24,3,2,1,0,1,3,17745,1,0,1
10,1200,849845,1,0,1,30,8,7,0,0,0,0,50167,1,0,0
7,1500,2102470,1,0,1,53,33,33,1,1,0,0,10600,0,0,0
2,800,1343160,1,1,1,57,37,36,0,0,0,0,46709,1,0,0
6,1000,956611,1,1,3,70,52,51,0,0,0,0,20125,1,0,0
6,1000,4002604,1,0,1,51,32,31,1,1,1,0,22434,1,0,0
13,1500,1197422,1,0,0,30,12,11,0,1,0,1,38760,0,0,0
1,1500,4261306,1,1,0,21,0,0,1,0,2,0,31414,1,1,1
9,1500,4987602,1,0,4,30,8,7,0,0,1,0,11776,1,0,0
18,1200,4961108,0,0,2,65,45,44,0,2,0,1,24718,1,1,1
8,1200,4985604,1,0,0,61,39,38,1,0,0,0,13754,1,1,1
15,800,3317503,1,0,1,30,8,8,1,0,2,0,35336,1,1,0
18,1000,1870291,1,0,0,40,20,19,0,0,0,0,54673,1,1,0
17,2000,3007210,1,1,0,46,27,26,0,0,0,0,52676,1,0,0
8,3000,4396620,1,0,1,50,28,28,0,1,0,0,4550,1,0,0
15,1500,4403215,1,0,0,40,19,19,0,0,0,0,57402,1,0,0
12,2500,3340732,1,1,0,20,1,1,1,0,1,0,44626,0,0,1
9,1500,2821120,1,1,1,49,30,30,1,0,0,0,13674,0,0,0
19,800,3725582,0,1,2,72,52,51,0,1,1,3,19640,0,0,0
13,3000,1152089,0,1,1,20,2,2,0,0,0,0,38637,1,0,0
11,800,4413460,1,1,0,29,7,7,0,1,0,0,5810,0,0,1
18,1500,3659902,1,1,0,73,51,51,0,0,3,0,50017,1,0,0
6,1200,1460862,0,1,0,21,3,3,0,0,1,3,17033,1,1,1
14,1200,792314,0,1,0,50,28,27,0,1,1,1,19434,1,0,0
15,1500,539192,0,1,3,49,28,27,0,1,1,1,11276,0,1,0
7,1200,3990671,1,1,1,34,16,16,0,2,2,1,58126,0,0,1
9,1200,701699,1,1,0,69,49,48,0,0,1,2,14159,1,0,0
3,1200,3412880,0,1,0,26,8,7,0,1,2,0,20514,1,0,1
18,1200,3485822,0,1,4,22,3,3,0,0,0,2,16649,1,0,1
18,2500,4666826,1,0,1,38,18,17,0,1,1,4,56005,1,0,1
14,2000,2121432,0,1,1,20,1,0,0,0,0,0,58464,1,0,1
13,1200,2122123,1,0,1,70,50,50,0,0,1,0,19635,1,0,0
0,1000,3080474,1,0,0,56,38,37,0,0,0,0,42084,1,0,0
15,2000,4270914,1,1,4,20,1,1,2,0,2,0,53001,1,0,1
9,1000,2220396,1,0,0,54,34,33,0,0,0,2,49370,1,0,0
18,1000,3910240,0,0,1,61,39,38,0,0,0,1,45281,1,0,0
2,1200,3773898,0,0,0,52,33,33,0,0,1,2,23776,0,1,0
4,2000,1749561,0,0,0,50,29,28,0,0,0,0,7499,1,0,0
8,1000,3077846,1,0,3,71,51,51,1,1,1,2,23389,1,0,1
17,1000,2298829,1,0,1,20,0,0,0,0,1,0,30989,1,0,0
10,1200,2277715,1,1,0,65,43,43,0,1,0,1,51037,1,0,0
15,1200,3772982,1,0,1,35,17,16,0,0,0,3,54072,1,0,1
1,1500,2467957,0,0,0,20,2,2,0,0,1,1,13809,1,0,0
11,1200,2398802,1,1,4,46,27,27,0,0,0,0,57167,0,0,0
5,1200,574611,1,0,1,54,35,34,2,0,1,0,18059,1,0,0
10,1000,4595799,1,1,0,22,1,0,0,1,1,0,34743,0,0,0
7,1000,1526548,1,0,0,26,4,3,2,1,0,1,3138,0,0,0
11,2000,4189268,0,0,0,29,9,9,0,0,0,0,24007,1,0,0
1,2000,1310320,1,0,1,33,12,12,0,0,0,4,6161,0,0,0
8,1000,3907359,0,1,0,44,23,22,0,1,0,1,37810,1,0,0
14,1000,2228845,0,0,0,26,5,5,1,1,0,0,7283,1,0,1
1,800,2670161,1,0,4,67,47,46,1,1,2,0,10681,1,0,0
0,1500,3560287,1,0,0,71,50,50,0,0,2,1,47979,1,0,0
9,1500,1154800,0,0,0,74,56,56,0,1,0,1,8411,1,0,0
1,1200,1712133,1,0,0,74,56,55,0,0,0,0,24505,1,0,0
11,1500,2982479,0,0,0,60,42,41,0,0,0,1,46956,1,0,0
7,1500,4733332,1,0,1,39,18,18,0,0,0,3,41496,0,0,1
4,2500,2921064,1,0,1,34,13,13,0,0,1,3,14882,1,0,0
0,800,764510,0,1,0,18,0,0,1,0,0,0,44547,1,0,0
14,1000,1744713,0,0,0,74,55,55,1,0,0,0,54611,1,0,0
5,800,2372082,1,1,0,20,0,0,0,0,0,2,37913,0,0,0
11,2000,766863,1,0,0,22,4,4,0,0,0,0,30914,1,0,0
7,2000,413823,1,0,0,39,20,19,1,0,1,2,42648,1,0,0
12,1500,1138989,0,0,0,18,0,0,0,0,0,2,25644,0,1,0
18,800,2511191,1,1,0,64,44,44,0,1,0,0,22459,1,0,0
0,1200,2034500,1,0,1,66,46,45,0,0,0,1,4009,1,0,0
10,1200,680746,0,0,0,21,1,1,0,0,2,3,41003,1,0,0
19,1500,1343575,1,1,1,39,21,21,0,0,1,3,39939,1,0,0
0,1200,2734807,1,1,0,41,22,22,0,0,1,0,39655,1,0,0
7,800,4088426,0,0,1,72,54,54,0,0,0,4,22724,1,0,0
4,1500,3163329,1,0,1,49,29,28,0,0,0,0,42325,0,0,0
16,1200,2765177,1,0,1,63,42,41,0,0,0,0,35186,1,2,0
7,1200,1188447,1,0,0,19,1,1,1,0,0,2,23544,1,0,1
9,1000,712560,0,0,0,53,34,33,0,0,1,2,10675,1,0,0
1,2000,3204798,1,1,2,22,4,4,0,0,0,1,59948,1,0,1
8,1500,2042162,1,0,0,73,54,54,0,1,1,0,18029,1,0,0
2,2500,3599322,0,0,0,24,3,2,0,1,1,0,40733,1,0,1
17,1200,3702646,1,0,4,53,31,31,0,1,0,2,21989,1,0,0
6,2500,3452408,0,0,1,57,38,38,0,0,1,0,40299,0,1,0
14,2000,4375739,1,0,2,60,41,41,1,0,0,0,25886,1,0,0
19,1500,2514180,0,0,0,25,5,4,0,0,1,4,52949,1,0,0
17,2500,3101519,0,0,0,53,33,33,0,0,2,4,13559,1,0,0
2,1200,3025729,0,1,1,60,39,38,2,0,0,1,28431,1,1,0
13,1200,2859064,1,0,1,29,11,10,1,0,1,0,32889,0,1,0
1,800,4014249,0,0,0,45,23,23,1,0,1,4,44607,1,0,1
13,1500,2054801,1,0,1,19,0,0,0,2,0,0,41437,0,0,1
10,1500,4633248,0,1,1,64,43,43,0,1,0,0,6715,1,0,0
15,2000,3592452,1,1,0,31,9,9,0,2,0,3,10423,0,0,1
7,1000,2797227,1,0,1,36,18,17,1,0,1,0,9866,1,0,0
6,1200,2577490,1,1,0,38,18,17,0,0,0,1,35914,1,0,0
10,1000,1593009,1,0,1,47,26,25,0,1,0,0,48043,1,1,0
2,1500,2779325,1,0,0,66,44,43,0,0,0,0,52229,1,0,0
16,1000,3104482,0,1,1,65,44,44,0,0,0,0,57133,1,0,0
13,2500,4019636,1,0,0,54,33,32,0,0,0,0,57709,0,0,0
5,1000,2208685,0,0,2,69,50,50,1,1,2,0,38864,0,0,0
7,1200,2578209,1,0,1,38,19,18,1,0,0,0,23959,0,0,0
4,2000,3674139,1,0,1,45,24,24,0,0,0,0,44774,1,0,0
7,1200,631786,1,1,4,50,31,31,0,2,0,4,3444,1,0,0
1,800,909911,1,0,0,59,37,37,1,0,0,0,40860,1,1,0
14,1200,4757856,1,0,1,24,3,2,0,1,0,0,23420,1,0,1
11,800,879625,0,0,0,59,40,40,0,0,0,0,19687,1,0,0
16,3000,3156637,1,0,4,74,52,51,1,0,0,0,38053,0,0,0
0,1500,2000812,0,0,1,33,13,12,0,0,0,0,36816,0,0,0
14,1200,2373179,1,0,1,54,34,33,0,0,0,0,35027,1,0,0
13,1500,2053300,0,0,0,68,47,46,0,0,0,0,14396,1,1,0
19,800,2163485,1,1,0,42,24,23,0,0,0,3,53155,1,1,0
15,2000,2256107,0,0,0,55,33,32,0,1,1,0,53401,0,0,0
8,2500,2379725,1,0,1,61,40,40,0,2,0,3,58816,1,0,1
0,2000,4686458,1,1,0,55,36,36,0,0,1,2,17093,1,0,0
16,1200,4400801,1,1,0,59,39,39,0,0,0,4,22816,1,0,0
12,1200,1315707,1,1,1,59,40,40,0,0,0,0,42055,1,0,0
4,800,3250878,1,0,2,62,40,39,0,0,1,4,7034,0,2,0
9,1500,1019466,1,0,0,68,47,47,0,1,2,1,23713,1,0,0
5,1500,2173556,0,0,4,47,27,27,0,1,0,0,31026,0,1,0
18,1200,2197606,1,0,0,34,12,11,1,1,0,0,29762,1,1,1
12,2500,966620,1,1,0,33,13,12,0,0,1,2,29795,1,0,0
0,1000,398214,1,0,2,21,1,1,0,0,0,3,29212,1,0,0
19,800,953173,0,1,1,47,26,25,0,1,1,0,16023,1,1,0
14,800,607325,1,0,4,37,16,15,0,0,0,4,23244,1,0,0
13,1000,2785606,0,0,1,52,34,33,0,1,2,0,54066,1,0,0
7,800,3529174,1,0,4,22,4,4,0,0,1,2,47344,1,0,1
9,1500,3332381,1,0,0,62,44,43,0,1,0,3,11467,0,0,0
8,1200,2185660,1,1,1,31,13,13,0,0,0,0,17442,0,0,0
16,1000,788741,0,0,4,58,39,38,0,1,1,0,51771,0,1,0
8,2000,3142553,1,0,0,58,40,39,2,1,1,1,47880,1,0,0
2,1000,1583878,1,1,0,57,38,38,0,1,1,1,44808,1,0,0
10,1500,4634083,0,1,0,45,25,25,0,0,0,3,26600,1,1,1
11,1200,611087,1,1,3,27,8,8,1,1,1,0,53763,1,0,0
9,1500,4079974,0,0,1,71,51,50,0,0,1,2,6793,1,0,0
16,2500,2329883,0,1,1,69,51,51,0,0,0,0,5512,0,0,0
16,800,3426951,0,1,1,47,28,28,1,1,0,0,16657,1,0,0
10,1500,4341735,1,0,2,67,47,46,1,0,2,0,11541,1,0,1
3,2000,4731355,1,0,1,49,31,30,0,1,1,1,28402,1,0,1
6,1500,3029083,0,1,3,29,9,9,1,0,0,4,11153,1,1,1
13,1200,2228563,1,1,1,62,41,41,0,0,0,0,22551,1,0,0
6,1200,2485529,1,1,1,33,13,13,0,0,1,0,33495,1,0,0
7,1500,1449474,1,0,0,43,25,25,0,1,1,0,52989,1,0,0
0,2000,1057320,1,0,0,52,30,30,0,3,1,0,49846,1,1,1
3,800,1948140,0,0,3,58,37,36,0,1,0,0,43661,1,0,0
11,800,1989638,0,0,0,33,14,14,1,0,0,0,9529,1,0,0
2,1200,2325774,1,1,0,34,13,13,1,0,1,0,43846,1,0,0
12,1000,3621643,0,0,1,65,47,46,1,0,1,4,47411,1,0,1
19,1200,3268551,1,0,1,40,20,20,0,0,0,0,55204,1,0,1
5,1000,4348854,0,0,0,59,37,36,0,0,1,0,5928,0,0,0
10,1000,3337823,1,0,1,39,21,21,0,0,1,0,12977,0,1,0
3,1000,3988999,1,0,1,67,47,47,0,0,2,0,40366,0,0,0
19,2500,2956716,1,0,3,38,20,19,0,0,0,0,55712,1,0,0
15,1000,2587707,1,1,1,51,29,28,1,0,0,0,6159,1,0,0
6,1000,2611337,1,1,0,63,43,42,1,0,2,0,27373,1,0,0
10,1000,2357949,1,0,0,74,52,51,0,1,0,1,51105,0,0,0
0,2500,2224724,0,1,0,22,2,2,0,1,0,0,28524,1,0,1
6,2000,604488,0,1,0,55,34,34,0,0,0,0,18301,0,0,0
11,2000,3194689,0,0,0,69,51,50,1,0,0,1,27522,1,0,0
6,1000,1143186,0,1,4,48,29,29,0,0,0,0,26661,1,0,0
6,2000,1892920,0,0,3,50,31,30,0,0,1,0,59380,1,0,0
9,1200,1985961,0,0,1,64,46,46,0,0,1,2,34530,1,1,0
15,1200,2444841,1,0,0,20,1,1,0,0,1,1,3359,1,0,0
7,1500,4433279,0,0,0,70,48,47,1,0,2,0,33363,1,0,1
8,2000,715988,0,0,0,36,17,16,0,0,1,3,5893,1,0,0
8,2000,4717858,1,0,4,73,55,54,0,0,0,0,24067,1,0,0
1,2000,4111795,1,0,1,35,14,13,1,0,0,0,38261,1,0,1
12,2500,4458582,1,0,2,45,27,26,0,0,1,1,16323,0,0,0
12,1000,1016886,0,0,1,32,14,13,0,0,0,0,26163,1,0,0
3,1200,3499203,0,0,1,67,47,46,0,2,0,0,50673,0,0,1
11,800,2788110,0,1,1,50,31,30,0,1,1,0,28398,1,0,0
16,2000,2520654,0,1,0,45,26,25,1,0,0,0,43506,1,0,0
1,1000,1051174,1,0,0,63,43,43,0,1,2,0,51290,0,0,0
12,2000,3306948,0,0,3,66,44,43,0,1,0,1,29258,1,0,0
17,1200,1851175,1,0,1,69,47,46,0,1,1,0,19681,1,1,0
14,1200,4174840,1,1,0,25,5,4,0,1,1,0,59669,0,0,0
7,800,2037952,0,1,1,73,54,54,0,1,0,0,12485,0,0,0
14,1200,3565442,0,0,0,57,35,34,0,0,0,0,42107,0,0,0
0,2000,3399418,0,1,1,66,44,44,0,0,0,4,2728,1,0,0
19,800,950868,1,1,0,47,26,25,0,0,1,0,17402,1,0,0
9,1200,1190434,0,0,4,18,0,0,2,0,1,0,14362,1,0,0
11,800,866961,1,1,0,24,5,5,0,0,0,3,19186,0,0,0
4,1200,4558998,1,0,1,72,51,51,0,0,1,2,30301,1,0,0
8,1000,935980,1,1,0,31,10,10,1,2,1,3,53806,1,0,1
7,1200,2327945,0,0,0,38,19,19,0,0,0,0,36653,1,0,0
15,2000,878195,1,0,1,73,53,53,0,0,0,0,12452,1,0,0
13,1200,704140,1,1,4,23,5,4,2,0,0,0,56320,0,0,0
12,1200,4826626,0,0,1,34,12,11,0,0,0,4,13074,1,0,1
12,1500,3516460,0,1,0,31,11,11,2,0,0,3,43684,0,0,1
4,1000,1818483,1,0,1,24,6,5,1,0,0,1,27686,0,0,0
15,1200,4440823,1,1,0,32,13,12,1,0,0,0,5081,1,0,0
10,1500,1356648,0,0,1,25,3,3,1,0,1,0,26251,1,0,0
4,1000,1052886,0,1,0,73,53,52,0,0,2,0,51183,1,0,0
12,1500,2419094,1,0,1,65,47,47,0,0,1,1,51023,0,0,0
10,1200,2374311,1,0,0,27,8,8,1,0,0,4,9393,1,0,0
18,2000,3951307,0,0,0,46,25,25,1,0,0,1,39944,1,0,1
2,2500,1264921,1,1,3,58,37,36,0,1,0,3,29722,1,1,0
14,1000,4479263,1,0,4,36,15,14,1,1,0,2,50346,0,1,1
6,1200,2489531,1,0,0,19,0,0,1,0,1,0,4626,1,0,1
6,1200,4424491,1,0,0,25,7,6,0,0,0,1,21735,0,0,1
5,1000,1616210,0,0,1,47,28,27,2,2,0,2,35946,1,0,1
2,2000,1266704,1,1,1,60,39,39,0,1,1,0,15519,1,1,0
12,2000,4270844,1,0,4,53,34,33,0,1,0,1,17630,0,0,1
6,1200,4775342,0,1,0,67,45,44,1,0,0,0,10530,1,0,0
4,1500,3869781,0,0,0,35,17,16,0,0,0,3,5438,0,0,0
17,800,2124849,0,0,0,19,0,0,0,1,1,0,19435,0,0,1
7,1500,4866278,1,0,1,22,1,1,0,1,1,0,49211,1,0,1
16,2000,2071218,1,1,1,63,45,45,0,0,0,2,13077,1,0,0
19,1500,530009,1,0,1,30,8,8,0,0,0,2,13382,1,0,0
0,1200,1558073,1,0,4,57,38,38,0,0,1,2,30544,0,0,0
13,1500,3243745,1,0,0,74,54,53,0,1,0,0,6096,1,0,0
16,1200,4609167,0,1,1,28,9,8,1,0,0,4,20789,0,0,1
9,1500,2805508,0,0,2,71,50,50,0,0,1,1,33123,1,0,0
11,1200,1040637,0,1,2,25,5,4,0,0,1,0,41934,1,1,0
15,1200,2761992,0,0,0,64,46,46,1,1,0,0,35734,1,0,0
13,1500,1567538,0,0,1,55,35,34,0,0,0,0,53995,0,0,0
15,2000,525011,0,0,1,34,16,16,0,0,0,0,20433,0,0,0
7,800,2636366,0,0,1,28,6,6,0,0,0,1,29440,1,0,0
9,2500,596870,0,1,0,74,52,51,0,0,0,0,5396,1,0,0
16,1500,3887633,1,0,1,43,21,21,0,0,1,0,30787,1,0,0
17,1500,2312196,1,0,1,56,34,34,0,0,2,0,11533,0,0,0
19,2000,3551380,0,0,0,51,29,28,0,1,1,3,6230,1,0,0
15,1200,4041436,1,0,0,20,0,0,0,0,0,0,19403,1,0,0
16,2000,3159644,0,1,0,67,49,48,0,1,1,0,56698,1,0,0
15,1000,3138046,0,1,1,42,20,20,0,0,0,4,5760,0,0,0
18,1000,4367052,0,0,1,41,19,19,1,0,1,0,6207,0,0,1
7,1500,2794690,1,0,1,70,52,51,0,0,0,0,9259,1,1,0
5,2000,410629,1,0,1,69,49,49,0,0,1,0,24439,1,0,0
5,2000,4335966,1,1,0,40,18,18,0,0,0,0,54349,1,0,0
8,1500,4746443,0,1,0,47,27,26,1,0,0,0,13672,0,0,0
3,1500,3496084,1,1,0,63,41,41,0,0,1,3,7823,1,1,0
11,1200,1342545,0,0,0,58,38,37,0,0,0,0,11069,0,0,0
11,3000,1977617,0,0,1,57,36,35,0,0,0,3,13926,0,0,0
16,1200,2915427,0,0,4,73,51,50,0,0,0,2,23434,1,0,0
14,1500,2775187,0,0,0,44,22,21,0,1,0,0,40997,1,0,0
8,1500,4528054,0,0,4,67,48,48,0,0,0,4,10344,1,0,0
6,1500,3805741,1,0,1,61,42,41,1,0,1,0,35952,1,0,0
9,1200,1849019,0,0,0,61,41,41,1,0,1,0,35376,0,0,0
15,2500,2641517,1,0,0,27,8,7,0,1,0,0,3388,1,0,0
11,1500,4746719,1,0,1,26,6,5,0,0,0,0,31837,0,0,1
6,2500,4343893,1,0,1,19,0,0,0,1,0,0,53328,1,0,1
17,800,1829402,0,1,0,73,51,51,0,1,0,0,14027,1,1,0
14,1500,699121,1,0,0,38,17,17,0,1,0,4,12294,0,1,0
5,1500,4811931,0,1,3,28,7,6,0,0,0,1,43318,1,0,0
11,1500,4957129,0,0,0,71,52,51,0,0,0,0,34907,1,0,1
10,2500,2580270,0,1,2,27,5,4,0,0,0,3,32220,1,0,1
19,800,4758682,1,0,0,42,22,21,0,2,1,0,36582,0,0,1
2,800,4698543,0,0,1,57,38,38,0,1,1,0,3219,1,0,0
1,1200,4610439,0,1,1,22,1,0,1,0,2,0,18289,1,0,1
5,800,1491709,1,1,1,39,21,20,0,0,1,2,7349,0,2,0
4,3000,2446405,0,0,0,22,2,1,0,0,1,1,47978,1,1,1
17,1000,3048374,1,0,0,26,8,7,0,1,0,1,23087,1,0,0
15,1200,1917531,1,1,1,28,9,8,1,1,1,1,32058,1,1,0
7,800,2355320,0,0,0,61,42,42,1,1,0,2,5546,0,3,0
19,1500,3766668,1,0,1,22,4,3,0,0,0,0,23690,0,0,1
10,1200,4327058,1,1,2,23,4,4,1,0,0,4,52555,1,0,1
9,800,3509793,0,1,2,50,31,30,0,1,0,0,3274,0,0,0
11,1200,4832834,1,0,0,33,11,11,0,0,1,2,4752,1,0,1
5,1200,4576759,1,1,1,73,53,52,0,0,0,1,45878,0,0,0
19,3000,1052376,0,0,1,63,42,42,0,0,0,3,48013,1,1,0
4,1000,1956484,0,0,0,41,19,19,0,0,0,1,14287,1,1,0
8,1500,1575485,0,1,0,31,12,11,0,0,0,0,10134,1,0,0
15,3000,1328219,0,0,0,41,20,20,1,1,0,3,20866,0,1,0
13,2000,3886715,1,0,1,62,43,42,0,1,0,0,56223,1,0,1
7,3000,1617212,0,1,2,29,9,9,0,3,0,0,5547,0,0,0
19,2500,3679448,0,0,3,40,21,20,1,2,0,0,13314,1,0,1
18,1200,2661267,1,1,1,56,38,38,1,0,0,0,44033,1,0,0
13,1500,4110732,0,0,1,23,5,4,0,1,1,0,54663,1,0,1
6,1000,3247778,0,0,4,72,54,54,1,0,0,3,53262,0,0,0
4,1200,2248654,1,1,1,58,40,39,0,1,0,0,3129,1,1,0
17,2000,443606,0,1,1,38,17,16,0,0,1,0,5199,1,0,0
1,1500,2681921,0,1,3,65,47,47,1,2,1,1,48379,1,0,0
10,1500,4260820,1,1,0,26,7,7,0,1,2,3,49585,1,0,1
7,1500,4176264,0,0,0,63,41,41,0,1,0,3,51288,1,0,1
0,1200,1282439,0,0,1,58,39,38,4,0,0,1,17080,0,0,0
11,2000,2828260,0,0,3,53,34,33,2,0,1,2,2932,1,2,0
1,1200,1548027,1,0,0,58,39,38,1,0,1,1,54437,1,0,0
17,1000,2872880,1,0,1,57,38,38,0,0,2,3,23041,1,1,0
6,2000,4644209,1,0,0,63,41,40,0,0,1,0,55366,1,0,0
16,1200,3109112,0,1,1,22,4,3,0,0,1,0,49307,1,0,0
13,2000,3777700,0,0,0,65,45,44,1,0,0,0,25878,1,1,0
6,1500,1703643,1,1,4,59,38,37,1,1,0,1,56251,1,1,0
2,1200,2232370,1,0,3,48,26,25,0,0,1,0,55721,1,0,0
5,2000,3984486,1,0,0,52,30,29,0,1,1,0,18548,1,0,0
19,1500,591929,0,1,3,58,36,36,1,3,0,4,26005,1,0,1
1,1200,3841197,0,0,3,20,0,0,0,0,0,0,2346,0,1,1
16,1000,4952409,1,0,1,36,17,17,0,0,0,3,9578,1,1,0
11,2000,4669634,1,0,4,36,15,14,0,0,0,2,54892,1,1,0
11,800,2836515,1,0,4,18,0,0,0,0,2,0,33009,0,0,1
16,2000,4801865,1,1,0,39,20,20,0,1,1,0,49715,1,0,1
9,1200,2290486,0,1,0,36,14,14,1,0,1,3,47662,1,0,0
2,1500,3546047,1,0,0,43,23,23,0,0,0,3,29708,1,0,0
19,2500,4569747,1,0,1,32,14,14,1,1,0,0,48966,1,0,1
17,1000,1290163,0,0,0,36,18,18,0,0,0,1,6828,1,0,0
12,1500,3307371,0,0,0,42,20,19,1,0,1,1,54181,1,0,1
11,2000,1171815,0,0,4,56,37,36,0,1,0,4,19094,0,1,0
16,2000,615637,0,0,1,48,28,27,0,0,1,1,30728,1,0,0
3,1500,2682101,0,0,3,47,27,26,1,0,1,0,35736,1,0,0
9,1500,1672506,0,0,4,73,54,54,0,0,2,2,7649,1,0,0
10,2000,314248,0,0,0,50,31,30,0,0,1,0,16347,1,0,0
5,2000,456456,0,0,1,73,53,52,0,0,1,0,51618,0,1,0
5,2000,4628272,0,1,0,33,15,15,1,1,2,1,36786,1,1,1
8,1200,1434751,1,1,1,57,39,38,0,0,1,4,22418,0,0,0
14,3000,2059968,1,0,0,29,9,8,0,0,0,3,23503,0,0,0
1,1200,3244606,1,0,0,45,24,24,0,1,0,2,55226,1,0,1
3,800,3791126,0,0,0,47,27,27,0,0,1,0,57839,1,0,0
4,1200,2092934,0,0,1,73,51,51,0,1,0,0,41879,1,0,0
16,1000,4184296,0,0,4,23,2,2,0,0,1,1,33681,1,0,0
7,1000,2968831,1,0,0,59,40,39,1,0,1,0,15321,1,0,0
7,1200,3670879,1,0,1,31,11,11,0,0,2,1,43272,0,0,0
11,800,3795439,0,0,1,22,2,2,0,0,0,0,17970,1,1,0
7,1500,4926216,1,1,1,53,32,32,1,0,0,0,31322,1,0,0
18,800,747170,1,0,4,74,54,53,1,1,0,0,35871,1,1,0
2,1000,2670522,0,0,0,40,18,18,2,1,0,0,8013,0,0,1
17,800,1365434,1,1,0,49,31,31,1,0,1,1,55928,1,0,0
18,800,2638696,1,0,0,48,28,28,2,0,0,0,30836,0,0,0
18,1200,4082509,1,1,1,31,13,13,0,0,0,0,24110,1,0,0
14,1500,3077625,1,1,0,49,30,29,0,0,0,0,18154,1,0,0
5,2500,4734132,0,1,0,66,47,46,0,1,0,1,48239,1,0,1
15,2000,3104608,1,0,2,44,24,23,0,1,0,3,17471,1,0,0
7,2000,4380982,1,0,0,18,0,0,0,1,0,1,47087,1,0,1
15,1000,4511749,1,0,0,66,46,46,1,0,0,0,5527,1,0,0
17,1200,787656,0,1,4,69,51,51,0,0,1,0,27858,0,0,0
19,800,4773139,1,1,1,26,5,4,1,1,0,0,10959,1,0,1
15,2000,4651236,1,0,1,33,13,13,1,1,0,3,57798,0,1,1
10,800,4130509,1,1,0,52,31,31,0,0,2,0,21940,1,0,0
6,1500,4657366,1,0,1,27,9,8,1,2,0,0,17293,1,1,1
16,1000,1676559,1,0,1,66,48,48,0,0,0,0,39325,1,0,0
16,1000,2927926,1,0,2,33,12,11,1,0,2,1,13493,1,0,0
11,3000,2599326,0,0,1,47,27,27,0,0,0,1,18770,1,0,0
12,2000,762643,0,1,1,50,29,28,1,0,0,0,27092,0,0,0
9,2000,1247245,0,0,0,68,48,48,0,1,0,4,26836,1,0,0
6,1500,2665020,1,1,0,32,12,11,0,0,1,0,23158,0,0,0
13,2000,1265851,0,1,1,56,35,34,0,0,0,0,5005,0,0,0
0,1500,3337320,1,1,0,25,7,6,0,0,0,2,3326,1,0,0
16,2500,2373393,0,0,3,21,0,0,0,0,1,0,9988,1,0,1
3,1200,393761,1,1,1,61,42,41,0,0,0,4,45854,1,0,0
4,1500,2013100,0,0,1,19,0,0,0,0,1,3,53953,1,0,1
19,1500,1292410,0,1,1,24,6,6,0,1,0,1,55042,0,0,1
6,1200,4002888,1,0,1,74,55,54,0,0,0,2,59318,1,1,1
9,2000,1133469,1,0,1,55,34,33,0,0,0,2,3877,0,1,0
16,3000,3206569,0,1,1,51,29,28,1,1,1,1,28846,0,0,0
6,1200,4058607,1,1,1,42,22,22,0,0,0,0,46884,1,0,0
0,1200,1308206,0,1,4,24,6,5,2,0,0,0,12820,1,0,0
6,1200,4814316,1,0,3,42,24,24,1,1,1,0,6255,1,1,1
10,2000,4994385,1,0,0,19,1,1,0,0,0,2,25818,1,0,1
8,1500,2700919,0,0,2,43,21,20,0,0,1,0,15647,1,0,0
11,800,576358,1,0,3,53,33,33,0,0,1,0,43753,0,0,0
2,1500,3341878,1,0,1,65,43,43,0,0,2,0,29962,0,1,0
3,800,2411850,0,0,1,55,35,35,1,0,0,4,4655,1,0,0
3,2000,1465120,0,1,1,59,40,40,0,0,1,2,50862,1,0,0
12,1200,3498066,0,1,0,72,51,50,0,0,0,0,26655,0,0,0
18,1200,728753,0,0,0,63,45,45,0,0,0,0,45423,1,1,0
9,2000,2419621,1,0,2,20,0,0,0,1,0,0,37739,0,0,1
4,800,2362470,1,0,1,63,41,40,1,1,0,2,37074,1,0,0
6,1000,1586087,1,0,0,46,24,24,0,0,0,0,51875,1,0,0
15,1200,4297261,0,1,0,28,10,10,0,0,0,0,7569,1,0,1
0,1000,640347,1,0,0,60,42,41,0,1,0,1,17119,1,1,0
11,1200,510409,1,0,3,38,20,19,0,2,0,0,57668,1,0,0
1,3000,1456220,0,0,1,60,41,41,0,1,0,0,52440,1,0,0
6,2000,1526789,0,1,1,21,0,0,0,1,1,0,27073,0,0,0
10,2000,2661449,0,1,0,22,2,2,0,1,0,3,30916,1,1,1
12,2500,1111563,1,1,1,23,5,4,0,1,0,4,47232,0,0,1
1,1200,2154688,0,0,4,39,19,19,0,0,0,0,25070,0,0,0
6,1200,1449463,1,0,1,63,41,41,0,1,0,2,26003,0,0,0
14,1000,721499,0,0,1,56,35,34,0,0,0,3,43748,1,1,0
10,2000,1311484,1,0,2,23,2,1,0,0,2,0,57750,1,1,1
1,1500,4595651,1,0,0,31,11,11,0,0,0,0,29210,1,0,0
6,1000,2388337,1,1,0,39,17,17,1,2,0,0,45610,0,1,1
3,1200,1043259,1,0,0,33,11,10,0,0,0,1,43386,1,1,0
10,1500,2413188,0,0,0,49,30,29,0,0,2,0,28236,0,0,0
1,1500,1879590,0,1,0,53,35,34,0,0,0,0,29713,1,0,0
15,2000,1450902,0,0,1,67,45,44,2,1,1,0,55541,0,1,1
6,1200,2831528,1,0,0,24,6,6,1,1,0,4,52163,1,1,1
12,2500,1235778,0,0,3,40,22,22,1,0,1,3,43788,1,0,0
4,1200,2225131,1,1,0,68,48,48,0,0,0,4,43438,0,1,0
16,1500,4712467,1,0,4,31,13,12,0,0,0,4,53016,1,0,1
11,2500,2558791,1,0,0,64,44,44,0,1,2,1,46757,1,0,0
18,2500,4096267,1,1,1,70,49,48,0,1,0,1,47414,1,0,1
6,800,3949510,1,0,0,23,1,0,0,1,2,3,56228,0,0,1
5,1000,1453544,1,1,1,59,39,38,0,0,1,4,35308,1,0,0
7,1200,3731563,0,0,4,42,23,22,0,1,0,1,15478,1,0,0
12,1200,420931,0,0,1,20,0,0,0,1,0,0,25047,1,1,0
4,1500,2204100,1,0,0,30,12,11,0,0,0,0,56765,0,0,0
1,2500,3354728,1,0,0,68,49,49,1,1,0,1,50187,1,0,0
8,1000,1340243,1,0,0,70,52,51,0,0,0,0,39559,1,0,0
10,1200,1954266,1,0,0,67,48,47,0,2,0,1,45390,1,0,0
5,1000,3224704,1,0,3,20,0,0,0,1,1,4,27793,1,0,1
6,2000,4574936,1,0,0,48,30,30,0,0,1,0,53287,1,0,0
6,2500,2609207,0,0,1,71,51,51,0,1,0,0,17577,0,0,1
18,1200,1042879,0,1,0,20,0,0,0,0,0,4,9265,1,0,0
5,1000,611840,1,0,0,34,15,14,2,1,0,0,55683,1,0,0
10,2000,1688302,0,0,4,72,51,50,0,0,0,0,56438,0,1,0
10,1500,666874,0,0,0,56,35,35,0,0,0,0,33032,0,0,0
6,1200,2594716,1,0,0,19,0,0,1,0,0,3,54012,0,0,1
1,2000,2979235,1,1,1,22,3,3,0,0,0,0,44870,1,1,0
18,3000,2683856,0,1,0,26,7,7,0,2,1,1,44919,0,0,1
3,1500,3139343,0,1,0,46,26,25,1,1,0,0,8914,0,0,0
5,1500,2739687,1,0,1,52,31,30,0,1,0,0,53601,0,0,0
16,1200,420965,0,0,4,57,35,34,0,1,0,2,20339,1,0,0
4,1500,3823006,1,0,1,53,32,31,0,0,0,0,48404,1,0,0
6,1200,514611,0,0,4,52,34,33,0,0,0,0,22961,1,0,0
8,1200,3393228,1,1,1,67,46,46,1,0,1,0,47973,0,0,0
0,800,4339829,1,1,0,47,29,28,0,0,1,1,17681,1,1,0
0,1200,1059669,0,0,0,32,14,14,1,0,0,0,17030,1,0,0
18,1000,4527450,0,0,2,46,24,23,1,1,0,0,41981,0,0,1
5,1500,4927397,1,0,0,42,20,19,0,0,0,0,47958,1,0,0
17,1500,1215980,1,1,0,28,7,6,0,1,0,0,22573,1,1,0
9,1500,907348,1,0,4,54,34,34,1,0,1,0,57060,1,0,0
10,1200,3755551,1,0,0,74,53,53,0,0,0,0,36287,1,0,0
0,1200,3931069,1,1,1,65,43,43,1,0,0,3,47991,1,0,0
0,2000,3266165,0,1,1,73,55,55,0,0,1,0,41003,1,0,0
12,1200,3983179,1,0,1,68,50,50,1,1,1,3,40305,1,0,1
4,3000,4191211,0,0,0,21,1,1,0,0,0,0,56644,1,0,1
19,1200,1400751,0,1,1,71,50,49,0,0,2,3,38420,0,0,0
0,1500,3455839,1,0,0,60,40,39,0,1,0,0,38767,1,1,0
19,800,2522740,0,1,1,29,9,8,2,0,0,0,20003,1,0,0
2,1500,3273795,0,0,1,49,28,27,1,0,1,0,38351,1,0,0
17,2000,3638696,1,1,3,22,3,2,0,1,0,0,14623,0,0,1
8,2500,1999820,0,1,0,59,38,38,1,0,0,0,36173,1,0,0
13,3000,728755,0,1,2,59,39,39,0,0,0,2,56249,1,0,0
16,1200,1451049,0,0,1,68,49,48,0,0,0,4,20478,1,2,0
13,1500,1044543,1,0,1,54,34,34,0,0,0,0,4204,0,0,0
3,1200,4549691,0,0,0,54,34,34,1,0,0,0,41455,1,0,0
4,1500,1572137,1,1,0,42,22,22,0,0,2,1,4500,1,1,0
16,1000,4668199,0,0,1,21,3,3,0,1,1,0,11860,0,1,1
1,2000,2728851,0,0,4,41,20,19,2,1,0,0,52244,1,1,1
4,2500,348695,1,0,0,53,31,30,0,0,0,0,30067,1,0,0
3,1200,4425168,1,1,4,19,1,1,0,1,2,3,19231,1,0,1
3,1200,2001132,1,1,1,52,31,30,0,0,0,0,33030,1,0,0
5,1000,3996758,1,1,3,53,35,35,1,2,0,0,28030,0,0,0
19,1500,2445180,0,0,0,25,4,3,0,0,1,4,56078,1,0,1
12,1200,4866583,1,1,1,26,7,6,0,0,1,0,19715,1,0,1
4,2500,4038932,1,0,2,45,23,22,0,0,1,3,57165,1,1,1
6,1500,4811076,1,1,2,71,52,51,2,0,0,3,14100,1,0,0
19,1500,647240,0,0,1,57,38,37,1,0,0,1,47788,1,1,0
0,1500,3515951,1,0,0,61,40,40,0,0,0,0,7149,1,1,0
13,800,1153554,0,0,1,27,7,6,0,1,1,4,21109,1,1,0
3,2500,2667352,0,0,0,22,2,1,0,1,0,4,28700,0,0,1
16,1500,2771190,0,0,0,54,34,34,2,1,0,1,15536,1,0,0
13,3000,3112858,1,0,0,73,53,52,0,0,0,2,57347,1,0,0
15,1500,4720444,1,0,0,64,42,41,0,0,0,3,3479,1,0,0
13,1500,796885,1,0,1,48,29,29,0,0,0,0,36725,0,0,0
15,800,3514242,1,0,1,69,51,51,0,1,2,1,41206,1,1,1
19,1500,3688854,0,1,0,46,24,24,0,1,1,3,36099,1,0,1
7,2000,2264168,1,1,1,20,0,0,2,0,1,3,5850,1,0,1
2,2000,3226353,1,1,0,43,21,21,0,0,0,4,9699,1,1,0
18,2000,1130198,0,1,0,48,26,26,0,1,1,2,56080,1,0,0
0,1000,4360308,1,1,1,19,0,0,0,1,0,0,47613,1,0,1
1,3000,2605711,1,1,0,32,14,14,0,0,0,1,38881,1,0,0
14,3000,3001667,1,1,1,30,11,10,0,1,1,4,6915,1,0,0
9,800,1818848,0,0,0,45,23,23,1,1,1,1,58941,0,1,1
17,2500,2631436,1,0,1,73,52,51,0,0,1,0,34613,1,0,0
13,1200,4309022,0,0,0,61,40,40,1,0,0,0,21868,1,0,0
16,1500,1641241,1,1,0,31,13,12,0,0,0,0,9710,1,0,0
12,1200,3839749,1,1,0,29,7,6,0,0,1,2,8517,1,0,1
0,2500,3874812,0,0,1,32,11,10,1,0,0,0,23080,1,0,1
4,1000,1816119,0,0,0,38,20,19,0,0,0,1,45762,1,0,0
12,1200,1777175,0,0,0,71,53,52,0,1,2,1,20176,1,0,0
13,1200,624822,0,1,0,46,25,24,2,0,2,0,39509,0,0,0
2,1200,4651901,1,0,0,74,53,53,1,1,0,0,20704,1,0,1
14,1500,3554770,0,0,0,62,40,40,0,1,0,3,13387,0,0,0
18,1000,1431122,0,0,0,52,30,30,0,1,0,2,46552,1,0,0
16,1500,2985429,0,0,4,64,45,44,0,0,0,1,35856,1,0,0
2,3000,1950374,0,1,0,37,16,16,1,0,1,1,28382,1,0,0
15,2000,4936720,1,1,1,35,15,15,0,0,1,0,24522,0,0,0
13,2000,2254418,0,0,4,55,35,35,0,1,0,0,28000,1,0,0
11,1200,4640391,0,0,0,32,13,13,0,0,0,0,28935,1,0,1
11,1200,1178638,1,0,1,74,53,52,0,0,0,0,29775,1,0,0
10,1500,2368226,1,0,0,29,11,10,0,0,0,0,43969,1,0,0
16,800,880509,0,0,4,51,31,30,0,0,3,1,52865,1,0,0
7,2500,3042594,1,0,4,22,0,0,2,0,1,1,31888,1,0,1
16,1000,2405149,0,1,0,34,14,14,0,0,0,1,23402,0,0,0
19,2500,2769284,1,0,0,30,9,9,0,1,0,0,9474,1,0,0
10,800,2288832,0,1,0,30,10,9,0,0,1,0,12309,0,0,0
1,2000,948478,1,0,4,53,34,33,0,0,3,4,30307,0,0,0
9,1000,3376141,1,0,0,33,11,11,0,1,1,2,32197,1,0,1
9,800,4944811,0,1,4,57,38,38,0,0,0,0,17953,1,0,0
10,1500,3476236,0,1,2,20,2,2,0,0,1,0,45972,1,0,1
5,1200,4319213,1,0,0,69,51,51,0,0,1,0,6557,1,0,0
3,1500,2841942,1,1,1,19,1,0,0,0,1,0,55692,1,0,1
11,1500,1269406,0,0,0,42,24,24,0,0,0,0,26862,0,0,0
10,1000,2721722,0,0,1,70,49,48,1,0,0,0,35017,1,0,0
12,2500,3980087,0,1,0,20,0,0,0,0,0,0,33121,1,0,1
4,1200,4598917,0,0,0,28,7,7,0,0,1,0,31938,1,0,1
5,1500,386132,1,0,1,28,9,9,1,0,1,2,14817,0,0,0
0,1500,2366375,0,1,1,27,8,7,0,0,0,0,14134,0,0,0
5,1500,1918788,0,0,1,45,25,25,0,1,1,0,30101,1,0,0
17,1200,1272046,1,0,1,72,50,49,1,0,1,1,47477,1,0,0
8,1000,3494992,1,0,4,28,9,8,0,1,0,0,4690,0,0,0
14,1500,1339375,0,0,1,66,46,46,0,0,0,4,38124,1,0,0
7,1200,2618762,0,0,1,74,56,55,1,0,1,0,49142,1,0,0
18,1200,4532326,0,1,0,24,6,6,0,0,1,0,26755,0,0,1
15,1500,3799050,0,0,0,46,27,27,0,0,1,1,58870,1,0,1
5,1500,3088091,1,0,0,18,0,0,0,0,1,0,6409,1,0,0
5,800,1623291,0,0,1,69,49,49,0,0,0,4,59571,0,0,0
2,1200,1134657,0,1,1,32,10,10,1,0,1,0,36280,1,0,0
9,1200,341189,1,1,1,24,4,3,2,0,0,0,3492,0,1,0
0,800,2737504,1,0,4,21,0,0,0,1,1,1,46665,0,0,1
13,1000,2188414,0,1,0,72,51,50,0,0,0,0,44471,0,1,0
3,800,1973686,0,0,1,20,1,0,0,0,1,0,14781,1,1,0
11,3000,385587,1,0,3,37,16,15,0,0,1,0,51207,1,0,0
5,1500,3081391,1,1,0,20,0,0,0,0,0,3,9542,1,0,0
10,800,4785293,1,0,1,46,24,23,0,0,0,0,8457,1,0,0
11,800,4504319,1,1,4,37,16,15,0,0,0,0,5715,0,0,0
9,1500,2766896,1,0,1,27,9,9,0,0,0,1,15368,1,1,0
17,1200,2519298,0,1,1,52,31,30,1,0,0,3,35146,1,1,0
6,2000,326467,0,0,4,43,25,24,0,1,0,0,5940,0,1,0
6,2500,4315382,0,1,1,47,25,25,1,0,2,0,19984,1,0,0
10,1500,2461036,1,1,0,43,24,23,0,0,2,3,23742,1,0,0
3,1000,3063725,0,0,2,54,36,36,0,0,0,0,38366,1,0,0
19,2000,1836661,0,0,2,37,18,17,1,1,2,0,16739,1,1,1
0,2500,1128955,1,1,0,68,49,48,0,0,1,0,10201,1,0,0
12,1500,4266188,1,0,1,70,52,51,0,1,3,2,4579,1,1,1
17,1500,1752337,0,0,1,59,39,39,1,0,1,0,2356,1,1,0
8,1200,4494661,0,1,2,26,5,5,0,0,0,2,24740,1,0,1
8,1200,4385020,0,0,0,28,6,5,0,0,0,0,33187,1,0,1
8,1500,2760834,1,0,0,50,31,30,0,0,0,4,38446,1,1,0
9,2500,747955,0,1,1,47,27,27,0,0,0,0,21964,1,0,0
1,1500,1350169,1,0,1,47,28,28,0,2,0,0,3959,1,0,0
5,2000,1083837,0,1,4,69,49,48,0,1,0,0,42798,0,1,0
14,1000,2508055,0,0,4,62,40,39,2,0,0,3,12853,0,0,0
2,1000,726228,1,0,0,40,20,20,0,0,0,0,34306,1,0,0
10,1500,763324,1,0,0,53,31,30,0,0,0,0,13384,1,0,0
5,1000,1332806,1,1,0,41,20,19,0,1,0,2,42713,1,0,0
2,1500,1758042,1,1,0,48,28,28,3,1,1,4,42703,1,0,1
10,1200,1430745,1,0,1,40,21,21,0,0,0,1,31951,0,0,0
14,2000,4664764,0,0,1,70,49,48,0,1,0,4,25707,0,0,1
12,2000,522779,0,0,0,59,40,40,0,0,0,1,32030,0,0,0
19,1200,2075341,0,1,0,53,34,33,1,0,2,0,12715,1,0,0
9,1000,3769183,0,0,0,57,36,36,1,0,1,2,30444,1,0,0
5,1500,1347887,0,0,1,66,45,44,0,0,0,0,37451,1,1,0
14,3000,2214501,0,1,1,51,29,28,0,1,1,0,35763,1,0,0
17,1500,3139301,1,1,0,38,18,18,2,0,1,3,54544,1,0,1
17,800,2095413,0,0,0,43,21,20,3,1,2,0,2883,1,0,1
6,800,1028543,1,1,1,24,6,6,0,0,1,0,35657,0,1,0
14,1200,2815867,1,1,3,42,24,23,0,1,0,4,43686,1,0,1
17,1000,4838441,0,1,0,20,0,0,0,0,0,0,40307,1,0,1
17,2000,4306696,1,0,0,70,48,48,0,0,1,1,6888,1,0,0
19,2000,4663285,0,0,0,60,40,40,0,0,0,0,36661,0,0,0
8,1200,2653371,1,1,0,35,14,14,1,0,2,0,21130,1,0,0
1,1200,4267054,1,0,1,23,5,5,0,0,1,0,39682,1,0,1
7,1000,427210,0,0,0,71,50,50,1,0,0,0,43339,1,0,0
19,2500,1158438,1,0,1,69,50,50,0,0,0,1,13591,1,0,0
1,1500,839761,1,0,4,63,44,44,1,0,0,1,26962,1,0,0
10,1500,381697,1,0,1,30,9,9,0,0,0,2,43918,1,1,0
6,1200,320063,0,1,1,19,0,0,0,0,0,0,11416,1,0,0
5,1500,3961721,1,0,0,65,47,47,0,1,0,0,10298,1,0,0
9,1200,3981866,1,0,0,73,55,55,0,0,0,0,20277,1,0,0
4,1200,1012060,0,0,1,57,38,38,1,0,0,0,8808,1,1,0
10,1500,4042739,0,0,0,64,46,46,1,0,0,0,12779,0,1,0
0,1500,2916992,0,0,0,30,11,10,0,0,0,0,6602,0,0,0
1,1200,2490544,1,1,0,18,0,0,0,1,0,0,55292,0,0,0
0,1000,3466067,0,0,0,19,0,0,0,0,0,0,34163,0,0,0
18,1200,1911345,0,0,1,21,0,0,0,1,2,0,36467,0,0,1
1,1200,495423,1,1,3,30,11,11,1,0,1,0,18016,1,0,0
19,1500,3686242,1,0,4,47,27,26,0,0,0,0,59027,0,0,0
3,2500,3995451,0,1,1,61,41,40,0,0,0,0,15338,0,0,0
11,800,4353564,0,0,0,29,11,11,0,1,0,0,13411,1,0,0
19,1000,2108773,0,1,0,50,29,29,0,0,0,0,53006,1,0,0
17,1000,1299223,0,0,0,55,34,34,0,0,1,0,15455,1,1,0
0,1500,3481223,0,1,0,60,40,39,0,1,0,0,24253,0,1,0
0,1200,3413336,1,1,1,65,45,44,0,0,0,1,22319,1,0,0
13,1500,4009776,1,0,4,51,30,29,0,0,0,2,50400,1,0,1
3,1000,3558217,0,0,1,20,2,1,0,0,2,0,17219,1,0,1
4,1500,3310935,1,0,2,60,38,38,0,0,1,1,55153,0,1,0
10,2000,3467812,1,1,1,26,8,7,0,0,0,1,31585,1,0,0
12,2500,2318026,0,0,1,24,2,1,1,0,0,2,29074,1,1,1
15,2500,2335298,1,0,4,21,0,0,0,0,0,0,17792,1,1,0
12,2000,1002921,1,0,1,45,24,23,0,1,1,0,36520,1,1,0
1,2500,4227169,0,1,1,59,38,37,1,0,1,0,8692,1,0,0
15,1000,2626248,0,0,0,49,30,30,1,1,3,3,43872,1,1,1
5,1000,3411652,1,0,0,18,0,0,0,0,0,1,44283,1,1,0
13,800,4551536,0,1,2,30,11,11,0,0,0,0,47793,1,0,0
0,1500,2809125,0,1,0,53,32,31,0,1,0,0,35747,1,0,0
16,2500,1657308,1,0,1,43,23,22,1,0,0,0,8201,1,0,0
10,1000,3927626,1,0,1,30,9,9,0,0,2,4,46752,1,0,1
18,1500,3453786,1,0,1,39,17,16,0,0,0,3,50723,1,0,1
2,1500,641798,0,0,0,41,23,23,0,0,0,0,31442,1,0,0
10,2500,4618367,1,0,0,28,6,6,0,1,0,0,27472,0,1,1
4,1500,372195,0,0,1,42,24,23,0,0,1,0,35115,1,0,0
16,3000,3516105,0,1,1,32,10,9,0,0,1,1,9807,0,0,0
6,1200,3832029,1,1,0,62,44,44,0,0,0,0,9214,1,0,0
9,1200,4410583,1,1,4,53,33,33,1,1,0,0,26805,0,0,0
10,1500,2876209,1,0,1,55,37,36,0,0,1,0,9160,1,0,0
2,1200,1396077,1,1,1,51,30,29,0,0,0,2,50127,0,0,0
19,800,1363114,0,0,1,51,29,29,0,0,0,0,13896,1,1,0
9,1500,940147,0,0,0,49,30,29,0,0,0,0,18837,0,1,0
9,2000,2770108,1,0,4,55,35,35,1,1,1,0,57211,1,0,0
13,1500,828057,1,0,4,42,20,20,0,0,0,1,23077,0,0,0
11,1200,4432154,1,0,1,20,0,0,1,0,0,0,30728,1,2,1
14,1500,4546523,0,0,1,69,50,50,0,0,0,0,58332,1,0,0
9,1200,2170115,0,0,1,74,55,54,1,0,3,1,17335,1,1,0
9,800,2791051,0,0,1,74,55,55,0,0,2,0,51411,1,0,0
18,1500,4061003,1,0,0,60,41,40,0,1,0,0,35516,1,0,0
0,1000,3774462,1,1,1,64,45,44,1,0,1,0,42663,1,0,0
9,800,4714507,1,1,0,46,25,24,0,0,0,0,15065,1,0,0
1,2000,2514442,0,1,0,38,20,19,1,3,0,0,30656,1,0,1
16,800,3662734,0,1,0,26,7,7,0,1,2,0,24721,1,0,1
6,2500,1705146,0,1,0,38,16,16,0,0,0,0,20639,1,0,0
6,1500,3855306,0,1,1,38,16,15,0,1,1,0,49817,0,1,1
19,3000,661470,1,1,0,24,5,5,0,0,0,0,5318,1,0,0
8,800,3405217,1,0,1,64,44,44,0,0,1,2,39512,1,0,0
1,1500,300503,1,1,0,49,30,30,0,1,1,1,6854,1,1,0
13,1200,1851610,1,0,1,39,18,17,0,1,0,3,20137,1,1,0
16,2000,1100008,1,1,1,59,41,41,0,0,0,0,57869,1,0,0
0,1200,3637295,1,1,0,28,6,5,0,0,0,1,43094,1,0,0
8,1200,4244044,0,0,1,72,53,52,1,0,1,2,46303,1,0,0
19,2000,3051477,0,0,1,51,33,32,0,0,0,1,49933,0,0,0
18,1200,1250289,0,0,0,31,13,13,1,0,0,0,13009,1,1,0
3,800,4092127,1,1,0,65,46,46,1,0,3,0,15275,0,1,0
7,1200,1153144,1,1,0,58,40,39,0,0,0,0,32105,1,0,0
12,1500,1426857,0,0,1,39,17,16,0,0,0,4,10269,1,0,0
3,1200,4702873,0,0,1,42,23,22,0,0,1,0,28311,0,0,1
8,1200,2315346,0,1,1,33,13,13,1,0,0,1,5466,1,1,0
8,800,997072,0,1,0,50,31,31,0,0,0,3,57884,1,1,0
17,1500,427744,0,0,0,19,0,0,0,0,1,3,16950,0,0,0
11,2000,3550622,1,1,0,56,37,37,3,0,0,4,9986,1,1,1
9,1200,4742464,1,0,0,61,42,41,0,2,0,1,7101,1,0,1
10,1200,1760764,1,0,0,67,48,47,0,0,1,0,7701,1,0,0
6,800,791841,0,1,0,23,2,1,0,0,0,0,3972,1,1,0
8,1000,3649962,1,1,1,51,30,30,0,0,1,0,16738,0,0,0
5,1000,887700,0,0,4,63,41,40,1,1,0,1,18987,1,0,0
18,1200,983763,0,0,0,65,47,47,1,0,0,0,51943,0,0,0
15,1500,1815731,1,0,3,59,40,40,1,2,0,3,12903,1,1,0
14,2500,788371,0,1,1,54,35,34,0,2,0,0,26994,1,0,0
6,800,808062,1,1,3,39,18,17,1,1,0,2,27072,1,0,0
15,1500,2596379,0,0,0,33,13,12,0,0,1,4,38614,0,0,1
4,1500,2919252,0,0,4,24,3,2,1,1,2,2,58264,1,0,1
15,1500,2345175,1,0,4,64,46,45,0,0,0,2,11728,0,0,0
0,2000,2162796,1,1,4,30,11,11,1,0,0,2,28675,1,0,0
18,1000,2825587,1,0,1,66,47,46,0,0,1,3,55701,1,0,0
4,800,1020801,0,0,0,67,45,44,0,0,0,0,44729,1,0,0
6,1500,2659699,1,1,0,67,47,47,0,0,0,4,57051,0,0,0
18,1200,4963089,0,0,4,34,12,12,0,0,1,2,7659,1,0,1
4,800,327224,1,0,0,20,0,0,0,0,0,2,58935,1,0,0
16,1200,3819927,0,0,0,29,9,9,0,0,0,0,9164,1,1,1
7,1200,3262530,0,1,0,23,3,2,1,0,0,0,37035,1,1,1
0,1500,1624982,0,1,1,29,9,8,1,1,1,0,27458,1,0,0
1,1000,768586,1,0,1,28,6,5,0,0,2,0,23730,1,0,0
14,1200,4985335,0,0,4,58,39,39,0,0,1,3,40033,1,0,0
19,1200,2119146,1,0,3,36,17,17,0,0,0,1,40362,1,1,0
17,1200,3138877,1,0,1,48,26,25,1,0,2,3,5640,1,0,1
10,3000,2878747,1,0,1,68,47,47,0,0,0,0,21465,0,0,0
9,800,1470350,1,0,0,19,1,0,2,0,0,3,28670,1,1,1
3,2500,596856,0,1,0,62,42,41,0,0,1,4,18527,1,1,0
4,1500,4004344,1,1,3,49,27,26,0,2,0,1,36119,1,0,1
3,2000,1123947,0,1,1,35,15,14,0,1,1,0,32634,1,0,0
12,1200,4818522,1,1,0,72,52,52,0,0,1,0,9878,1,0,0
12,1200,496019,1,1,0,21,1,1,0,0,0,3,46620,1,0,0
17,2000,1133289,1,1,1,39,17,16,0,0,1,2,27146,0,0,0
1,2000,4178709,1,0,0,73,54,54,0,0,0,0,14331,1,2,0
15,1000,4718156,1,0,0,31,10,10,1,0,0,1,20991,1,1,1
0,1000,4499631,0,0,3,31,10,10,0,0,1,1,6334,1,0,0
18,1200,3113758,0,0,0,54,32,32,2,3,0,0,19098,0,0,1
8,2500,3528403,1,1,1,46,28,27,0,0,1,4,59279,0,0,1
2,1200,1571059,1,0,1,68,47,47,1,0,0,0,30980,1,1,0
6,1500,2737892,1,0,2,51,30,29,0,0,1,3,6252,1,0,0
9,1500,2281736,0,0,2,65,45,45,0,0,0,0,20774,0,0,0
0,2000,974165,0,0,3,23,1,1,0,0,0,3,36099,1,0,0
9,1500,3152414,0,1,0,60,41,41,1,1,0,1,37876,0,0,0
8,1200,4236287,1,0,4,29,7,6,1,0,0,0,49737,0,0,1
14,2500,4474659,1,1,0,41,19,18,0,0,1,0,19876,0,0,1
14,1500,1649039,1,1,0,62,41,40,1,0,0,3,2225,1,0,0
2,1500,3196557,0,1,0,46,26,25,0,0,0,0,54513,0,1,0
4,1200,3659181,1,0,4,27,5,4,0,0,0,0,48096,1,0,0
8,1500,750927,0,1,0,63,44,43,0,0,2,0,28097,0,0,0
8,1200,3424475,1,0,0,53,33,32,0,0,0,3,27612,1,0,0
6,1000,447621,1,0,0,51,31,31,0,1,0,2,57222,1,0,1
11,1500,426566,1,0,0,68,49,49,0,0,0,4,18063,1,0,0
8,1500,2532921,0,0,1,49,30,30,2,0,0,3,50516,1,0,1
5,1500,3136605,1,0,0,49,30,29,0,0,2,0,34350,0,1,0
1,1200,1152005,0,0,1,68,46,45,0,0,0,2,48324,1,0,0
8,1500,3999924,1,0,1,32,12,12,1,1,0,2,11936,0,0,1
16,1200,4430789,1,0,1,26,6,5,0,0,0,0,37792,1,0,0
0,1500,4880061,1,0,2,53,35,34,1,0,1,2,32511,1,1,1
18,1200,1910153,0,0,0,39,21,21,0,0,1,0,9405,0,1,0
5,1500,493782,1,1,0,30,12,12,0,0,0,0,3615,1,1,0
4,2000,2537063,1,0,1,58,36,36,1,0,1,0,21161,1,0,0
1,1200,4590845,1,0,2,61,39,39,0,0,0,0,40804,1,1,1
8,1200,4169926,1,1,1,31,12,11,0,0,2,0,31642,0,0,0
13,1500,963871,0,0,2,43,21,20,0,1,1,1,24679,1,0,0
3,1500,954856,1,0,1,73,53,53,0,0,0,3,44481,0,0,0
3,1500,2763968,0,0,0,61,41,41,1,1,0,0,5166,1,0,0
14,1500,3292633,0,1,1,42,21,21,0,1,1,0,28277,1,0,0
7,1200,3052312,0,1,0,39,18,17,0,1,0,0,51667,1,0,0
3,1200,2392138,1,0,1,47,25,24,2,0,0,0,42709,0,0,1
15,1200,3390106,1,0,0,30,9,8,0,0,1,4,53361,1,0,0
3,1000,2966078,0,0,0,67,45,45,1,1,2,1,53629,1,0,1
15,1500,4194978,0,0,3,49,30,30,0,0,1,0,37070,1,0,0
11,800,2009809,1,0,0,54,35,35,0,1,0,0,37734,1,0,0
15,2500,1552682,1,1,0,36,15,14,0,1,0,3,3968,0,1,1
18,2000,791358,0,0,4,52,30,29,2,0,1,1,53857,1,0,0
7,2000,2206179,1,0,1,66,45,45,2,0,0,2,19701,1,0,0
5,2500,1008359,0,0,1,69,49,48,1,0,0,4,50228,1,0,0
9,1200,2813058,1,1,2,46,24,24,0,0,1,3,15813,1,0,0
4,2000,1627756,1,0,1,24,6,5,0,0,1,0,56992,1,0,1
17,1000,1655760,1,1,0,52,32,32,0,1,0,0,19439,1,1,0
9,800,2846564,1,1,0,56,34,33,0,0,1,1,4799,1,0,0
9,2000,1265415,1,0,1,23,2,1,0,0,2,0,29760,1,0,0
6,800,2572786,0,0,3,31,10,9,0,0,3,0,53262,0,0,1
17,3000,2426304,0,0,0,45,24,24,0,0,2,3,7781,0,0,0
0,1500,4055900,0,1,0,18,0,0,0,0,0,3,15770,1,0,1
6,2000,3794403,0,1,0,63,42,41,0,0,0,3,50508,1,0,0
0,1000,3762783,1,0,1,38,16,15,0,1,0,4,4924,1,0,0
14,1500,3273882,1,0,0,44,22,21,2,1,0,2,11851,1,1,1
3,800,2790513,0,0,3,39,18,18,0,0,0,0,27634,1,0,0
19,2000,894925,1,0,4,28,9,9,1,0,0,0,43917,1,0,0
9,1000,4629623,1,1,1,26,7,7,1,0,1,3,21702,1,0,1
8,1500,3389770,0,1,4,27,7,6,0,0,0,3,47706,1,0,1
1,1000,1785339,1,0,0,71,49,48,0,0,0,1,59107,1,0,0
13,800,2268776,0,0,2,60,39,38,0,0,1,1,56345,0,0,0
15,1200,2110480,0,1,1,73,52,51,0,0,0,3,12779,0,1,0
0,1000,1761505,1,0,0,67,46,45,0,0,1,2,17675,0,0,0
1,1500,868837,1,0,0,66,47,46,2,0,0,3,55414,1,0,0
6,1000,2571772,0,0,1,63,45,45,1,0,2,3,38575,0,1,1
9,1200,745849,1,0,1,66,44,43,0,1,0,0,35396,1,0,0
19,1500,2231419,1,1,3,56,36,36,0,0,0,0,30998,1,0,0
0,1200,1681815,1,0,1,48,28,28,1,0,1,2,8841,0,0,0
12,1200,677481,0,0,1,49,29,29,0,0,0,4,25426,1,0,0
0,2000,3326287,0,0,0,48,26,25,0,0,2,3,2646,1,0,0
4,1000,1874887,0,1,1,25,3,2,1,0,0,3,43540,1,0,0
15,800,1767448,0,0,1,57,37,37,0,0,0,3,44873,1,0,0
14,1200,3400846,0,1,0,68,48,48,0,1,1,0,17892,1,0,0
16,1200,3835990,1,0,4,22,1,1,0,0,0,4,20960,0,0,1
15,1500,4211826,0,0,1,48,30,29,0,0,0,1,40733,1,0,0
12,1200,4802371,1,0,1,24,5,4,0,0,2,3,24327,1,0,1
10,2000,1645800,1,1,1,62,40,40,0,0,0,0,9261,0,0,0
16,800,3449202,0,0,4,64,46,45,0,1,1,0,37269,1,1,1
16,1200,1473761,1,0,0,31,11,11,0,0,0,0,5827,1,0,0
1,1200,772923,0,1,1,42,22,21,1,0,1,0,9770,1,0,0
12,1500,958620,1,0,0,38,18,18,1,0,0,3,42431,1,1,1
13,2500,1277722,0,1,0,64,44,44,1,0,0,4,45011,1,0,0
10,1500,3303110,1,0,0,46,25,25,0,1,1,0,35470,1,0,0
9,3000,4412341,1,0,1,63,41,41,0,0,1,0,9321,1,0,0
2,1200,1081550,1,0,2,62,42,41,0,0,0,4,41402,1,0,0
16,800,2562342,1,1,1,48,28,27,0,0,1,3,38080,1,0,0
14,1000,4110373,1,0,1,69,47,46,0,0,2,0,4503,1,0,0
8,1200,4699053,0,0,4,21,2,2,0,0,0,0,20394,1,0,1
9,1200,2556576,0,0,1,71,50,49,1,0,1,4,43205,1,1,1
7,800,2834424,1,0,0,58,37,37,0,0,0,0,8979,1,0,0
12,1200,1280549,1,1,0,63,45,45,0,0,0,1,16754,0,0,0
17,1200,4255867,1,0,0,46,25,24,0,0,0,0,46912,1,0,0
4,1000,453233,1,1,0,66,48,48,0,0,0,2,53080,0,0,0
5,1200,4906170,0,1,0,18,0,0,1,0,0,3,10786,1,0,1
16,2000,1093978,1,1,1,49,27,26,2,0,0,4,33341,1,0,0
10,1200,3559585,0,0,0,18,0,0,0,0,2,0,21622,1,0,1
19,1500,4392353,1,0,0,21,3,3,1,1,0,0,39827,1,0,1
15,1500,4640470,0,0,0,37,16,16,0,0,0,3,11959,1,0,0
8,1200,855524,0,0,1,57,37,36,1,0,1,0,26026,1,0,0
1,1000,4895184,1,0,3,54,35,35,0,0,1,0,45655,0,0,1
4,1200,4786369,0,0,4,31,9,8,1,0,0,4,22964,0,1,1
0,1500,657525,0,1,1,69,51,51,0,1,1,2,23852,1,1,0
3,1200,4241550,0,0,1,73,52,52,0,0,0,0,59981,1,0,0
3,1000,3872721,1,0,1,72,52,51,1,1,0,2,8303,1,0,1
2,1000,2788837,0,1,1,31,11,10,0,0,1,0,24957,1,1,0
8,2000,1902844,0,0,1,71,51,51,0,0,0,1,15705,0,0,0
11,1200,3153428,1,0,1,19,0,0,0,1,0,2,16098,1,0,1
9,1500,4387040,1,0,1,38,20,19,0,0,1,2,53636,1,0,0
1,1200,4557774,1,0,4,46,24,24,0,0,0,0,10849,0,0,0
10,2000,3780634,1,0,0,29,8,8,0,0,1,4,17549,1,0,1
9,1500,4320143,0,0,0,35,17,17,0,1,0,2,5837,1,1,0
5,1200,2414773,1,0,0,55,36,36,0,0,2,2,34601,1,0,0
17,2500,1473180,0,0,1,58,39,39,0,0,1,1,8685,1,0,0
1,1500,640920,1,0,0,49,27,27,0,1,1,0,34811,1,0,0
1,1000,1347346,1,0,0,58,36,36,0,0,1,0,34715,1,0,0
9,1000,335031,0,0,1,39,17,17,0,1,0,0,54398,1,0,0
15,2000,808186,1,0,1,53,34,33,0,0,0,0,9062,1,0,0
11,2000,3191582,0,1,1,59,40,39,0,0,1,4,36877,0,0,0
0,1500,414619,0,0,0,29,11,11,1,1,0,0,50828,1,0,0
7,1500,1258012,0,0,1,74,56,55,0,0,3,0,2181,1,0,0
15,1500,3915292,0,1,1,38,16,15,0,0,0,0,30680,1,0,1
17,1200,593245,0,1,3,25,5,4,2,0,1,0,49818,1,1,0
12,1500,1766539,0,0,1,45,27,27,0,0,0,0,34020,1,0,0
14,1000,673980,1,1,0,74,55,55,1,0,1,0,11674,0,0,0
11,2500,4161888,0,0,1,70,49,49,0,1,1,0,48174,1,0,0
7,2000,4758330,0,1,0,39,19,19,1,0,0,0,4023,1,0,1
9,1500,3615755,1,0,0,69,50,50,1,0,0,0,15919,0,1,0
13,1200,2457117,1,0,0,33,13,12,0,1,0,3,50399,1,1,1
4,1000,4714170,0,1,3,29,8,8,1,0,1,2,24254,1,0,1
17,1200,2093358,0,0,0,66,44,44,0,0,1,3,13785,1,0,0
18,1500,2569784,1,0,1,34,14,13,0,0,1,0,27797,1,0,0
14,1500,2952783,0,1,0,38,17,17,2,0,0,1,35619,1,0,0
5,1200,1170375,0,0,4,68,47,47,0,0,1,3,35058,0,0,0
10,1500,415154,0,1,1,24,4,3,0,2,0,4,23734,1,0,0
10,2000,2794318,1,0,1,37,17,16,1,0,1,0,37658,1,0,1
19,800,434961,1,1,1,53,33,32,0,1,0,0,21969,1,0,0
19,1200,4393642,0,0,0,69,49,48,0,0,1,0,15822,0,0,0
17,2000,3933448,0,0,4,71,49,48,0,0,0,0,57058,1,0,0
17,1500,843264,1,0,1,58,39,38,0,0,0,0,9577,0,0,0
9,1500,585160,1,1,1,61,43,43,0,0,0,0,56178,1,0,0
1,1500,4255713,1,0,1,30,8,7,1,0,2,2,24329,1,1,1
8,3000,4704001,1,0,3,58,38,37,3,0,0,2,2189,0,0,1
13,800,2008372,0,0,0,46,25,24,0,2,0,1,39868,0,1,1
18,1200,2545311,0,0,0,60,38,37,0,2,0,2,5713,1,0,1
9,800,3388689,0,0,2,54,36,36,1,0,1,2,39137,1,0,1
3,1000,3080666,1,1,0,25,7,6,1,1,0,2,54893,1,0,1
5,1200,2652891,1,0,1,37,15,15,0,1,0,4,19172,0,0,1
13,1000,1786539,1,0,0,61,40,39,2,0,0,1,22983,1,0,0
3,2500,2431501,0,1,0,73,52,52,0,1,0,2,30044,1,0,0
14,2500,876772,1,0,1,65,44,44,1,1,0,3,16746,1,0,0
15,1200,1399413,0,1,2,27,8,8,0,0,0,3,19473,1,1,0
6,1500,899621,1,1,1,32,11,10,0,0,1,0,40267,1,0,0
16,1500,1618251,1,0,0,74,56,55,0,1,0,3,48426,1,1,1
18,2000,3378684,1,1,0,29,9,8,0,1,1,0,33098,0,1,1
18,1500,725532,0,0,4,73,53,52,0,1,0,1,52901,0,0,0
16,800,633411,1,1,0,73,55,54,0,1,1,0,27145,1,1,0
5,2000,4083110,1,0,0,63,42,41,1,0,0,4,55230,1,0,0
10,1500,2771055,0,0,4,74,54,53,1,0,3,0,7534,0,0,0
15,1500,999583,0,1,3,62,44,44,0,0,0,0,15999,0,1,0
7,2500,3666752,1,1,1,33,12,11,0,0,0,0,50719,0,0,0
10,2500,2278125,1,0,0,59,40,40,0,0,1,0,16161,0,0,0
6,1500,4414730,1,0,0,25,5,5,0,0,1,2,18896,0,0,1
18,1500,2604426,0,0,0,37,16,16,0,0,0,4,34868,1,0,1
9,3000,2626326,0,1,1,31,10,10,0,0,0,1,19131,1,0,0
8,1200,1769131,1,0,0,54,34,33,0,1,0,1,59090,1,0,0
3,1200,3122900,0,1,0,43,22,21,0,0,2,0,33874,0,0,0
14,1000,494891,1,0,0,55,33,33,1,0,2,3,57348,1,0,0
12,2000,3559802,1,0,3,70,48,47,0,0,0,0,35224,0,0,0
1,1500,2020562,0,0,1,58,39,38,0,1,1,0,3355,1,0,0
1,1000,2944742,1,1,1,62,44,44,0,0,1,0,27317,0,1,0
15,3000,4147779,0,1,0,46,24,23,0,0,1,3,33330,1,0,1
8,1500,1771904,0,0,3,30,8,7,0,0,0,0,54007,1,0,0
12,2000,4749754,1,1,1,51,32,31,1,0,3,0,42599,0,0,1
2,800,403812,1,1,1,39,17,17,0,0,0,0,27081,1,0,0
8,1500,3647004,1,1,4,62,40,40,1,0,1,0,56945,1,0,0
12,1500,2388404,0,1,0,43,23,23,0,0,0,1,52807,1,0,0
1,1500,4622711,1,1,1,51,32,31,1,1,2,3,38098,0,0,1
7,1500,3870258,1,0,1,64,43,43,0,0,0,0,43377,1,0,0
8,2000,2343230,1,0,0,41,20,20,1,1,1,0,52714,1,0,0
15,1200,3908483,0,1,0,73,55,54,0,0,1,1,21652,1,0,0
1,2000,2002170,1,1,4,38,20,20,0,0,1,2,35561,1,0,0
5,1000,2030171,1,0,0,48,26,25,0,1,0,1,58746,1,0,0
7,1200,3637372,0,1,1,29,7,6,1,0,1,0,44429,1,0,1
4,800,1178193,1,1,1,59,38,38,0,0,0,0,43331,1,0,0
8,1200,3288710,1,0,0,41,22,21,1,0,0,0,55711,1,0,0
0,1200,4398683,0,0,0,38,18,17,0,1,0,4,56348,1,0,1
8,2000,3319308,0,1,0,21,3,2,1,1,0,1,53753,0,0,1
9,1500,4343645,1,0,0,42,20,20,1,0,0,0,14530,1,0,0
3,1200,1423614,1,0,3,25,7,6,0,2,0,0,30914,0,1,0
2,1500,3384905,1,0,2,53,32,31,0,0,0,1,3094,1,0,0
9,800,1747205,1,1,0,51,32,31,1,0,0,2,45191,1,0,0
14,1000,2131045,0,0,0,67,46,46,0,1,0,3,32938,1,1,1
10,1500,4921070,0,1,0,67,47,46,0,0,0,0,41042,1,0,0
13,1500,2482878,0,0,0,63,44,43,0,0,0,2,32715,1,0,0
5,2000,4964965,1,0,1,44,24,24,0,0,1,0,23834,1,0,0
11,1200,460284,0,0,0,45,25,25,0,0,0,2,23316,0,0,0
12,1500,4116941,1,1,3,46,27,26,0,0,0,0,52635,0,0,0
16,1500,1660929,0,0,0,46,26,26,0,0,0,0,9009,1,0,0
15,2500,4948021,1,0,3,27,9,8,1,0,1,2,18216,0,1,1
2,1000,1077331,0,1,1,61,39,39,0,0,0,1,37727,1,0,0
1,1500,366856,1,1,1,49,30,30,1,0,1,0,27448,1,0,0
10,1500,675162,1,0,2,25,4,3,0,1,1,0,44387,1,0,0
8,3000,1692243,0,0,0,71,50,49,0,1,0,0,57390,1,1,0
2,1000,861473,1,0,1,34,12,12,0,0,0,3,50868,1,0,0
17,1500,2597459,0,0,1,29,8,7,0,0,0,1,6139,0,0,0
19,1200,1329476,0,0,1,43,21,21,1,0,1,0,52129,1,0,0
14,1500,3539473,0,0,1,69,51,50,0,1,0,0,49119,0,0,1
13,1000,3903270,0,0,0,20,0,0,0,0,2,0,39444,1,0,1
1,800,4009346,1,0,0,59,38,37,0,0,0,0,37313,0,0,0
16,1500,4817454,1,0,1,28,10,10,1,1,0,0,59658,0,0,1
7,1200,4150215,0,0,0,31,10,9,0,0,1,2,3878,1,0,1
9,1000,3468275,1,1,4,24,3,3,2,0,1,0,30703,1,0,1
17,1200,585083,0,0,1,43,25,24,0,1,1,2,45506,0,1,0
18,800,4836186,1,1,0,54,36,35,0,0,0,1,39842,0,1,0
7,2500,4188386,1,1,0,50,32,31,1,1,0,0,23418,1,1,0
7,1500,767548,1,0,1,61,40,40,0,0,0,3,3394,1,0,0
2,2000,957082,0,0,0,65,43,43,0,0,0,0,6118,1,0,0
2,1200,1723560,1,0,1,49,27,27,1,0,0,2,49300,1,0,0
11,2500,2268892,1,0,0,55,36,35,0,0,0,2,27731,1,0,0
16,1200,2112013,1,0,1,37,18,18,2,1,0,3,28484,1,0,1
3,1500,422225,1,1,0,27,6,6,0,0,0,0,56182,1,1,0
16,1200,1744070,1,0,1,32,11,10,0,0,0,0,44498,1,0,0
13,1500,500231,1,0,0,32,10,10,0,1,0,0,25615,1,0,0
18,1500,3845474,0,1,0,23,3,2,0,0,0,3,45634,0,0,1
8,1200,3265107,1,0,0,72,53,52,0,0,0,0,10086,1,0,0
11,1000,3989562,1,0,0,42,20,19,0,1,0,0,10190,1,0,0
4,1500,1139737,0,0,0,18,0,0,0,0,0,0,26560,1,0,0
10,1200,2499985,1,1,0,23,4,3,0,1,1,2,51932,1,1,1
19,800,1295310,0,0,0,30,11,11,0,0,0,1,38529,1,0,0
2,1200,450025,1,0,1,28,9,9,0,1,0,3,3501,1,2,0
14,1500,990943,1,0,1,41,20,20,0,0,0,0,58648,1,0,0
13,2000,2617116,1,0,4,37,15,15,0,0,1,3,5188,1,0,0
10,800,1608408,1,0,0,43,23,22,0,0,0,0,20550,0,0,0
19,1200,3122626,0,0,0,42,21,21,0,0,0,1,45593,1,0,0
7,2000,3662198,1,0,1,69,50,50,0,1,1,0,41271,1,0,0
3,1500,2482661,0,1,0,69,51,50,0,0,0,3,49799,1,1,0
11,1200,3954890,1,1,1,29,7,6,0,1,1,3,42510,1,0,1
7,2000,3978618,1,1,4,63,42,41,0,1,1,4,3456,1,0,0
5,1200,2375770,0,0,1,26,7,6,0,2,0,0,7328,1,0,0
14,1200,3464172,0,0,1,62,42,42,0,0,0,0,46072,0,1,0
11,3000,1416725,1,0,1,53,34,33,0,2,0,0,54084,1,0,0
15,2500,1994567,1,0,1,26,7,7,0,0,0,2,24215,0,0,0
15,1200,1194740,0,0,1,50,29,29,1,0,0,3,39472,1,0,0
19,1000,1393442,0,0,0,57,37,37,0,1,1,3,3594,1,0,0
19,1200,4953733,1,0,4,51,33,33,0,1,1,4,4319,1,0,1
3,800,2061175,0,0,0,41,20,19,0,0,1,1,36076,0,0,0
10,800,1916075,1,0,0,70,48,48,0,1,1,0,32227,1,0,0
12,1200,4890524,0,0,4,62,42,42,0,0,0,1,40521,1,0,0
8,2500,2460941,0,1,3,62,44,43,0,1,0,0,25734,1,0,0
3,2000,3520250,0,0,0,50,32,32,1,0,1,0,31544,1,1,0
11,1500,3734141,0,1,0,50,30,29,0,0,0,2,56363,1,1,1
8,1500,4574013,1,1,1,46,24,23,1,0,1,0,2313,1,1,0
12,800,845406,1,1,0,55,36,35,0,0,2,0,37757,1,0,0
15,1000,576233,1,1,0,65,44,43,1,0,0,0,34655,1,0,0
5,800,1063963,1,0,4,66,44,43,0,0,0,3,30427,1,0,0
9,2000,1303290,1,0,1,30,12,12,0,1,0,0,7650,1,0,0
12,1000,4376972,0,1,1,35,13,13,0,0,0,4,45143,0,1,1
6,2000,1059703,1,0,1,52,33,33,0,0,0,4,26932,1,0,0
18,1500,4863581,1,0,1,64,42,41,0,0,1,0,3339,0,0,0
18,1000,3384237,1,0,4,19,0,0,0,1,2,0,35007,1,0,1
16,1000,1476550,0,0,1,42,24,24,1,0,0,0,48568,1,0,0
12,1500,1862795,1,1,1,23,1,0,0,2,0,0,48736,1,1,1
12,2500,1500143,1,0,1,42,21,20,0,0,1,3,34831,1,0,0
1,1500,4372265,0,0,4,70,50,50,1,0,0,2,10079,0,0,1
9,1200,3629903,0,1,1,37,19,19,0,1,0,0,17459,0,0,0
12,1500,2286522,0,0,3,31,11,10,0,2,0,4,37121,1,0,1
8,1200,1530016,0,1,0,67,45,45,0,0,0,1,34212,0,1,0
0,3000,3369900,1,1,0,21,2,2,0,0,1,4,2382,1,0,1
13,1500,930572,0,1,0,25,7,7,0,0,1,2,39265,1,0,0
15,1500,1666948,1,1,0,51,29,29,0,0,1,0,58538,1,1,0
19,1200,1618660,1,1,0,45,23,22,0,0,1,0,41954,0,2,0
14,1500,4775054,1,1,0,73,54,54,0,0,0,0,52909,0,0,0
0,1200,602891,1,0,4,19,0,0,1,0,2,1,29327,1,1,0
16,800,1806519,1,0,0,34,13,12,0,0,0,0,45931,0,0,0
12,1200,3969750,1,0,1,21,2,1,0,0,0,1,19764,1,0,1
14,2500,4426228,0,1,2,72,54,54,0,1,0,4,5769,1,0,1
15,1500,3875538,1,0,0,65,47,47,0,1,0,3,20275,1,1,0
15,800,2365058,0,0,0,51,31,31,2,1,0,0,47029,1,0,1
1,2000,3330082,1,1,0,44,23,22,0,0,0,0,9516,0,0,0
16,1200,447558,0,1,0,36,15,15,0,0,1,0,45912,1,1,0
10,1000,376085,1,1,4,45,27,26,1,0,2,4,28072,1,0,0
7,1200,3187577,0,0,3,55,33,33,1,0,0,3,12286,1,0,0
19,1500,328788,0,0,3,51,30,29,0,0,0,4,17927,1,0,0
2,1500,4495799,0,0,3,49,28,27,1,0,1,0,5717,1,0,0
11,1200,934290,1,0,0,58,36,35,2,0,0,0,2375,0,0,0
19,1500,3826219,1,0,1,48,29,28,0,1,2,0,58203,0,1,1
15,1200,3254708,1,1,1,23,1,1,0,1,1,0,44285,1,1,1
13,2000,665250,1,0,4,23,3,2,0,1,0,0,14317,0,0,0
15,1000,2434811,1,0,0,45,25,24,1,0,0,3,20800,1,0,0
16,2000,4235685,0,1,0,25,7,7,0,0,0,0,40074,0,0,0
10,1500,2875805,1,0,0,18,0,0,0,0,0,0,45819,1,0,0
16,1500,1025085,1,1,0,33,12,12,0,0,0,1,40132,1,1,0
18,1200,1961717,1,1,1,59,41,41,0,0,0,4,2520,1,1,0
0,1500,4746201,1,0,0,36,18,18,0,0,1,2,52087,1,0,1
11,800,1608709,0,1,1,35,14,14,0,2,0,1,55502,1,0,0
14,2000,4619713,0,1,1,47,26,26,1,0,0,0,40061,1,0,1
17,800,365258,1,0,0,33,11,11,0,1,0,1,8153,1,0,0
13,1000,777049,1,0,0,50,30,30,0,0,0,0,16699,1,0,0
0,1500,1949049,0,0,4,45,24,23,0,3,0,1,27535,0,1,0
12,1500,3469447,1,0,1,64,42,41,0,0,1,0,55068,0,0,0
14,800,1722901,0,0,1,33,13,13,0,0,0,0,21275,1,0,0
6,2500,2002284,0,0,3,28,9,8,0,0,1,3,26119,1,0,0
14,3000,1559485,1,1,0,23,4,4,1,2,1,1,44414,1,0,1
19,1500,4653810,1,1,0,31,12,12,0,2,1,0,26331,1,0,1
9,1200,3154953,1,0,0,65,44,43,2,0,1,0,37611,1,0,0
13,1500,844808,0,0,1,53,33,33,1,2,1,1,23562,0,0,1
5,1200,1667601,1,1,1,39,19,19,2,1,1,1,21619,1,1,1
13,1200,4770430,1,1,0,57,38,38,0,0,2,0,16590,1,0,0
11,2500,2346350,0,0,0,40,22,21,1,0,0,0,44382,0,1,0
10,2500,1305749,0,0,2,48,28,27,0,0,0,0,19160,1,0,0
19,2500,1892500,1,0,1,45,25,24,0,1,1,0,17825,1,0,0
18,1200,2626444,1,0,4,36,14,14,0,0,1,0,15437,1,1,0
1,1000,4752005,0,1,0,68,49,48,2,0,1,0,6091,1,0,0
19,1200,1013447,1,0,1,39,21,21,0,0,1,0,15543,1,0,0
0,1200,1647426,1,0,2,18,0,0,0,1,1,1,4650,0,0,0
7,1200,2984311,0,0,3,20,2,2,0,0,1,0,21863,1,0,1
13,1200,2527600,1,1,0,25,7,6,1,0,0,4,25841,1,1,0
8,1500,3440753,1,0,0,30,12,11,0,0,0,1,36990,1,0,0
1,2000,1934601,1,0,0,68,47,46,0,2,0,0,50751,0,0,0
4,1500,1913839,1,1,1,18,0,0,0,0,1,0,10565,1,0,0
7,2000,4329524,0,1,1,46,26,26,0,0,0,4,43884,0,0,0
15,800,3342785,0,0,1,30,8,8,0,1,0,4,16895,1,0,1
15,800,2959379,0,0,0,59,41,40,0,0,0,0,5153,1,0,0
12,2000,832586,0,1,0,46,28,27,0,0,0,3,35691,0,0,0
19,1500,1019782,0,0,0,47,27,26,2,1,1,1,45284,1,1,1
14,1500,4456312,1,0,3,33,15,15,0,0,1,0,5298,1,0,0
0,800,3163474,1,0,1,58,40,40,2,0,2,3,40960,1,0,0
2,1200,3375045,0,0,0,51,33,33,0,0,0,1,56294,1,0,1
5,1500,2203401,1,0,1,72,53,53,0,1,1,0,19948,1,0,0
13,2000,1175131,1,1,0,57,38,38,0,3,0,3,33844,0,0,0
3,2500,1969304,1,0,1,20,1,1,1,1,1,2,39859,1,0,1
17,1500,559360,1,1,0,46,24,24,0,1,1,0,40857,0,1,0
14,1500,2216262,1,0,1,47,29,28,0,0,0,0,37667,0,1,0
8,2000,2541496,0,1,1,72,53,52,0,0,1,0,10458,0,1,0
17,1500,1491476,1,1,0,69,50,50,0,2,0,0,14990,1,0,0
2,1500,3490159,0,1,0,51,30,29,0,0,0,0,23753,0,0,0
9,2500,1749648,1,1,0,21,0,0,0,0,1,3,31733,0,1,1
16,2000,1339492,1,1,0,65,46,46,0,0,0,2,42980,1,0,0
6,2500,4551126,1,0,4,25,6,6,1,0,0,0,11118,0,0,1
14,1000,1273900,1,0,1,64,45,44,0,0,0,2,51868,1,0,0
0,1500,3968027,0,0,1,65,44,44,0,0,1,4,4931,0,0,0
10,2000,2332494,1,1,1,35,14,14,0,0,0,0,28934,1,0,0
16,1000,769456,1,0,1,39,17,17,0,0,4,0,31623,1,1,0
4,2000,4247426,1,0,0,27,9,9,1,0,1,3,11425,1,0,1
6,1000,348068,1,0,0,68,50,49,0,2,0,1,13053,1,0,0
18,2000,1710345,1,1,1,31,9,8,0,0,0,0,20267,1,0,0
14,1500,3041133,1,1,1,68,50,49,0,1,0,0,57705,1,1,0
2,1000,2634990,1,1,4,71,51,50,1,0,0,0,6158,0,0,0
14,1200,4618595,0,0,0,63,45,44,1,0,0,0,36115,1,0,1
4,1500,3235763,0,0,0,48,27,27,0,0,1,3,13871,0,0,0
11,1500,860180,1,0,3,52,31,30,0,0,0,4,33361,1,0,0
19,1200,722728,0,0,1,63,44,43,0,0,0,4,20102,1,0,0
4,2000,3581899,0,0,4,19,0,0,1,1,0,0,37285,1,1,1
2,1500,395847,0,0,0,19,0,0,1,0,1,0,28764,1,1,1
8,1500,4699464,1,1,0,52,32,31,0,0,1,0,28891,1,1,0
8,800,3391819,1,0,0,51,31,30,0,0,0,0,9285,0,0,0
6,2500,3536573,1,0,0,46,27,27,0,0,0,0,35474,1,1,0
1,1000,612147,1,1,0,23,5,4,0,0,0,4,37655,0,0,0
15,1500,1197724,1,0,0,21,2,2,0,0,1,4,14536,1,1,0
8,2000,4299046,1,0,1,18,0,0,0,0,0,0,52599,1,0,0
12,1000,1557460,0,0,2,52,32,32,1,0,1,0,3628,1,0,0
18,1500,928322,1,0,0,65,46,46,0,0,0,1,13252,1,0,0
19,1000,574528,1,1,0,64,45,45,1,0,1,0,52871,1,0,0
16,2000,2006056,0,0,4,43,23,22,1,0,0,0,45093,0,1,0
5,1500,2484447,0,1,0,46,24,24,1,0,2,0,7272,1,0,0
3,2000,4250310,1,1,1,28,8,7,0,0,0,2,9175,1,0,0
0,2000,4454524,1,0,2,68,46,46,1,0,3,0,8088,1,0,0
17,1500,3297666,1,0,0,21,1,1,0,0,0,1,17135,1,1,1
18,1500,2710412,0,0,2,39,21,20,0,0,0,0,37372,1,1,0
8,1500,1187517,1,0,1,50,28,28,0,0,0,3,35049,1,1,0
12,1200,335673,1,0,0,51,29,28,0,0,1,0,44272,1,0,0
7,1500,963650,1,0,3,48,29,29,0,0,1,0,52316,1,0,0
12,2500,1408699,0,0,1,27,5,4,0,1,1,0,45135,1,0,0
14,1200,4738940,0,1,1,52,31,31,1,0,1,0,58815,1,0,1
10,1200,1860517,1,0,1,70,51,51,0,0,0,0,31610,1,0,0
11,1200,1422050,1,0,0,45,26,26,0,0,1,3,36957,1,0,0
13,1200,1935768,0,1,0,40,22,22,0,0,0,0,53512,0,0,0
3,800,1020065,0,0,0,66,47,47,0,1,0,3,28507,0,0,0
0,1200,2500950,0,0,0,29,10,10,1,0,0,0,9142,1,0,0
3,1200,3513973,0,1,0,46,25,25,0,0,0,1,44660,0,0,0
18,1500,1507277,1,0,0,19,0,0,0,0,0,0,53360,1,0,0
8,1200,2770254,1,0,0,30,8,8,0,1,0,2,26978,1,0,0
9,1500,4714997,1,0,0,53,35,34,0,0,0,0,19939,1,0,0
3,2000,3420755,1,0,1,64,43,42,0,0,1,0,8450,0,1,0
19,2500,4674226,1,0,0,43,23,22,0,1,1,0,2690,1,0,0
8,1500,2512887,1,0,1,34,14,14,0,0,0,0,47081,1,0,0
12,800,1882371,1,0,1,60,40,40,0,0,1,0,37005,1,0,0
11,2500,3651914,1,0,2,50,29,29,0,0,1,2,40432,1,0,1
10,1500,4959767,0,1,1,74,54,53,0,0,0,0,59094,1,0,1
11,1200,3444969,1,0,4,39,17,16,2,2,0,2,36483,1,0,1
17,1000,2805417,1,0,1,19,0,0,0,1,0,0,36505,1,0,1
11,1000,2194089,1,1,0,27,7,7,1,0,2,0,20651,1,0,0
15,1000,3470725,0,0,0,56,38,38,0,0,0,0,38093,1,0,0
4,800,2306910,0,0,1,43,23,23,0,0,0,0,53123,1,0,0
19,2500,3658169,1,0,1,47,27,26,2,1,0,4,36467,0,1,1
11,1500,2736273,1,1,0,39,20,19,0,0,0,0,52739,1,0,0
10,1500,3497332,0,1,1,28,6,5,0,0,0,0,53344,1,1,1
8,2000,1367043,1,1,0,39,18,17,0,0,0,4,34859,0,2,0
17,2000,3261965,0,1,4,41,23,23,0,0,1,0,23889,1,0,0
2,2000,1262142,1,0,0,46,25,25,0,1,1,0,25381,1,0,0
19,2500,2898214,1,0,1,68,48,48,1,1,1,0,56768,1,0,1
16,1200,3865887,0,1,4,27,8,7,0,0,0,0,8112,0,0,0
13,2500,4695745,1,0,1,51,31,31,0,0,1,0,34913,1,0,0
0,1500,2633329,1,0,1,63,43,42,1,1,1,0,41952,0,0,0
16,800,3182007,1,0,3,42,24,23,0,0,1,0,59406,1,0,1
7,1500,4275692,0,0,1,38,20,19,0,0,0,4,35855,1,0,1
4,1500,4684294,1,0,0,71,50,50,0,1,0,0,57174,1,0,0
4,2500,3277965,1,0,3,56,36,36,0,0,0,0,12719,0,0,0
8,1200,1848247,1,0,0,30,9,9,0,0,0,1,12278,1,0,0
2,1500,3148137,0,0,0,19,0,0,2,0,0,1,8692,1,1,1
18,800,1782937,1,0,0,23,5,5,0,1,0,0,34805,1,1,0
8,1200,3287288,1,0,1,18,0,0,0,2,1,0,46636,1,2,1
17,800,3475400,0,0,0,74,53,53,1,1,1,0,5759,0,0,1
15,1500,2478633,0,0,1,45,24,23,0,0,0,0,33043,1,0,0
0,2000,776454,0,1,0,39,17,17,0,0,0,0,33318,1,0,0
1,1000,2385547,1,0,0,28,6,6,0,1,2,1,32094,1,1,0
13,1500,3623740,0,0,4,56,37,37,1,0,0,4,50791,0,0,1
13,1000,1136908,1,0,0,22,0,0,0,1,0,1,44105,1,0,0
0,1000,2635932,1,0,0,35,16,15,1,2,1,4,46455,1,0,1
15,1500,1846033,0,0,0,37,17,17,0,0,0,0,37778,1,0,0
14,800,1896802,1,1,1,29,7,6,0,1,0,2,52208,1,0,0
14,1500,375302,0,0,1,38,16,15,0,0,0,0,41914,1,1,0
11,800,3781792,0,1,3,44,23,23,0,0,0,1,44478,1,0,0
15,1000,850050,0,1,0,67,48,48,0,0,1,0,11424,1,1,0
13,1500,984084,1,0,1,58,37,37,0,0,0,0,3593,1,1,0
14,1500,914874,0,0,1,51,29,29,0,0,1,0,30708,0,0,0
14,800,635058,1,0,1,35,15,15,0,0,1,1,40808,1,1,0
18,1500,4668149,1,0,1,51,33,32,0,0,3,1,4667,1,0,0
7,2000,4529509,1,1,1,19,0,0,1,0,0,1,7901,1,0,1
1,1500,4610346,1,1,0,70,51,51,0,0,0,0,21372,1,1,0
1,1000,4018869,0,0,0,31,11,10,1,1,1,2,37483,0,0,1
9,1500,2558414,1,0,1,56,36,35,0,1,0,2,11385,1,0,0
2,1500,1466664,0,0,1,18,0,0,0,0,0,2,3061,1,0,0
16,800,729738,0,0,0,45,26,25,0,1,0,0,48493,1,0,0
7,2000,2657665,1,0,1,58,38,38,0,1,0,0,52298,1,0,0
3,2500,3386933,0,1,0,44,24,24,0,0,1,3,40613,1,0,0
13,2000,4285923,0,0,1,47,27,27,1,0,1,0,44903,1,0,0
9,2000,1929828,0,1,0,39,17,17,0,0,1,0,24652,1,0,0
0,1500,2974638,1,0,1,29,10,9,0,1,2,3,42449,1,2,1
3,1500,4398375,1,1,0,18,0,0,0,0,1,4,17759,1,0,1
0,1500,349427,1,1,1,50,30,29,2,0,1,4,29678,1,0,0
16,2000,2010795,1,1,1,58,37,36,1,0,0,0,28564,1,0,0
16,1500,1656227,1,0,1,65,47,47,0,0,0,0,39856,1,0,0
6,1200,1935434,0,0,0,74,55,55,0,1,0,0,49670,0,0,0
19,1200,4900374,1,0,0,66,44,44,0,0,0,1,38396,1,0,0
14,2000,2690950,0,0,0,18,0,0,0,0,1,2,57623,0,0,1
12,800,2111320,0,1,0,22,1,1,0,0,1,1,30090,1,0,0
1,1500,3075566,1,0,0,65,43,42,0,0,1,0,25461,0,0,0
18,2500,635872,1,0,1,22,2,1,0,0,1,0,45467,1,0,0
12,1500,2457406,0,1,4,24,3,3,0,0,1,0,56154,1,1,0
10,3000,1000566,0,0,0,37,17,17,1,0,0,2,2624,0,0,0
14,1500,3350675,0,0,0,43,21,21,0,0,0,0,35991,1,0,0
9,800,1102713,1,0,3,66,44,43,1,0,0,1,6109,1,0,0
8,2000,4808651,1,0,1,23,3,2,1,0,0,0,35389,1,0,1
8,1200,4755441,0,1,0,43,25,25,2,0,0,0,12456,1,0,1
19,1200,510144,1,1,4,20,1,1,0,0,0,0,19055,1,0,0
0,1200,4510381,0,0,1,56,37,37,0,0,1,2,14032,1,0,0
16,1200,1433124,1,0,1,31,9,8,0,1,1,0,10734,0,0,0
11,1200,1971853,0,0,1,66,45,45,2,0,1,2,42146,0,0,1
9,1200,892580,1,0,0,31,11,10,0,0,0,0,34050,1,0,0
4,1500,2724138,0,0,1,37,16,16,0,1,0,0,6016,1,0,0
17,2000,3144466,1,1,0,61,41,41,1,1,1,0,17679,1,0,0
14,1200,2390692,0,0,1,26,5,5,0,0,2,0,5733,1,1,0
5,1000,2680515,1,0,0,23,3,3,0,0,2,1,3782,1,0,0
6,1500,2245870,1,0,0,19,0,0,0,1,0,3,43359,1,0,1
16,1500,1301396,1,0,0,55,37,36,0,0,0,0,12379,0,0,0
5,2500,4380326,0,0,0,58,39,38,0,1,0,2,37725,1,0,1
7,800,2533870,0,0,0,60,39,38,0,0,0,3,56808,1,0,0
11,2000,477997,1,0,1,50,31,30,0,0,0,0,15769,1,0,0
13,1500,4970532,1,0,0,61,40,40,1,0,0,1,44550,1,0,0
11,1500,335723,1,0,2,22,0,0,0,0,0,0,7194,1,0,0
9,800,980147,1,1,2,30,8,8,0,0,0,2,32022,1,1,0
19,1200,2750989,1,0,0,73,52,52,0,0,0,0,49277,1,0,0
14,1000,3297629,0,0,0,32,11,11,0,0,0,0,24952,1,0,0
6,1200,4569475,1,0,1,62,41,41,0,0,0,0,54586,0,1,0
8,1500,708148,0,0,1,72,50,50,0,1,1,1,5108,0,0,0
9,2000,2171919,0,0,3,51,33,33,0,0,0,4,22038,1,0,0
9,1500,2765244,0,1,1,73,55,55,1,1,1,0,52247,1,0,0
15,1500,1751738,0,1,1,26,5,4,0,1,0,2,13495,1,0,0
6,1500,2744195,1,0,1,43,23,22,0,3,1,4,17406,1,1,1
4,1200,2542611,0,0,0,47,29,28,0,1,1,2,45531,0,0,1
2,3000,1810933,1,0,1,73,51,50,0,0,1,3,14228,1,0,0
17,1500,1136005,1,0,0,39,17,17,0,0,0,0,58863,1,0,0
10,1200,1988162,0,0,0,42,20,19,0,0,0,0,13313,1,0,0
14,1000,3294159,0,1,0,57,38,38,0,0,2,1,21090,1,0,0
19,1500,929265,1,0,1,21,2,1,0,0,0,3,33389,0,0,0
4,1500,736610,1,1,2,64,42,42,1,0,0,0,17385,1,0,0
11,800,2073201,0,0,0,45,27,26,2,0,0,3,4674,0,0,0
3,2000,3477183,1,0,1,71,52,51,0,0,0,0,38090,1,1,0
14,1500,3147860,0,0,0,54,34,34,1,0,0,0,9775,1,0,0
8,1500,798559,1,1,0,27,6,5,0,0,0,3,27367,1,0,0
6,800,1496569,1,0,4,26,7,7,0,0,1,0,42533,1,0,0
9,1200,3548623,1,0,0,53,34,34,0,1,1,1,26349,1,0,0
12,2500,2056171,0,1,0,18,0,0,0,0,0,3,46511,0,0,0
7,2000,333275,0,1,0,47,29,28,0,1,0,1,33305,1,0,0
11,1200,1123124,0,1,0,28,8,8,0,0,0,0,55412,0,0,0
18,1000,419564,1,0,0,42,22,21,0,0,0,1,59758,1,0,0
0,1200,3007583,0,1,0,28,8,7,1,0,0,0,20783,1,0,0
15,1200,2263276,1,1,1,58,38,37,0,0,1,0,47848,1,0,0
16,1500,708978,0,1,0,72,53,52,1,1,0,0,17750,1,0,0
17,2500,974290,1,1,1,22,2,1,0,0,0,2,52316,1,0,0
10,1200,1974742,1,1,3,44,24,23,0,0,0,0,16695,0,0,0
17,800,1141307,1,0,0,40,18,17,1,0,1,0,18138,1,1,0
6,2000,516272,0,0,1,74,55,54,1,2,0,3,51735,1,0,0
17,800,3363634,1,1,0,36,17,17,0,0,0,0,35535,1,0,0
7,2500,751631,0,0,0,70,51,50,0,0,0,0,7958,1,0,0
5,1500,4838908,1,0,2,20,0,0,0,0,1,0,26929,1,0,1
6,2500,611806,1,1,1,25,5,4,0,0,1,4,34276,1,0,0
9,1000,4844530,1,0,0,65,45,44,1,0,1,0,35151,1,0,0
10,800,4543800,1,0,0,66,46,45,1,0,4,0,22355,1,1,1
12,1200,3755663,0,0,0,53,35,34,0,0,1,2,53072,1,0,0
8,1200,3222724,0,0,2,72,54,53,0,0,0,0,53508,1,0,0
6,1200,2769161,0,1,1,32,14,14,0,1,0,3,3451,1,0,0
8,2500,3084588,1,1,0,30,9,9,0,0,0,1,53347,1,0,0
12,2000,3698388,0,1,0,47,27,26,0,0,0,0,27295,0,0,0
2,1500,3198265,1,1,0,58,39,38,1,0,1,4,24560,1,1,0
2,1000,879078,0,0,2,27,8,8,2,1,1,0,6096,1,0,1
0,1500,4287212,1,0,1,51,29,29,0,0,0,4,19275,1,0,0
19,1500,1687957,0,1,0,47,29,28,0,1,1,0,3535,1,1,0
1,1200,2150380,0,1,0,42,21,20,0,2,2,0,22108,1,0,0
2,2500,4520915,1,0,0,23,1,1,0,0,2,0,4812,1,0,1
14,1000,1091955,1,1,0,72,51,51,0,1,1,0,18111,1,0,0
5,1200,3753665,0,1,1,69,50,50,0,0,1,0,3364,0,0,0
12,800,4170387,1,0,0,54,34,33,0,0,0,0,21037,1,0,0
0,2000,3750493,1,0,3,34,15,14,0,1,0,3,57550,1,0,1
19,1500,1168029,0,0,1,53,34,33,1,0,0,0,48290,1,0,0
18,1200,3183599,0,0,0,57,39,39,0,0,1,0,40415,0,0,0
0,1000,1891828,0,1,1,49,30,29,1,1,0,0,36515,1,0,0
1,800,1419247,1,1,0,39,18,17,0,1,0,1,27136,1,0,0
14,1000,4633978,1,0,0,72,52,51,0,1,0,0,34445,1,0,0
13,1200,3571731,1,1,4,50,32,31,0,0,0,0,48712,1,0,0
18,1000,3190816,0,1,1,72,50,49,0,0,1,0,38483,0,0,0
10,1200,4996875,0,0,0,39,20,20,1,0,1,0,23089,1,0,1
14,2000,488317,0,0,0,53,35,35,0,0,0,4,27680,1,0,0
5,1500,4347766,0,1,0,35,17,16,0,0,1,4,18711,1,2,1
19,1500,1265454,0,1,0,45,27,26,1,0,0,2,13285,1,0,0
8,800,2074307,0,0,0,30,9,8,0,0,1,0,37766,1,0,0
4,1200,2236655,1,0,0,35,13,13,2,0,0,3,13085,0,0,0
19,1200,2514326,0,0,1,40,22,21,0,1,1,0,10731,1,0,0
1,1000,2211313,0,1,2,52,31,31,1,0,0,0,43176,1,1,0
5,1000,4812473,1,0,0,35,13,13,1,0,0,3,22453,0,0,1
17,2000,3265776,1,0,1,27,7,6,0,1,1,0,31010,1,0,1
18,2500,2057642,1,1,0,68,47,46,0,2,0,0,38862,0,0,1
8,800,300819,0,0,0,19,1,0,0,0,0,1,9430,1,0,0
5,1200,4483212,0,0,1,31,12,11,0,0,0,3,46190,1,0,1
13,2500,1515031,1,1,2,49,28,27,0,2,1,1,35541,1,0,0
12,800,4762088,0,0,0,47,27,26,0,0,0,0,13595,1,0,1
10,1500,1713008,1,0,0,36,14,14,0,0,0,0,28837,1,0,0
11,3000,886532,0,0,4,22,2,2,0,0,0,0,48865,1,0,0
18,3000,1348514,0,0,1,65,43,42,0,0,1,0,58091,0,0,0
18,1200,4169663,0,0,0,49,28,28,1,0,0,4,27505,1,0,1
18,1000,2058023,1,0,0,27,5,5,0,0,0,0,3470,1,0,0
12,1000,867930,0,0,4,22,4,3,0,1,1,4,47241,0,0,1
13,2000,3561018,1,0,0,31,10,9,0,0,1,1,32301,1,0,0
17,2500,3109123,1,0,0,56,37,36,0,0,0,1,54408,1,0,0
11,1500,3961051,1,0,0,59,39,39,0,0,0,3,33654,1,0,0
3,2000,817528,0,0,1,60,40,40,0,0,0,4,20377,1,0,0
9,1500,4736334,0,0,0,36,15,15,1,0,0,4,10231,0,0,1
16,1500,3710359,0,0,1,28,9,8,0,0,1,0,15862,1,0,1
3,2000,399662,0,0,0,52,31,30,0,1,0,1,58024,0,0,0
11,1500,654738,1,0,1,56,38,37,1,0,1,0,24245,1,3,0
12,1500,4719020,1,0,0,63,45,44,0,0,1,1,13919,1,0,0
3,1000,4699411,1,1,0,55,36,35,0,0,1,0,9265,1,0,0
9,1500,4434899,1,0,1,39,18,18,0,1,1,0,22322,1,0,1
2,1200,3547198,0,0,4,69,50,50,0,1,1,3,13426,0,0,0
14,1200,4322680,0,0,3,62,43,43,1,1,0,0,27968,1,0,1
1,2000,1147727,1,0,0,63,45,45,0,0,2,0,10552,1,0,0
16,1500,4626567,0,0,1,47,29,29,0,0,2,0,46798,1,0,1
5,2500,1741701,1,0,1,69,50,50,0,1,1,0,45391,1,0,0
7,1000,1543138,1,1,1,47,28,27,0,0,1,0,47607,0,0,0
2,1500,773459,1,1,1,64,42,41,0,0,1,1,52191,0,1,0
17,1000,2698849,0,0,4,67,49,49,1,1,1,0,25940,1,0,0
0,2500,3178486,0,0,0,28,9,9,1,0,2,0,29787,0,1,1
15,800,656449,1,0,1,39,17,17,0,1,0,0,15005,1,0,0
6,1500,2295072,1,1,0,27,8,7,1,0,0,0,28671,1,0,0
2,2000,4707829,1,0,3,60,38,38,0,0,0,1,20240,0,0,0
3,1200,3610775,1,0,1,36,17,17,0,1,0,2,50107,0,0,0
8,2500,1766784,0,0,1,71,50,49,0,1,3,2,20997,1,0,1
4,2000,4669112,1,1,2,32,14,13,0,1,0,3,28159,1,0,1
18,1200,432309,0,0,1,52,33,33,0,0,0,0,28533,0,0,0
14,800,2926383,1,0,1,52,32,32,2,0,1,0,45854,1,0,0
7,1200,1533565,1,0,4,18,0,0,2,1,0,1,48686,0,0,1
5,1200,2489444,1,0,0,64,42,41,0,0,0,0,46906,1,1,0
17,2000,3423252,1,0,4,62,44,44,0,0,0,1,22663,0,0,0
18,2500,4908740,0,1,0,64,42,42,0,0,0,3,33265,1,0,0
14,800,4935318,1,1,1,70,52,52,0,0,2,0,47910,0,1,1
6,1200,3998710,1,1,0,35,15,15,1,0,0,0,59290,1,0,0
9,1500,2032186,0,0,0,43,23,23,1,0,0,0,50484,0,0,0
5,800,1559126,0,1,1,35,13,12,0,0,0,0,14909,0,0,0
13,1200,3524033,0,1,0,58,37,37,0,0,0,0,39453,1,0,0
16,1200,1823831,1,0,4,35,15,15,0,0,1,1,59141,0,1,0
8,1500,2582144,1,0,0,60,42,42,0,0,1,1,41631,1,0,0
18,1500,2407599,0,1,0,35,16,16,0,0,1,0,44474,1,0,0
4,1500,4510438,0,0,3,49,30,29,0,0,0,3,44556,0,0,1
6,1000,2973818,1,0,1,55,36,35,0,0,0,1,38437,0,1,0
18,2000,406889,1,0,1,44,24,24,1,0,1,1,8279,1,0,0
19,1500,2809304,1,0,0,66,45,44,1,0,1,0,24366,1,0,0
6,2000,3655594,1,1,1,73,53,52,0,0,0,4,58575,1,0,0
1,1200,414764,0,0,0,46,28,27,0,0,1,0,9725,1,0,0
15,2000,2004344,1,0,4,66,46,45,0,0,1,0,24537,1,0,0
12,2000,1991644,1,0,1,58,38,37,0,0,1,0,38381,0,0,0
7,1200,3497147,1,1,2,37,17,16,0,0,0,0,28381,1,0,0
5,1200,2062023,1,1,1,52,32,32,0,0,2,0,48459,1,0,0
5,2500,2533997,1,0,1,40,22,22,1,0,0,0,42764,1,0,0
8,1500,1270490,1,0,1,73,53,53,0,0,1,1,37267,1,0,0
3,2500,3285885,0,0,1,29,8,7,0,2,0,0,59353,1,0,1
10,2000,2340795,1,0,0,70,48,48,2,0,0,0,42196,1,0,0
4,1500,4368849,0,0,0,52,34,34,0,0,0,4,27509,1,0,0
16,1000,3907181,0,1,0,53,32,31,0,0,0,1,25645,0,1,0
19,1200,3056419,1,0,1,59,40,39,1,0,0,0,53978,1,0,0
6,2500,3964688,1,0,1,71,52,51,1,0,0,0,32779,0,0,0
14,1200,1701586,1,1,1,45,27,26,0,2,1,4,26259,0,0,0
14,800,4948987,0,0,2,54,32,31,0,0,0,0,34812,1,0,0
13,1500,1265595,0,0,1,37,17,16,0,0,0,0,3262,1,0,0
12,1500,3500229,1,0,0,52,34,34,0,0,1,0,22656,0,0,0
10,1200,2459007,0,0,0,71,51,51,1,0,2,0,30122,0,0,0
12,1200,1446311,0,1,0,24,4,3,0,0,0,2,17019,1,0,1
8,1200,551928,1,1,0,51,32,32,0,0,0,3,39975,1,0,0
9,800,1440398,0,0,0,23,1,0,0,0,0,0,52099,1,0,0
3,2000,975219,1,0,1,36,16,15,0,0,0,4,31220,1,0,0
16,1200,3780224,0,0,0,59,41,40,0,0,0,0,46878,0,0,0
13,2000,742909,1,1,0,25,6,6,0,0,0,2,18259,1,0,0
17,2000,1834159,0,1,4,65,45,45,0,0,1,1,11677,1,0,0
10,1500,1824696,1,0,4,47,28,27,0,0,1,0,3721,1,0,0
15,1200,3302740,0,1,1,19,0,0,0,0,0,3,53639,0,0,1
0,1500,3654441,1,0,0,33,15,15,0,0,1,1,3612,1,1,0
6,1200,717860,0,0,2,70,52,51,1,0,1,1,28923,1,0,0
9,1200,1354215,1,0,1,63,42,41,2,0,0,1,5262,1,0,0
8,2000,3672666,1,1,0,41,21,20,0,0,0,1,53237,1,0,0
2,1200,1163584,1,0,1,42,23,22,0,0,0,0,15857,1,0,0
13,2000,4777028,1,1,0,30,9,8,1,1,0,2,33364,1,0,1
14,1000,2233312,0,0,4,72,54,54,0,0,0,0,26325,1,1,0
1,1000,589118,0,1,2,26,4,3,2,0,1,0,15670,1,1,0
13,3000,1866726,0,0,0,47,28,27,0,0,0,0,59715,1,0,0
15,1500,2835741,0,0,0,26,4,4,1,2,2,0,59074,1,0,1
6,1500,3672886,1,0,0,57,35,35,2,1,1,3,31038,0,0,1
3,1500,3493340,1,1,3,24,5,5,0,1,0,0,28689,1,1,1
17,1000,558775,0,1,0,33,12,11,0,0,0,2,8948,1,0,0
4,1500,3204406,0,0,0,55,34,33,0,0,0,0,59035,1,0,0
5,800,577114,0,0,0,49,30,29,0,1,1,3,13669,1,0,0
6,1500,911016,1,1,0,46,26,25,0,0,0,0,36435,1,0,0
14,1500,4517407,1,0,4,60,38,38,0,2,0,0,27960,1,0,1
0,2500,750695,1,1,4,68,47,46,0,0,0,2,6525,1,0,0
3,1500,2255714,1,1,0,57,38,37,0,1,2,1,31267,1,0,0
0,1000,2119006,0,0,0,68,50,50,0,0,1,1,6094,0,0,0
10,1500,1574041,1,0,1,32,14,13,0,0,4,2,57647,1,0,0
17,800,1850974,0,1,1,28,9,9,1,0,0,4,41266,1,1,0
13,1000,1671507,0,0,0,26,6,6,1,0,0,0,30010,1,1,1
10,800,2353059,0,0,0,33,15,15,1,1,1,0,55808,1,0,1
9,1500,448016,0,0,0,42,22,22,2,0,0,0,29671,1,0,0
16,800,4987013,1,1,0,49,30,30,0,1,0,0,18688,1,0,0
3,1200,3984990,0,1,1,62,43,43,0,1,2,0,50697,0,0,0
14,2500,609128,1,0,0,27,5,4,0,1,0,0,24363,0,0,0
15,1500,3492621,0,0,0,27,8,7,0,0,0,0,56995,1,0,0
12,800,1243818,1,0,1,47,27,26,1,1,0,1,23276,1,0,0
8,1000,3737724,1,1,1,74,53,53,0,0,0,0,27895,1,0,0
10,1500,3142330,1,0,0,37,19,18,0,0,1,0,54825,1,0,1
10,2000,638917,1,0,0,58,40,39,0,0,0,0,30712,0,1,0
5,800,3497278,0,0,2,51,29,29,0,0,1,0,57119,0,0,0
0,2000,1534543,0,0,1,18,0,0,0,1,0,0,15005,1,0,0
5,1500,4736633,1,0,1,49,29,29,0,1,1,0,38636,0,1,1
12,1500,2731188,1,0,0,57,37,36,0,1,1,0,37478,1,1,0
4,2500,892109,0,0,0,48,26,26,0,0,1,0,29240,0,0,0
14,1500,4634238,1,0,0,65,46,46,1,0,0,0,53530,1,0,1
17,2000,4243590,0,1,0,71,50,50,0,1,0,3,20271,1,1,1
19,1200,3474650,1,1,0,28,10,9,1,1,1,2,46770,1,0,1
13,1500,4112631,0,0,3,58,37,37,0,0,0,0,25872,1,0,0
14,1500,3431867,0,1,1,74,52,51,0,1,0,0,17338,1,1,0
4,1200,392099,1,1,1,36,17,17,2,0,2,0,46410,0,1,0
3,1500,2850756,1,0,1,67,46,45,1,0,0,0,41628,1,0,0
1,1000,3767964,0,0,1,24,5,4,0,1,0,3,40214,1,0,1
6,1000,376204,0,1,1,70,49,48,0,0,1,1,24247,1,0,0
9,1200,4314618,0,0,1,46,28,27,0,0,0,4,13900,1,0,1
15,1500,1251738,0,1,0,59,39,39,0,1,0,4,24093,1,0,0
9,2500,2284197,1,0,0,55,34,34,0,0,0,0,30249,1,0,0
17,1200,2223639,1,1,4,70,50,49,0,0,1,0,41154,1,1,0
16,1500,3464030,1,0,1,53,33,32,0,0,1,0,54240,1,1,0
12,1000,1948626,0,0,1,50,30,30,1,0,1,3,50732,1,1,0
0,2500,900727,1,1,1,53,31,31,0,0,0,4,33221,0,0,0
0,1500,2091881,0,1,1,43,25,25,0,0,0,0,18330,1,0,0
14,2000,4828083,0,0,1,46,26,26,0,0,2,2,55705,0,1,1
0,2000,4936869,0,0,4,46,28,27,0,0,0,0,45270,1,0,1
5,1200,3492306,1,0,1,52,31,30,0,1,2,0,56547,1,0,0
12,1500,2013662,1,0,2,20,2,2,1,0,1,0,22110,1,0,0
0,2500,2185873,0,0,0,63,44,43,0,0,1,1,56447,1,0,0
4,800,4089487,1,0,4,22,2,1,1,2,0,0,37254,1,0,1
8,1500,312754,0,0,1,50,29,28,1,0,0,0,59082,1,0,0
16,2500,1513011,0,1,1,28,8,8,1,0,0,0,35603,0,0,0
15,1200,2250710,1,0,0,23,3,2,0,1,0,2,22738,1,1,1
7,2000,4953297,1,0,1,19,0,0,0,0,1,0,22224,1,0,1
16,2500,4119835,1,1,0,30,9,8,0,0,0,0,9860,1,2,1
14,1500,2313850,0,1,1,18,0,0,0,0,1,1,25942,1,0,0
0,1000,1777186,1,0,1,44,22,22,1,0,1,0,18935,1,0,0
11,1200,4275244,0,0,0,57,35,34,0,1,0,4,23722,1,0,1
4,800,3607893,0,1,1,59,41,41,1,1,0,0,27730,1,0,0
5,2000,3439354,1,0,1,32,13,12,0,1,0,2,12299,1,0,1
0,2000,1564364,0,1,1,52,33,32,0,0,0,1,54537,1,1,0
0,1500,4597120,0,0,1,47,29,28,3,0,1,1,7778,0,0,1
9,1200,3562059,0,1,1,23,1,0,0,0,2,0,26377,0,0,1
9,800,2467094,1,1,1,51,32,31,0,0,0,3,4821,1,0,0
2,2000,4851987,1,0,1,38,16,15,1,1,0,2,41800,1,0,1
16,1500,2472279,1,0,4,49,28,27,0,0,1,1,50224,1,0,0
18,2500,3717614,1,0,0,74,56,55,0,1,0,0,46875,1,0,0
10,1500,3449139,1,0,1,72,50,50,1,0,0,1,57255,0,0,0
17,2000,1649184,0,0,0,37,19,18,1,1,2,0,48589,1,0,1
1,1500,1984931,1,0,2,52,32,32,0,0,0,0,16002,0,0,0
8,1500,4786146,0,0,1,26,8,8,0,0,1,1,5661,1,0,0
16,1200,3817288,0,0,1,69,51,50,0,0,0,4,4937,1,0,0
13,2500,384360,1,0,0,54,32,32,0,0,0,2,7328,1,0,0
3,1500,2574886,1,1,4,23,5,4,0,1,1,0,54003,1,0,1
16,1200,493493,0,0,4,27,7,7,0,0,1,0,20963,1,0,0
16,800,4519484,0,1,0,70,49,49,0,2,0,0,52759,1,0,1
11,1200,1780986,1,1,1,26,7,7,0,2,1,0,35129,1,0,0
19,1500,774840,0,1,3,50,29,28,1,0,0,0,7029,0,0,0
17,1200,967885,1,1,1,33,15,14,0,0,1,4,55144,1,0,0
2,1000,2306754,0,0,1,49,29,29,0,0,1,1,59283,0,0,0
10,1500,2537146,1,0,1,55,35,35,0,0,0,4,14956,1,0,0
17,1000,1542430,1,0,1,65,44,43,0,1,2,0,8958,1,0,0
3,2000,1821610,1,0,1,37,15,15,0,0,0,2,26121,1,0,0
16,1200,1776638,0,0,0,37,18,17,1,0,0,1,31442,0,0,0
17,1500,1836914,0,1,1,20,2,1,0,1,1,0,17518,1,0,0
4,1000,668241,1,0,3,31,13,12,0,0,0,0,53017,0,0,0
13,1200,3250757,1,0,3,38,17,17,2,1,2,0,56795,1,0,1
9,1200,4132014,1,0,1,25,5,5,0,0,1,0,2235,1,0,0
14,2000,2981734,1,1,0,69,49,49,0,0,3,0,21522,1,0,0
0,2000,2416836,1,0,1,72,50,50,0,0,0,1,3071,1,0,0
15,1000,2237316,1,1,0,63,44,43,0,1,1,0,8024,1,0,0
10,1500,972326,1,0,1,41,23,23,0,0,0,0,42013,0,1,0
19,1000,3690805,1,1,1,64,43,42,0,0,0,3,5085,0,0,0
5,3000,4978091,0,0,0,38,16,15,0,0,2,0,41399,0,0,1
15,2500,3109991,0,0,1,59,40,39,1,1,1,2,21474,0,1,1
1,1500,4701080,0,1,2,49,31,30,0,1,1,0,49120,0,1,0
0,1500,751537,0,0,4,34,15,15,0,0,0,1,19109,1,0,0
8,2000,4306171,1,0,0,57,39,38,0,0,1,1,56127,1,0,0
11,1500,2974704,1,0,1,68,49,48,0,1,1,0,21604,1,1,0
16,1500,3676342,0,1,0,21,2,2,0,0,0,0,11118,1,0,0
14,2500,2760766,0,1,1,59,38,37,0,0,0,3,41526,1,0,0
18,1500,2654808,1,1,4,40,18,18,0,0,1,2,15835,1,1,0
9,1500,2365163,1,0,1,74,54,53,0,0,1,3,43402,1,0,0
11,2000,564278,0,0,2,53,34,34,0,0,0,0,5766,1,0,0
13,1500,1937990,0,0,1,69,48,48,1,0,0,1,27569,1,0,0
8,1500,4194338,0,0,0,39,19,18,0,0,0,0,26551,1,0,1
12,1000,909897,0,0,1,42,20,20,0,1,1,0,58525,1,0,0
2,1200,3745595,1,1,1,21,0,0,0,0,0,0,40865,0,0,0
13,1000,472238,1,0,1,27,8,7,1,0,1,2,32461,0,0,0
9,1500,3535020,0,0,0,41,23,23,0,0,0,0,37625,0,1,0
15,1200,1958174,1,0,0,52,30,30,0,0,0,0,21209,0,0,0
6,3000,4321330,1,0,1,67,46,46,0,1,0,0,36541,1,0,0
3,1500,3949310,0,0,0,31,12,12,1,0,1,0,14659,1,1,1
19,2000,4498100,1,0,4,37,15,15,0,1,1,2,51302,1,0,1
10,1200,842852,0,0,1,63,44,43,1,0,0,2,3573,1,1,0
15,2000,3935192,1,0,0,69,51,50,1,0,1,2,11609,0,0,0
19,1500,1442898,0,0,1,72,50,50,0,1,0,4,38075,1,0,0
3,1500,3444056,0,0,1,31,12,12,0,0,1,3,54241,0,0,1
16,1200,3657648,1,1,0,56,35,34,1,0,0,0,13139,0,0,0
12,1500,1336498,1,0,0,26,4,3,2,1,0,0,10130,1,0,0
10,1500,1964373,1,0,0,51,33,33,0,0,0,0,23532,1,0,0
2,1500,689273,1,0,0,37,17,16,0,0,1,3,7579,1,0,0
8,2500,509815,1,1,1,20,0,0,0,0,1,0,19605,1,0,0
5,2000,1546135,1,0,1,29,10,10,0,0,0,2,14005,1,0,0
10,3000,615317,0,1,0,68,46,45,0,0,1,4,18407,1,0,0
15,1500,1740549,0,1,1,65,43,42,2,1,1,0,43981,1,1,0
18,3000,3172685,1,0,3,56,38,37,0,1,0,1,35143,0,0,0
4,2000,3381909,1,1,1,29,9,9,0,0,0,0,5035,1,1,0
13,1200,3063902,1,0,1,59,38,37,0,0,0,4,43636,1,0,0
16,1200,356627,0,0,0,39,19,19,0,0,0,3,11523,1,0,0
2,1000,2090666,1,0,0,52,30,29,1,1,0,0,33583,1,1,0
3,800,4444245,1,1,0,57,36,36,0,1,0,0,33762,1,1,1
15,1000,3398172,1,1,1,48,27,27,0,0,0,0,38420,1,0,0
15,800,462022,0,0,1,73,55,55,0,0,0,0,20307,1,0,0
3,1500,1289634,0,0,4,24,5,4,0,0,0,4,12013,1,0,0
18,1200,2048629,0,0,1,26,7,6,1,0,0,3,46698,1,0,1
16,1200,3902030,1,0,0,68,50,50,0,1,0,0,34161,1,1,0
12,2000,901766,1,1,1,54,32,31,0,1,1,0,49429,1,0,0
0,2000,3459740,1,0,0,39,17,16,0,0,1,0,12926,0,0,0
11,3000,4393934,0,0,2,26,7,7,0,0,1,0,57950,1,0,0
3,1500,2145354,1,0,0,33,13,12,0,2,0,3,12388,1,0,0
10,1200,804636,1,1,0,69,51,50,0,2,0,0,41521,0,0,0
4,1200,830571,1,1,0,38,18,18,0,0,0,0,53951,1,0,0
1,1000,4281196,0,0,4,26,8,7,0,0,0,0,8138,1,1,0
16,1000,432409,1,0,1,29,11,11,0,1,0,0,17133,0,0,0
7,1200,689130,1,0,0,44,25,24,0,0,1,3,47188,1,0,0
5,3000,1457567,0,1,0,69,50,49,1,0,1,2,8925,1,0,0
8,800,1859454,1,0,0,64,44,43,0,0,1,0,52583,1,0,0
12,1000,3374442,0,0,0,67,45,44,0,0,1,0,45299,1,0,0
10,1000,1762649,1,0,0,26,5,5,0,1,1,2,17630,1,1,1
15,1500,3667272,0,0,1,44,24,24,0,1,0,4,13223,1,0,1
15,1200,2502282,1,0,1,45,27,26,1,1,0,0,22470,1,0,0
1,1200,1721953,1,0,4,52,31,30,0,1,2,0,30536,1,1,0
9,1000,4666908,0,0,0,60,39,38,0,0,1,1,28879,1,1,0
11,1200,621072,1,0,3,55,34,33,0,1,0,0,4267,1,0,0
7,1000,4054169,0,0,0,49,28,27,0,0,1,0,57319,0,0,0
10,1500,3670204,0,0,0,58,37,37,0,0,1,1,39242,0,1,0
9,800,3104910,0,1,0,20,0,0,0,0,2,0,33702,0,0,0
12,2000,4006825,1,0,4,73,54,53,1,1,1,0,25686,1,0,0
16,1500,4504395,0,0,4,26,7,6,0,3,1,0,20505,1,0,1
6,1500,4933803,0,1,3,20,2,2,1,0,0,0,39408,1,0,1
2,1200,4647295,0,1,0,68,46,46,0,0,1,4,4789,1,0,0
19,1200,3880960,1,0,2,53,33,33,0,1,0,0,10264,1,0,0
12,800,3258818,0,0,1,30,9,9,1,0,0,0,3774,1,0,1
18,1500,3689587,1,1,0,66,47,46,0,0,0,0,12470,1,0,0
6,1500,3742270,1,0,0,51,33,33,0,1,0,1,6091,1,0,0
8,1200,583588,0,1,1,47,26,26,1,0,0,0,3364,1,2,0
18,1500,3135423,0,1,2,33,15,14,0,0,0,3,54956,0,1,1
12,2000,1658771,1,0,2,50,29,29,0,0,0,0,2816,0,0,0
7,2000,4457312,0,0,1,52,31,30,0,0,0,3,54281,0,0,0
17,1000,1287961,1,0,1,33,14,14,0,0,0,0,9103,1,0,0
1,1500,3961653,1,1,1,55,36,36,0,0,0,0,19052,1,0,0
17,800,4147201,0,1,1,57,36,36,0,1,0,4,39317,0,0,1
17,1500,4821591,1,0,0,22,3,2,1,0,0,0,47930,0,0,1
10,1200,594903,0,0,1,25,5,5,0,1,1,0,43219,1,1,0
0,1000,2157673,0,0,0,71,50,49,0,0,1,0,35534,1,1,0
13,2000,3274062,1,1,0,50,31,31,1,0,2,1,6852,1,0,0
15,1500,1027145,0,1,0,68,50,50,1,1,0,0,36864,0,1,0
10,1200,1926747,1,0,1,47,29,28,0,0,0,3,11130,1,0,0
0,800,1690249,1,0,0,19,1,1,0,0,0,1,38854,1,0,0
6,1500,4563435,0,0,4,55,33,33,0,1,0,3,50074,0,0,1
15,2500,4672557,0,1,1,73,55,54,0,1,2,2,11234,1,0,1
13,1500,481793,1,0,4,55,37,36,1,0,1,0,29957,1,0,0
14,3000,4244261,1,1,0,37,17,17,0,1,3,3,41023,1,0,1
13,1000,739706,1,0,1,69,49,48,0,0,0,0,37398,1,0,0
10,1500,877543,1,0,4,26,4,3,0,0,0,0,22650,1,0,0
15,2000,3016384,0,1,0,18,0,0,0,0,1,0,25379,1,0,0
18,1500,3816590,1,1,0,19,0,0,0,1,0,0,20153,1,1,1
16,800,1422073,1,0,1,69,51,51,0,0,2,0,44763,1,0,0
5,1500,1626136,0,0,0,36,17,16,0,0,0,3,6780,1,0,0
10,1500,1493431,1,0,0,33,11,11,0,1,0,0,27167,1,0,0
16,1500,4256450,1,1,4,58,39,39,0,0,1,0,54855,1,0,0
8,2000,1279993,0,0,1,22,3,2,0,0,0,4,4761,1,0,0
17,2000,596644,1,0,1,49,30,30,2,0,1,0,35962,1,2,0
16,1500,2965461,0,0,0,73,53,52,0,0,1,0,49695,0,0,0
11,1000,1971982,1,1,0,37,19,18,0,1,1,0,3880,1,0,0
4,1200,3026779,1,1,0,60,41,41,0,0,0,0,20248,1,0,0
10,2000,4429954,1,0,1,69,48,48,0,1,0,3,3152,1,0,0
3,2500,3923089,1,1,1,31,13,12,0,0,2,1,55307,1,0,0
3,800,3536637,1,0,0,30,12,12,0,1,0,0,56284,0,0,1
2,1500,4067507,1,0,4,44,23,22,0,1,0,0,38436,1,0,0
16,1200,3277858,1,1,1,52,30,30,1,0,4,3,9257,1,0,0
6,1000,2094591,1,0,0,74,52,51,0,0,0,0,43743,1,0,0
3,1500,4418266,1,1,1,51,33,33,0,2,1,3,35920,1,0,1
12,1500,1923470,0,0,0,33,13,12,2,2,0,0,19889,0,1,1
11,800,782006,0,0,1,45,23,23,0,1,0,4,25950,1,0,0
0,2000,2584589,0,0,1,60,38,37,0,0,1,1,56658,1,0,0
18,2000,2175535,0,0,4,52,33,32,0,0,1,4,17352,0,0,0
19,2500,4765698,1,0,0,32,13,13,0,0,0,0,52957,1,0,0
17,1000,456760,0,0,0,20,0,0,0,0,1,2,24498,1,0,0
10,1500,1087378,0,0,0,44,24,23,0,1,1,0,2147,1,0,0
19,1200,1647518,1,1,0,44,25,24,0,0,0,0,33218,1,0,0
2,1200,3257447,1,0,2,68,48,48,1,0,0,0,31537,1,0,0
16,1500,4095489,1,1,1,21,3,3,1,2,1,0,8307,1,0,1
11,2000,4216568,1,0,4,38,18,17,1,0,1,0,33801,1,0,1
9,800,2095410,1,0,0,39,20,19,1,0,0,0,18056,1,0,0
7,2500,1152522,0,0,2,22,1,1,0,0,1,4,52015,1,0,0
14,2000,3862365,0,0,0,58,38,38,0,0,0,0,46830,0,0,0
4,2000,4442001,1,1,4,56,34,33,0,0,0,0,6165,0,0,0
3,2000,3509852,0,1,0,40,20,19,1,0,1,0,49392,1,1,0
19,1200,678198,1,0,1,40,20,19,0,0,0,2,58165,1,0,0
18,2000,2831431,0,0,0,30,10,9,1,0,0,1,35727,0,0,0
3,1200,4518497,0,0,0,44,22,22,1,1,0,0,58476,1,0,1
14,2000,3256327,0,1,1,72,52,51,0,2,0,0,21476,0,0,0
16,1000,571382,0,1,3,67,46,46,1,0,0,0,25463,1,0,0
11,1200,4894939,1,0,1,73,51,50,0,1,1,0,22760,1,0,0
2,1500,3466138,1,0,0,32,11,11,0,0,1,2,57731,0,0,0
9,1200,1166593,0,0,0,29,8,7,2,0,0,3,4007,1,0,1
14,1200,4567162,0,1,0,27,6,6,0,0,0,3,31319,1,0,1
9,1200,4300310,0,1,2,66,44,43,1,0,3,0,2461,0,0,1
17,2000,1331273,0,1,0,55,36,35,0,1,0,3,11235,0,0,0
0,1500,1243043,0,0,4,45,23,23,0,0,1,2,7152,0,0,0
2,1200,4694183,0,1,1,60,40,40,0,0,0,0,6003,0,0,0
11,1000,2260346,0,0,1,52,31,31,3,0,1,4,25673,1,0,1
0,1200,4303374,1,0,2,55,35,34,0,1,1,0,5062,1,0,0
2,1500,1429683,1,0,1,71,50,50,0,0,0,0,45746,1,0,0
2,1500,3072230,0,1,0,73,52,51,1,0,0,1,5237,1,1,0
4,1000,1167834,1,0,0,37,17,17,0,0,1,0,12801,1,0,0
18,1000,3841142,0,0,0,29,11,10,0,0,0,0,16697,1,1,0
0,1200,2144415,1,1,1,20,0,0,0,0,2,0,19926,1,1,0
3,1200,4183762,1,1,0,19,1,1,0,0,0,1,49895,1,0,0
3,1200,1484865,0,0,1,45,23,23,0,1,0,0,23451,1,0,0
16,2000,4984316,1,1,0,39,18,18,0,0,1,0,58760,1,0,0
13,1200,1643858,1,1,3,52,31,30,0,0,0,4,18207,1,0,0
17,1500,1855610,1,0,1,62,40,39,0,0,1,0,52600,0,0,0
0,1500,2361200,0,0,3,69,49,48,0,0,0,0,22386,0,0,0
15,1000,1922817,0,1,0,26,6,5,0,0,1,0,11621,1,0,0
2,1500,1390525,0,1,1,40,22,22,1,2,0,0,5918,0,0,1
8,1500,4526693,1,0,3,34,12,11,0,2,1,3,23624,1,1,1
3,1200,4006121,0,0,0,31,10,9,0,0,0,0,58728,1,0,0
4,2000,1763434,1,1,4,69,51,50,0,0,1,2,53859,1,1,0
10,1000,2503483,1,1,0,49,29,29,0,0,0,0,50516,1,0,0
8,2000,1191703,1,0,0,57,36,35,0,0,0,0,8236,1,1,0
2,1500,2324959,1,0,0,53,33,32,0,0,0,0,44755,0,0,0
5,1500,2568985,1,1,0,50,32,31,1,0,1,2,7343,0,0,0
10,2000,2449096,1,0,3,27,7,6,0,0,1,2,10740,1,0,0
8,2000,3476755,1,0,0,30,10,10,0,0,2,0,20072,1,0,0
14,1500,3569180,0,0,1,51,29,29,1,0,1,2,32305,1,0,1
2,2000,4983536,1,0,1,22,4,4,0,0,0,0,28453,0,0,1
0,1200,3514919,0,0,1,23,2,2,0,1,0,0,54710,0,0,1
19,1500,349028,0,0,0,50,30,29,0,1,0,3,33890,0,0,0
18,800,4547749,1,0,1,22,2,1,0,0,0,0,57726,1,0,1
13,800,1954863,1,1,0,41,22,21,0,0,1,0,47784,0,0,0
16,2000,1313120,0,0,1,64,46,46,1,0,1,0,12355,1,0,0
13,800,1775178,0,0,4,25,7,6,0,1,0,0,4883,1,1,0
16,1000,350111,0,0,0,35,14,14,0,0,0,0,17534,1,0,0
13,2000,4702382,0,0,0,42,20,19,0,0,3,2,19503,1,0,1
11,800,4411492,1,0,1,35,14,13,1,1,0,0,46707,1,0,1
15,1200,2980997,1,1,0,53,35,35,0,0,2,2,57458,1,0,0
0,1500,754134,0,0,0,43,23,22,1,0,2,0,41199,1,0,0
12,1500,3194253,0,0,0,37,15,14,0,1,0,0,11679,0,0,0
5,2000,941144,0,1,1,37,15,14,1,1,0,1,33576,1,0,0
16,1500,1630349,0,0,0,56,38,37,0,1,0,0,40876,1,0,0
11,1500,1244458,1,0,1,57,39,39,0,0,1,1,24597,1,0,0
18,1500,1093667,0,1,1,41,20,19,0,1,0,2,30366,1,0,0
5,1200,1529961,0,1,1,37,18,18,0,0,0,3,13974,1,0,0
6,1500,4012865,1,1,4,62,44,43,1,3,0,2,56839,0,0,1
0,2000,1137624,1,0,1,21,3,3,0,1,0,4,46024,0,0,1
0,1200,3670883,1,1,0,39,18,17,0,0,1,0,11426,1,0,0
4,1200,3297555,0,1,0,42,24,23,1,0,0,2,22248,1,1,1
5,800,327885,1,0,1,38,17,17,0,0,1,3,29925,1,0,0
15,1500,702507,1,0,4,35,17,17,1,0,0,1,28169,1,0,0
15,800,1524626,1,0,1,62,42,41,1,0,0,4,39903,1,0,0
13,1500,757323,1,0,0,63,45,45,0,0,0,0,52298,1,0,0
0,2000,4881016,1,0,3,26,7,6,0,0,0,0,23382,1,0,0
12,1500,3830043,0,0,1,61,39,38,1,0,0,0,34188,1,0,0
19,1200,1418244,0,0,0,26,5,4,0,0,1,0,36864,1,2,0
9,2000,2101155,0,0,1,50,31,31,0,0,0,2,10922,0,0,0
9,1200,3149564,0,0,0,58,37,37,0,1,0,1,31544,1,1,0
8,1500,3767549,0,0,1,24,5,4,0,1,2,4,9106,1,0,1
12,1500,1371099,0,0,0,50,29,28,2,0,0,3,49393,0,0,1
2,1000,3857668,1,1,0,19,0,0,1,0,1,0,58347,1,1,1
17,2500,2585082,1,0,1,67,45,44,0,0,0,0,19549,1,0,0
19,1000,969460,1,0,2,25,7,7,0,0,0,4,33631,1,0,0
1,3000,2720018,0,0,0,50,29,29,1,1,1,0,41562,1,1,0
16,800,3944998,0,1,0,52,31,30,0,0,1,4,4566,1,1,0
18,1200,3000908,0,0,0,46,24,24,0,0,0,0,5538,1,0,0
12,1000,4122806,0,1,2,49,28,28,1,0,0,3,11217,0,0,0
12,800,3098526,0,0,0,18,0,0,0,0,1,0,10107,1,0,1
0,1500,3553372,0,0,2,70,50,49,0,0,0,1,16408,1,0,0
1,1500,1368136,1,0,4,48,28,27,0,0,0,4,15602,1,0,0
0,2000,4893900,0,0,1,69,49,49,0,0,0,1,45997,1,0,0
4,1200,559876,0,0,0,52,30,29,0,0,0,3,41790,0,0,0
2,1200,4326525,0,1,0,57,36,36,0,0,0,0,42288,1,0,0
6,1500,1902443,1,0,0,61,39,38,0,1,0,1,37592,1,0,0
12,1200,1171697,0,0,0,56,34,33,0,0,1,0,42610,1,0,0
17,1500,2111572,1,1,2,37,18,17,0,0,1,0,38527,1,0,0
6,1500,4874069,0,0,0,50,32,32,0,0,0,0,39219,0,0,0
0,1000,4583965,0,0,0,40,21,21,0,4,0,2,44882,1,0,1
4,2000,436727,1,0,1,20,2,2,0,0,1,4,13822,1,1,0
16,1500,2071920,1,0,3,70,51,50,0,0,1,1,37473,1,0,0
7,1500,3787593,0,0,0,29,8,7,0,0,1,0,42776,0,0,0
14,1000,2545435,0,0,1,25,3,2,0,1,0,1,13904,1,0,0
19,1200,2431123,0,0,1,58,39,38,0,0,1,4,28038,1,0,0
3,1200,3026363,0,1,1,64,45,44,0,0,1,2,3569,1,0,0
1,1200,3540573,0,1,3,28,7,6,0,0,0,0,50682,1,2,1
4,1000,1549928,1,0,0,43,21,20,0,0,0,4,56573,0,0,0
0,2000,3486231,0,0,1,40,22,22,0,0,0,3,44211,0,0,0
4,1500,430942,0,0,1,55,36,36,0,1,2,2,35919,0,0,0
5,1500,2683999,0,0,3,22,4,4,1,0,0,4,57618,0,0,1
1,1000,4725944,1,1,0,49,29,28,1,2,0,2,7316,1,0,1
0,2500,4559859,1,0,0,22,3,3,0,0,0,4,19353,1,0,1
3,1000,3496661,1,1,0,65,43,43,0,0,0,2,14062,1,0,0
6,2000,3900122,0,0,2,32,12,11,1,0,1,0,18475,1,0,1
0,2500,1933339,1,0,3,60,40,39,0,1,0,0,23999,1,1,0
0,1500,738946,1,0,1,69,50,50,0,0,0,0,9463,0,1,0
7,3000,1730242,1,1,0,40,21,21,1,0,2,0,35243,1,0,0
19,1500,3780704,1,1,0,66,46,46,0,1,0,1,39556,1,0,1
15,1000,472588,0,0,1,45,26,26,0,1,1,1,29583,1,0,0
12,1000,1105060,0,0,4,36,14,14,0,0,0,0,27585,0,0,0
17,1200,2678663,0,1,2,71,49,48,1,1,1,0,50263,1,0,0
19,800,2671051,1,0,1,34,14,14,0,1,0,1,27546,0,0,0
9,1500,1296698,1,0,0,32,13,13,0,0,0,0,52408,1,1,0
11,1200,349348,0,0,4,30,10,10,1,0,1,2,43232,1,0,0
0,2000,3819207,1,0,2,40,18,17,0,2,1,0,9447,1,1,1
9,1200,2597748,0,0,0,35,16,16,0,0,0,4,43119,1,2,1
8,1200,3369540,1,0,1,40,18,17,1,0,0,0,8755,1,0,0
2,2500,3336319,1,0,0,33,14,13,0,1,2,0,33836,1,0,0
18,1000,3005829,1,0,1,37,16,16,0,0,0,1,10214,0,0,0
8,1500,1104446,0,0,4,42,20,20,2,2,1,2,16031,1,0,1
9,2000,2935679,1,0,0,49,31,30,0,0,1,4,14187,0,0,0
18,1000,1777838,0,1,1,38,19,18,0,0,1,3,28233,1,0,0
15,1500,1891286,0,1,1,18,0,0,1,0,1,0,11399,1,0,0
17,1200,1239320,1,0,4,45,24,23,0,0,0,0,38837,1,0,0
13,2000,2686351,1,0,0,44,23,23,0,0,0,0,21971,1,2,0
2,1500,4155261,0,0,1,69,47,46,0,0,0,0,15070,0,0,0
1,1200,2385098,1,0,0,44,26,26,1,0,0,2,24682,1,0,0
0,2000,4957817,0,1,0,62,41,40,1,0,1,1,45943,1,0,0
17,1000,3467331,0,0,0,53,33,32,0,0,0,1,16586,1,0,0
8,2000,1273657,1,0,0,29,10,9,0,0,0,0,8191,1,0,0
12,2000,4200779,1,0,4,32,13,13,0,0,0,4,13800,1,0,0
1,2000,4740705,1,0,0,37,19,19,0,0,0,0,17017,1,0,0
6,2000,2943436,1,0,0,61,43,42,0,0,0,3,25996,0,0,0
15,1200,1971742,1,1,0,36,14,14,0,0,0,2,46672,0,0,0
18,3000,3390105,0,1,0,68,48,48,0,0,1,0,55915,1,0,0
14,1200,1247503,0,0,0,43,24,24,0,0,0,0,14811,1,1,0
10,1500,3609131,0,0,4,64,43,42,0,1,0,0,56269,0,1,0
0,1000,4361986,0,0,1,38,17,17,1,1,0,0,25787,1,0,1
6,3000,2848111,1,0,2,54,35,34,0,0,0,3,58596,1,0,0
19,1500,2497051,1,0,1,60,40,40,1,0,0,3,15210,1,1,0
7,2000,2330698,1,1,1,67,47,46,1,0,0,2,37224,0,0,0
9,800,832274,1,0,4,27,6,6,0,1,1,0,2759,1,0,0
4,2000,2213690,1,0,4,45,26,25,0,1,0,3,39238,1,2,1
8,2000,1304392,1,0,0,43,22,22,1,0,1,1,23660,1,0,0
0,1500,1015404,0,0,4,30,8,8,0,0,1,0,30634,1,0,0
1,1200,714082,0,1,1,42,23,23,0,0,1,0,15997,1,0,0
18,1200,4643766,1,0,0,68,48,48,1,0,1,1,56110,1,1,1
13,1000,4797704,0,1,1,48,27,26,0,0,0,0,16122,1,0,0
19,1200,829982,0,0,0,37,19,18,1,1,0,1,13341,1,0,0
9,1000,2002065,1,0,1,32,14,14,0,0,1,1,32923,0,0,0
8,1200,1010574,1,0,2,35,13,13,0,0,0,1,43541,1,0,0
9,1000,3876592,0,0,0,57,39,38,1,0,0,0,58247,1,0,1
5,1000,3886202,0,0,0,40,18,17,0,0,0,0,41246,1,1,0
16,800,1722541,0,0,4,20,0,0,0,0,1,0,43344,1,0,0
5,2500,753746,1,0,0,28,8,8,0,0,0,3,41793,1,0,0
3,1500,1889846,1,0,0,44,24,23,1,0,0,0,11911,0,0,0
19,1200,1234711,1,0,4,54,35,35,0,0,0,0,54218,1,0,0
2,1500,3554621,0,1,4,29,8,8,1,0,1,0,32222,1,1,0
18,1500,2828353,1,1,0,50,32,32,0,1,0,1,3717,1,0,0
17,2500,1650574,1,0,0,45,24,23,0,0,1,0,33150,0,0,0
3,1000,3654642,1,1,4,23,2,2,0,0,1,0,11270,0,1,1
7,1200,372207,1,1,0,23,1,0,1,0,2,1,55172,1,1,0
16,3000,2944524,1,0,1,61,43,42,0,0,1,1,41771,1,0,0
4,1200,2187900,0,0,0,38,18,18,1,0,0,0,19725,1,0,0
12,800,4374096,1,0,1,42,21,20,0,0,0,0,39035,1,0,0
0,1000,1265618,1,0,0,64,42,41,0,0,3,2,12070,1,1,0
12,800,2936664,1,0,1,53,33,32,0,1,0,2,43208,1,0,1
3,3000,409950,0,0,0,35,13,13,1,0,0,0,41620,1,1,0
13,1200,2044236,1,0,0,61,40,40,0,0,2,0,34573,1,1,0
2,2500,2948940,1,1,0,56,35,34,0,1,0,1,35702,1,0,0
4,3000,1049165,0,0,0,22,1,0,0,0,0,4,5939,1,0,0
6,1500,4095166,1,1,3,40,22,22,2,0,0,0,20212,1,0,0
0,800,1408869,1,1,4,40,22,22,0,0,0,1,39275,1,1,0
11,800,2697448,0,1,1,40,19,19,0,0,0,0,19764,1,1,0
10,1200,920755,1,0,1,52,34,34,0,0,1,0,39300,1,0,0
7,1200,1835289,1,0,0,46,24,24,0,1,0,0,51362,0,0,0
5,1500,2364129,0,0,0,22,0,0,0,2,0,4,44404,1,1,1
1,1200,2891667,0,1,0,34,15,15,1,0,0,1,48399,0,1,0
18,2500,1794582,0,1,1,55,35,35,0,0,0,0,20157,1,0,0
19,1500,4213799,1,0,0,69,47,46,0,0,1,0,50725,0,0,1
19,1500,2646196,1,0,4,19,0,0,2,0,1,0,51862,1,0,1
13,2000,3226886,0,1,1,36,17,17,0,0,2,0,30682,1,0,0
0,1000,4977802,1,1,4,64,45,44,0,1,2,0,59047,1,0,1
9,1000,4203733,1,1,1,20,0,0,0,0,0,3,57870,1,0,1
15,1000,1771628,0,0,1,47,26,26,0,0,0,0,48100,1,1,0
3,1000,4265544,1,0,0,50,30,29,1,0,3,0,36986,1,0,1
10,1500,4795670,0,0,1,40,18,17,0,0,0,0,3692,1,1,1
15,1200,1608063,1,1,4,43,23,22,0,1,0,0,16508,1,0,0
19,1200,1522464,1,0,0,47,25,24,0,0,0,4,57814,1,0,0
0,3000,2320119,0,0,0,36,14,14,0,0,0,3,32538,1,0,0
15,1000,3115858,1,0,0,56,34,33,1,1,1,0,11007,1,0,0
18,1500,2972496,0,1,4,43,22,22,0,0,2,3,28702,0,1,1
8,800,1207285,1,0,0,49,28,28,0,1,2,1,33959,0,1,0
8,1200,1758988,1,0,2,59,40,40,0,0,0,2,56987,1,0,0
8,1500,304999,1,1,0,45,27,26,1,0,0,0,20346,0,0,0
16,2500,2814394,1,1,3,26,5,4,0,0,1,1,45304,1,0,0
11,1200,2136738,0,0,1,65,44,43,0,0,0,0,52413,1,1,0
12,800,4028191,0,1,0,48,29,28,0,0,1,0,14588,1,0,0
7,1200,2728256,0,0,1,32,13,12,0,1,1,0,53669,1,0,1
15,1000,600974,0,1,2,49,30,29,0,0,0,0,36585,0,0,0
17,1000,4196340,0,1,1,30,10,9,0,0,1,0,15705,1,0,0
0,1500,1376584,1,0,1,39,17,17,0,0,0,2,35942,1,0,0
0,800,4868619,1,1,0,57,36,36,0,2,1,2,10085,0,0,0
11,1200,4037779,0,0,4,28,6,6,0,0,0,0,30341,1,0,0
5,1500,479594,1,1,0,50,32,31,1,1,1,0,55201,1,0,0
8,1200,496196,1,0,0,41,22,22,0,1,0,0,11517,1,1,0
4,800,1195188,0,0,0,57,39,39,0,1,1,4,14377,1,0,0
15,3000,1754609,1,1,0,61,42,42,0,0,1,0,52820,1,1,0
17,1200,1326917,1,1,0,68,49,49,0,1,0,1,4973,0,0,0
16,2000,1982880,1,0,1,23,5,4,0,0,0,2,14762,1,0,0
17,1200,593301,0,0,1,33,11,11,1,0,0,0,55186,1,0,0
0,1200,3440244,1,0,0,47,29,28,0,0,0,1,46929,1,0,0
18,1200,3398396,1,1,0,47,27,26,0,2,0,0,5876,0,0,1
7,1200,1734248,1,0,2,31,10,10,0,0,1,0,17829,1,1,0
2,800,1348764,1,0,2,71,50,50,3,0,0,0,58562,1,1,0
4,1200,1583173,1,1,0,24,2,1,0,1,0,0,36966,0,0,0
7,2000,4632122,0,1,1,20,0,0,0,0,0,0,57874,1,1,1
18,1500,1231835,1,0,0,48,26,26,0,0,0,0,45282,0,0,0
17,1000,4833238,0,1,2,27,9,8,0,0,0,1,34645,1,1,1
17,1500,1429695,0,0,4,50,32,31,0,0,2,4,12783,0,0,0
0,2000,1517028,1,0,0,74,56,55,0,1,2,2,45644,1,0,1
14,1500,3985816,1,1,1,55,36,36,0,0,1,0,45448,1,0,0
17,1000,2755044,1,1,0,54,36,36,1,0,2,0,22481,0,2,0
6,2000,4521796,0,0,0,32,11,10,0,0,0,1,7498,1,0,0
15,1200,4723504,1,0,1,67,46,46,0,0,0,0,35397,1,1,0
15,1200,2664529,1,1,0,21,2,1,0,0,2,2,22569,1,0,0
14,1500,1884311,1,0,1,54,36,35,1,2,1,1,10852,1,0,0
5,2000,3210660,1,0,1,59,41,40,0,0,0,0,18413,1,0,0
8,2500,1983139,1,0,4,21,1,1,0,1,1,0,44099,1,0,0
6,2500,2931821,0,0,0,27,7,7,0,0,0,3,2825,1,0,0
13,800,3709859,1,0,1,69,48,48,0,0,0,0,48251,1,0,0
10,2500,4982375,1,0,0,39,17,16,0,0,2,0,32191,1,1,0
15,800,1436767,0,0,0,48,27,26,1,0,0,0,42497,0,1,1
5,1200,1105698,0,0,1,53,34,33,1,1,1,4,35047,0,0,0
15,1500,1426001,1,0,2,29,11,10,0,1,1,0,51854,0,2,1
19,1200,3937761,1,1,0,26,6,6,0,0,0,3,30222,0,0,1
15,1500,1427662,1,1,4,45,24,24,0,0,0,0,17890,1,0,0
11,1200,4202958,1,0,1,51,32,31,0,1,0,2,55219,1,0,1
16,2500,2548411,1,1,1,22,0,0,0,0,0,0,4398,1,0,0
4,1000,1876802,1,1,4,47,26,25,0,1,0,1,29016,1,0,0
12,1200,360833,1,0,1,33,15,15,0,0,2,0,3773,1,0,0
7,2500,2020657,0,0,0,36,18,18,0,1,1,0,40584,1,0,0
4,800,2862955,1,0,1,73,53,53,0,0,1,0,41257,1,0,0
11,1500,4427537,1,1,3,31,12,11,2,0,0,0,28242,1,0,1
8,1500,4108532,0,0,0,64,42,42,0,0,0,0,47030,1,0,0
2,1500,4063209,0,1,0,68,46,46,1,0,0,1,24411,1,0,0
2,1500,2367796,1,0,0,41,22,22,0,0,0,3,16966,1,0,0
0,1000,2099271,1,1,0,73,53,52,1,0,1,0,36803,0,0,0
17,2000,1009490,0,0,4,67,49,49,0,0,1,0,16853,1,0,0
11,1000,2492397,1,0,0,28,6,5,1,0,0,0,37517,1,0,0
8,1200,2302916,0,1,2,30,11,10,0,0,0,0,41720,0,0,0
8,800,4831879,0,0,3,27,7,6,0,0,0,0,57146,1,0,1
17,1500,1155377,1,0,2,46,28,27,0,0,1,4,38054,1,0,0
17,1500,2147752,0,0,0,56,37,36,1,0,1,1,50333,1,0,0
6,2500,1546733,0,0,1,44,24,23,1,0,3,2,29752,0,1,0
3,1500,3788493,0,0,4,71,50,49,1,1,1,0,7860,0,1,1
12,1500,3394928,1,0,0,18,0,0,0,1,1,2,4864,1,0,1
16,2500,2301469,0,1,0,49,27,27,0,0,1,1,56087,0,1,0
1,1200,3488845,0,1,3,35,16,16,1,1,1,3,43661,1,0,1
13,1500,4288474,0,0,1,21,3,3,1,0,1,0,3363,0,0,1
2,1500,1985909,0,0,1,33,14,13,0,0,1,0,6318,1,0,0
4,1200,1225855,1,1,4,35,17,16,0,0,0,1,25790,1,0,0
13,2000,3030038,1,1,1,38,18,17,0,0,0,0,24574,0,0,0
2,1000,3619759,1,0,0,68,47,46,0,0,1,3,42648,0,0,0
6,1500,4074719,1,0,0,64,46,45,0,0,0,0,27884,0,1,0
17,1500,1769361,1,1,0,71,51,50,0,0,0,0,58976,1,0,0
12,2500,4606534,1,0,0,42,22,22,0,0,0,0,38951,1,0,0
9,2000,2322188,1,0,0,27,6,6,0,2,0,3,40006,1,0,1
12,1500,843606,0,1,0,24,2,2,0,0,0,0,50098,0,0,0
15,1500,4512999,0,0,4,70,48,47,2,0,0,2,17741,1,0,1
8,1200,2907851,0,0,0,18,0,0,1,0,0,4,29168,1,0,1
1,1200,1647816,1,1,1,50,28,28,0,1,1,2,44512,1,0,0
4,2500,2614472,1,1,1,50,31,30,1,1,0,1,30896,0,0,0
16,2500,4760195,1,1,1,36,18,17,0,1,0,1,51530,1,0,1
3,2000,2199408,0,0,1,24,6,5,0,1,1,0,10984,1,0,0
16,1000,3177341,0,0,0,64,45,45,0,1,0,0,30019,1,1,0
8,2000,2401582,1,0,4,62,41,41,0,0,1,0,14570,0,0,0
19,2500,405635,0,1,0,58,37,37,0,1,2,0,48564,0,0,0
1,1200,1476641,0,0,1,31,9,9,1,1,1,0,50556,1,0,0
17,1500,622555,0,0,4,55,37,37,0,0,2,0,47374,0,1,0
10,2000,1467354,1,0,0,24,6,5,0,2,1,0,53259,0,1,1
12,1500,1326988,1,0,4,63,42,42,1,0,0,0,41760,1,0,0
7,3000,1488611,1,1,1,60,40,39,0,0,0,0,17551,1,1,0
0,1200,4407503,1,0,1,20,0,0,0,0,0,0,18183,1,1,0
16,1500,640278,1,1,0,28,7,7,0,0,1,0,39498,1,1,0
11,2000,4701833,1,0,4,25,5,4,0,0,0,1,49211,1,2,1
3,1200,1051149,1,0,0,43,21,21,1,1,0,0,15152,1,0,0
12,2000,2613729,1,1,0,55,36,35,0,0,1,1,35694,1,0,0
8,1500,4934752,1,1,1,20,0,0,1,2,0,0,50953,1,0,1
6,1200,3981036,1,1,2,46,26,25,0,0,1,0,10389,1,0,0
4,1000,728357,1,1,0,29,9,9,0,0,2,0,6444,0,0,0
4,1200,4902864,1,0,0,35,13,13,1,0,0,0,53450,1,0,1
16,1500,1427237,0,0,2,74,55,54,1,0,0,0,14897,1,0,0
8,2500,665171,0,0,0,60,38,38,0,0,0,4,51333,1,2,0
5,1200,1498850,1,1,0,24,6,5,0,0,1,1,29799,1,0,0
18,1200,866520,1,0,0,47,29,28,1,0,1,0,29437,1,0,0
15,1000,3380901,0,0,1,59,41,41,1,0,0,0,57669,0,0,0
1,1500,3321648,0,1,1,65,46,46,1,1,1,1,57445,1,0,1
9,2500,1374930,1,0,3,33,14,13,0,0,1,0,46993,1,0,0
15,1500,640913,0,0,0,64,44,44,0,1,0,0,38440,1,0,0
4,1500,2532814,1,0,3,62,41,40,0,1,0,2,45764,0,1,0
14,1500,2541942,0,1,3,42,23,22,0,0,0,0,18746,1,0,0
12,800,1305511,0,1,0,21,0,0,0,0,0,1,3126,1,1,0
12,1500,2541329,1,0,0,21,3,3,0,1,0,0,42402,1,0,1
12,1500,2642582,0,0,4,55,37,37,0,1,1,0,59699,0,0,1
14,1500,4209321,1,0,0,67,46,46,0,0,1,0,49864,1,0,0
13,2000,4348406,1,0,1,18,0,0,0,1,2,0,5008,0,0,1
7,2000,2751550,1,0,1,59,39,38,0,1,2,4,8104,1,0,0
10,2000,1015327,0,0,2,20,0,0,2,0,1,0,16385,0,0,1
17,2500,2467233,1,1,1,45,23,22,0,0,0,2,31577,1,0,0
3,3000,3975355,0,0,1,63,42,42,0,0,0,0,3105,0,1,0
9,1500,2281433,0,1,3,28,7,6,0,0,1,0,36632,1,0,0
0,1000,621631,1,0,4,54,35,34,0,1,2,1,13969,1,0,0
4,1200,719592,1,0,1,19,1,0,1,0,0,3,43543,1,0,0
12,2000,384636,1,0,1,26,8,7,0,0,0,1,13312,1,0,0
0,800,3450030,0,1,2,34,13,12,0,2,1,3,30677,0,1,1
7,800,695025,0,1,2,49,30,30,0,0,0,3,10724,1,0,0
2,800,699046,1,0,0,68,49,48,0,0,0,1,14294,1,0,0
2,1500,4119469,0,0,1,48,28,28,1,0,0,1,52457,1,0,0
6,1500,4280797,1,1,0,38,18,17,0,0,1,3,48971,1,0,1
3,1200,2858034,1,1,1,34,13,13,0,0,0,0,6004,1,0,0
2,1000,3843356,1,1,2,69,49,48,0,0,0,1,3021,1,1,0
14,1500,376420,0,0,0,59,40,40,0,2,0,0,15883,1,0,0
7,1200,3244104,0,1,0,34,12,11,0,2,0,0,33107,0,0,1
2,1200,532172,0,0,0,60,42,41,0,0,0,2,23073,1,0,0
6,1500,1527381,1,0,2,44,23,23,0,1,0,0,4761,1,0,0
17,1500,3861651,0,0,1,45,25,25,0,0,0,2,5424,0,0,0
10,1200,3869422,1,0,0,56,36,35,0,0,3,3,38118,1,0,1
10,1500,568889,1,0,0,18,0,0,1,0,1,1,17109,1,0,0
16,1200,2566194,1,0,1,33,13,13,0,0,1,3,43414,0,0,0
5,2000,4047316,1,0,1,20,2,2,1,0,0,0,50059,1,0,1
7,1000,1045461,0,1,1,32,11,11,1,0,0,0,22391,1,0,1
0,1000,4245743,1,1,1,21,1,0,1,0,0,1,50823,0,0,1
9,2000,4286017,0,0,1,53,31,30,1,1,0,0,18601,0,2,1
18,1500,2734968,1,0,1,47,25,24,0,0,0,0,33811,1,0,0
2,1000,2417494,1,0,3,46,25,24,0,0,0,0,58707,1,0,0
3,1000,1140248,1,0,3,40,18,17,1,0,0,4,12720,0,0,0
10,2000,3521140,1,0,0,22,0,0,0,2,0,0,31092,1,1,1
14,2000,4028330,0,0,1,64,44,44,0,0,0,0,48448,1,0,0
0,1200,4363978,1,0,0,28,6,6,0,0,2,0,36357,1,2,1
8,1500,662632,0,1,0,73,53,53,0,0,0,2,51271,1,0,0
10,1000,3338986,1,1,1,36,18,17,0,0,1,1,11348,0,0,0
18,1500,1034948,1,1,1,25,6,5,0,0,0,0,46982,1,0,0
12,800,4068128,1,0,1,60,40,39,0,0,2,0,45829,1,0,0
15,1200,396537,0,1,0,28,9,8,0,1,0,1,10117,1,0,0
3,800,4679849,1,0,0,26,6,5,1,0,1,0,55997,1,0,1
0,1200,851442,0,0,0,63,43,42,1,0,0,1,34348,1,0,0
19,1200,2344471,1,1,1,42,21,20,0,1,0,0,3113,0,0,0
12,1200,787268,1,1,4,42,22,21,0,1,1,0,20700,0,0,0
0,800,4509777,0,1,1,31,9,9,1,0,0,0,50398,1,0,1
4,1200,2186184,1,0,1,48,26,26,0,1,0,2,19581,1,0,0
4,2000,592429,1,1,0,30,10,9,1,0,0,0,35149,1,0,0
13,1200,997862,0,1,1,18,0,0,0,0,1,0,47169,1,1,0
13,1500,1100651,1,0,1,47,25,24,0,0,0,0,6634,1,1,0
7,1200,1523654,1,0,0,26,7,7,0,1,1,0,54646,1,0,0
3,1200,4288330,1,0,1,57,39,38,0,1,0,0,58516,1,0,1
6,1500,3354621,1,0,0,46,27,27,0,0,0,1,47183,1,0,0
19,2500,4034163,1,1,1,48,28,28,1,0,0,0,56706,0,0,0
18,1000,403833,1,0,0,35,15,14,0,2,0,0,59006,1,1,1
14,800,2961424,0,1,4,20,0,0,0,0,1,0,21858,0,0,1
3,1500,1393956,1,1,0,72,50,49,0,1,1,0,16596,1,1,0
18,2500,2642661,0,0,0,52,34,34,0,1,0,3,31633,1,0,0
8,3000,4973313,1,0,4,19,0,0,0,0,0,0,5734,1,1,1
12,1200,898137,1,0,0,21,0,0,0,1,0,1,39925,1,0,0
13,1200,2746594,1,0,1,58,40,39,0,0,0,3,44586,0,0,0
13,1500,1367084,0,0,0,32,13,13,0,0,0,0,59113,1,0,0
9,1500,854018,0,0,1,67,46,46,0,0,0,2,18355,1,0,0
15,1500,1167441,1,1,1,34,16,16,0,1,1,1,41399,1,0,0
4,2000,4713555,1,1,1,43,25,24,1,0,0,3,35108,1,0,1
5,1500,2620430,0,1,0,48,28,28,0,0,0,0,48838,1,0,0
1,1200,3857813,0,0,2,47,29,28,0,0,0,4,3031,1,0,0
12,1200,2176068,0,1,1,40,21,20,0,0,2,0,16375,1,0,0
12,1500,3827958,1,0,1,47,27,27,0,1,0,0,58293,1,0,0
18,1200,3467190,0,0,0,28,10,10,0,0,0,2,28904,1,0,0
17,1200,2764802,0,1,4,50,30,29,0,1,0,0,3735,1,0,0
18,800,2285512,1,1,2,55,34,34,0,0,0,4,9060,1,0,0
0,1000,1731910,1,0,0,63,44,43,0,0,2,0,14701,1,0,0
7,1200,2672470,1,0,1,22,1,0,0,1,0,2,18273,1,0,1
15,2000,3266303,1,0,0,73,54,54,0,1,1,0,20924,1,0,0
1,1200,722913,0,0,3,52,30,29,0,0,0,0,39595,0,1,0
7,1500,4762059,0,0,0,68,47,47,0,0,0,0,13325,0,0,0
5,1200,784623,1,0,0,18,0,0,0,0,1,1,8362,1,0,0
15,1000,2897298,1,1,0,21,1,0,0,1,2,1,27864,0,1,1
10,2500,2288034,0,1,1,65,44,43,1,0,0,0,17945,1,0,0
16,2000,1871419,1,1,0,55,37,37,0,0,0,0,35977,1,0,0
18,800,2211011,1,0,0,54,35,35,0,2,0,2,26360,1,0,0
10,1500,1238528,1,0,1,24,6,6,2,0,1,1,3063,0,0,1
7,1200,4709591,1,0,0,27,9,9,0,0,1,0,24752,1,0,0
3,3000,518164,1,1,0,50,30,30,0,0,0,0,54681,1,1,0
10,1200,662809,0,0,1,68,48,48,0,1,0,1,12487,0,0,0
7,1000,1175893,1,0,3,31,13,13,1,1,2,0,25212,1,0,0
8,1500,825011,0,0,1,53,35,35,1,1,1,0,4829,1,0,0
1,2000,4594155,0,0,1,64,46,45,0,1,2,4,25697,0,0,1
15,1000,3504051,0,0,0,55,36,35,0,0,0,0,24145,1,0,0
5,1500,2527075,1,1,2,69,49,49,0,0,1,1,38159,1,0,0
18,800,4376637,1,0,0,72,51,51,0,2,2,3,33203,1,0,1
7,2500,820910,0,0,0,47,27,26,1,1,0,4,47386,1,0,1
13,800,3241477,0,0,0,43,25,25,0,1,1,3,41122,1,0,1
15,2500,4933947,1,1,1,48,27,27,0,1,1,1,44652,1,0,1
11,1200,3997354,1,0,1,59,38,37,0,0,0,0,34825,1,0,0
4,1200,3515117,1,1,4,64,43,42,0,0,1,4,54242,1,0,0
18,3000,3319338,1,0,0,36,16,15,1,0,0,4,48056,1,0,1
17,3000,4997215,1,0,2,57,39,38,0,0,0,0,36620,1,0,0
8,1500,3255080,0,0,1,30,12,12,0,1,0,3,13341,0,0,1
1,1000,2421879,1,0,0,40,18,17,1,1,0,3,19591,1,0,0
19,1500,4387305,1,1,1,36,17,16,0,0,1,0,37286,1,0,0
11,1500,780293,0,1,1,33,13,12,0,1,0,2,55823,1,0,1
1,1500,2417034,1,1,0,42,20,20,0,1,0,4,51736,1,1,0
9,1500,2456708,0,0,0,43,21,20,0,0,1,0,22881,1,0,0
0,800,2187145,1,0,4,38,16,16,1,2,0,0,34616,1,1,0
3,1500,1393630,0,1,0,35,15,14,0,0,0,0,37008,1,0,0
11,1500,2292835,1,0,4,26,7,7,2,0,1,0,55655,1,0,1
8,1000,336959,0,1,1,41,20,19,0,0,0,3,32995,1,0,0
3,1500,3783126,1,1,1,64,45,44,0,1,1,0,51475,1,0,0
8,1500,520148,1,0,0,57,38,37,0,0,0,4,23452,1,0,0
5,1500,1437013,1,0,0,34,16,16,0,0,0,1,59613,1,0,0
0,800,1442634,1,1,1,47,25,24,1,1,1,2,57859,1,0,0
9,1500,3352559,1,0,0,21,0,0,0,0,2,0,44229,1,0,1
13,1200,4684422,0,0,0,72,51,50,0,0,0,0,47709,0,1,0
17,1500,1098104,1,0,0,71,53,53,1,0,1,0,14863,1,0,0
5,2000,1303438,0,0,0,45,24,23,0,0,0,0,2473,1,0,0
17,1500,3327921,1,0,0,58,38,37,0,1,1,0,31977,1,0,0
19,1000,4200270,0,0,0,57,39,38,0,1,1,0,29179,1,0,1
15,1500,2770530,1,1,1,26,4,3,0,1,1,3,58442,1,0,1
14,2500,3409664,0,1,1,53,32,32,1,1,0,0,13828,1,0,1
15,1000,2639270,1,0,4,25,7,7,0,1,0,1,29749,1,0,0
7,2000,4028235,1,1,0,39,21,20,0,0,0,1,26068,1,0,0
12,1500,3278887,1,0,1,42,23,22,1,0,0,0,21268,1,1,0
10,2000,4206358,0,0,1,66,48,48,0,0,0,4,10964,1,0,0
6,1200,3085363,0,1,1,23,5,5,0,0,0,0,15585,1,0,1
16,1200,2134233,0,0,1,43,21,21,0,0,1,2,17037,1,0,0
17,2500,839719,1,0,1,59,39,39,0,2,0,0,56633,0,0,0
18,1200,1826380,0,0,0,19,0,0,1,0,0,0,6692,1,0,1
12,800,4930699,0,1,0,48,28,28,0,1,1,0,9602,1,0,0
14,1500,678652,1,1,0,29,11,10,0,3,0,0,13544,0,0,0
0,1000,758407,1,1,0,36,14,13,0,0,0,2,38093,1,0,0
15,2000,812318,0,0,1,74,52,52,1,0,1,0,18764,1,0,0
4,1500,3108913,1,1,1,54,32,32,0,1,2,0,20745,1,0,0
2,2000,997418,0,0,1,65,43,43,0,0,0,0,55177,0,0,0
9,2000,4697484,1,0,0,54,35,35,0,1,1,0,44597,1,0,1
18,1000,4026795,0,0,1,18,0,0,0,2,0,0,12109,1,0,1
4,1200,1515833,0,0,0,27,8,8,0,1,1,0,26013,1,0,0
6,2000,771426,0,0,0,51,32,31,0,0,1,0,26424,1,2,0
13,1200,801669,1,0,1,33,15,14,0,0,2,0,10042,1,0,0
2,3000,4021058,1,0,1,58,36,36,1,0,0,0,42039,1,1,0
12,1500,4698792,0,1,1,24,3,3,0,0,2,0,14969,1,0,1
12,800,993779,0,1,0,30,8,8,1,1,0,0,24319,0,0,0
9,2000,1086012,0,1,4,21,0,0,0,0,1,0,34568,1,0,0
1,1000,4206692,1,1,3,56,37,37,0,1,0,2,8557,0,0,1
5,1000,2330886,1,0,1,48,28,27,0,0,0,0,4901,0,1,0
7,1500,4808294,1,0,4,27,5,5,0,1,0,0,45281,1,0,1
3,2000,4936511,1,1,0,29,11,11,0,0,0,0,29593,1,0,1
11,1500,4279296,0,1,1,51,33,33,0,0,0,0,6567,0,0,0
14,1200,4526852,0,0,4,45,27,26,0,0,1,0,48939,1,1,0
7,1200,2139658,1,0,1,22,3,3,1,0,0,1,13375,1,0,0
6,1200,1524483,0,0,1,45,24,23,0,0,1,0,6936,1,1,0
13,1200,3491088,0,0,0,74,53,52,0,0,1,2,7080,1,0,0
18,1000,4196427,0,0,0,64,43,43,1,1,0,1,2442,1,1,1
13,1500,1795135,1,1,0,28,6,6,1,0,1,2,25183,1,0,0
12,2500,500802,1,1,1,51,29,28,0,0,1,3,31114,1,0,0
0,1200,2082030,0,0,0,32,12,11,0,0,1,0,6106,0,0,0
18,1000,785126,1,0,0,68,48,47,0,0,0,0,20352,1,0,0
0,2000,1672044,0,1,1,22,2,2,0,0,1,0,12430,1,1,0
3,1500,3204425,0,0,1,65,46,46,1,1,0,0,6616,1,0,0
9,2500,2672771,0,0,1,38,17,17,0,0,1,0,19979,1,0,0
2,1000,830959,0,0,2,48,26,26,1,1,3,0,31256,1,0,0
19,1000,2588808,0,0,1,57,37,37,0,0,0,1,40447,1,0,0
8,1500,2953204,1,0,0,24,5,5,0,1,0,2,14081,1,0,1
2,1500,2272041,1,1,1,52,32,31,0,0,1,0,41614,0,0,0
5,1200,3763762,1,0,0,38,16,16,0,1,1,1,46221,1,0,0
5,1500,689952,1,0,1,57,37,36,0,0,0,3,19440,1,0,0
11,1000,567299,1,0,0,22,3,2,0,0,0,2,22848,1,0,0
0,1200,2649545,1,0,1,31,12,12,0,0,1,0,39378,1,0,0
15,1500,3836147,1,1,0,51,31,30,0,0,2,1,54928,1,0,0
4,1200,1409427,1,0,0,27,5,5,0,0,2,0,58355,1,0,0
8,1500,4890231,0,0,0,35,16,15,1,0,0,0,53321,1,0,0
9,1200,1492179,0,1,0,34,13,13,0,0,1,0,56035,1,0,0
12,1200,3325136,0,1,4,55,36,36,0,1,1,0,34791,1,0,0
14,1200,2326029,1,1,4,66,48,47,0,0,0,0,41772,1,0,0
11,1200,1342714,1,1,1,73,53,52,1,1,0,0,4421,1,0,0
4,800,1352355,1,1,4,49,28,28,0,0,1,0,8271,1,0,0
4,1500,934966,1,0,1,34,12,11,1,0,0,0,55025,0,0,0
17,2000,1210192,0,0,0,73,52,51,0,0,2,0,26452,1,0,0
11,1200,3381364,1,1,1,39,20,19,0,0,1,3,43064,0,0,1
2,800,3453045,1,0,0,42,23,22,1,0,0,3,45195,1,1,1
6,3000,4157984,0,0,1,68,50,49,1,0,0,0,33457,1,0,0
16,1200,2522525,0,1,0,33,12,12,0,0,0,0,56954,0,0,0
18,1000,1368038,0,0,2,47,28,28,0,0,0,1,42587,1,0,0
17,1200,1563797,1,1,1,72,50,49,0,1,0,1,19866,1,0,0
0,1500,1761189,1,0,0,51,29,28,0,1,0,3,45989,1,0,0
4,1200,1636845,1,0,3,22,1,0,0,0,2,3,24396,0,1,0
1,1500,4736445,0,0,3,61,40,40,0,0,2,2,44198,1,0,1
0,1200,4161817,0,1,3,50,32,32,1,2,1,3,41719,0,0,1
6,1000,3197933,1,1,1,22,1,0,0,1,1,0,9869,1,0,0
10,1200,2457867,1,0,1,57,35,35,0,0,2,1,8800,0,0,0
10,1500,2562952,0,0,0,59,38,38,0,0,0,4,40636,0,0,0
17,1500,2237156,1,0,0,20,1,1,0,1,0,0,22089,1,0,1
16,1000,4335161,0,0,0,55,36,35,2,0,0,3,21623,0,0,1
1,1000,3152235,0,0,0,30,9,9,1,0,0,3,34841,0,0,1
6,1500,1352493,1,0,0,69,49,48,0,0,0,0,30698,1,0,0
6,2000,4359490,1,1,1,25,4,3,1,0,2,3,35034,0,1,1
9,1200,3928434,0,1,0,47,29,29,0,0,0,0,57225,1,1,0
2,1500,895022,1,0,0,67,45,45,2,1,0,0,34113,1,0,0
11,1000,4374503,0,1,1,22,0,0,1,0,1,2,27151,0,0,1
2,1200,2549750,1,0,0,55,34,34,0,1,1,0,16313,1,1,0
10,800,418540,1,0,0,48,28,28,0,0,0,0,10901,0,0,0
11,2000,947581,0,1,0,73,51,50,0,0,0,0,54595,1,0,0
3,1200,4912777,1,0,0,19,0,0,2,1,1,2,26135,1,0,1
15,2000,4159073,1,0,4,74,52,51,0,0,0,3,11870,0,0,0
19,1500,2843498,1,0,1,24,5,5,0,0,1,2,34592,0,0,1
17,2000,4044412,0,1,0,33,15,15,1,0,0,0,42831,1,0,0
3,1200,719861,0,1,0,27,5,4,0,3,0,3,42138,0,1,1
5,1000,1480616,1,0,0,46,25,25,2,0,0,3,24766,1,0,0
14,3000,3338885,0,1,1,47,28,27,0,1,0,0,24811,0,0,0
0,1500,1445161,1,0,4,37,17,17,0,0,0,3,22393,1,0,0
2,2000,722933,1,1,1,59,41,40,1,0,1,3,34584,0,1,0
4,800,4974823,0,1,1,51,31,31,1,0,3,0,57539,1,0,1
16,1200,3911950,0,0,0,25,5,4,1,0,2,3,5217,0,0,1
13,1500,3313509,1,1,1,51,29,28,0,0,1,0,9163,1,0,0
8,800,3377894,1,0,0,51,32,31,0,0,0,0,33755,1,1,0
2,1500,1856731,1,1,0,62,44,44,0,0,0,1,34204,1,0,0
12,1200,4433068,0,1,1,74,55,55,0,2,1,0,17075,1,0,0
2,800,346935,1,0,0,53,34,33,0,0,1,3,23997,1,0,0
10,1000,1265933,1,0,1,24,2,2,0,0,0,2,30629,0,1,1
1,1200,3129119,1,0,4,31,11,11,1,0,0,0,48044,0,1,0
14,1000,2438902,1,0,0,37,18,17,0,0,1,3,54386,1,0,0
12,1500,2213296,0,0,0,54,34,34,0,0,1,3,26157,1,0,0
18,1000,4322058,1,0,0,50,31,31,1,2,1,0,45712,1,1,1
15,1200,2721129,1,0,0,48,30,30,0,1,1,0,27467,1,0,0
17,2000,1329726,1,1,1,50,29,28,1,0,0,1,26952,1,0,0
6,1200,3460044,1,1,0,43,22,21,0,0,1,2,28934,0,0,0
12,1200,1310684,1,0,1,43,22,22,0,0,1,4,5774,0,0,0
3,1500,2792945,1,0,1,68,46,46,0,0,0,0,5793,1,0,0
8,2500,1054899,1,0,0,55,33,33,0,0,0,0,28063,1,0,0
9,800,546818,0,1,1,33,13,13,0,1,0,1,35647,1,0,0
8,1200,2586738,0,0,4,29,7,6,0,0,2,0,47976,1,0,0
6,1500,4706553,1,1,0,18,0,0,1,0,0,0,36458,0,0,1
14,1200,3375618,1,1,1,61,39,38,0,0,0,1,41411,1,1,0
7,2000,3383851,1,1,1,37,16,15,0,3,0,3,50012,0,0,1
18,3000,4571687,1,0,1,74,55,54,0,0,1,4,31543,0,0,0
10,2500,1698008,0,0,0,67,46,46,0,0,1,4,25779,0,0,0
4,1200,1692696,0,1,2,19,0,0,0,1,0,0,8676,1,0,0
1,1000,2809321,0,0,1,48,30,30,0,0,2,0,25046,1,0,0
9,2500,4164276,1,0,0,35,17,16,0,0,0,3,6307,0,0,0
15,1200,4214988,0,0,1,59,41,41,1,0,0,1,13656,0,0,0
12,1000,1699017,1,0,4,27,9,8,0,0,1,2,31894,1,0,0
7,1500,3267452,0,1,2,72,51,51,0,0,0,0,32977,1,0,0
8,1200,1692862,1,0,4,72,52,52,1,1,0,0,18400,1,1,0
10,1200,3278118,1,1,0,23,5,5,0,0,0,2,49528,0,1,1
10,2000,4532289,1,1,0,19,0,0,0,2,0,0,43474,0,0,1
15,1000,604861,1,0,1,33,11,10,0,1,0,1,35433,1,0,0
9,800,702243,0,1,0,22,0,0,0,1,1,3,45848,0,0,1
11,1200,2792904,0,1,1,55,34,34,1,0,1,0,13301,0,0,0
5,1500,1088957,0,1,0,39,20,20,0,0,1,2,6369,1,0,0
11,1000,1038637,0,1,1,39,20,19,0,0,0,0,59028,1,0,0
9,1200,1418999,1,0,1,39,21,21,0,0,0,1,13557,1,0,0
17,1500,2486794,1,0,1,18,0,0,1,0,0,3,35254,1,0,1
17,2000,3435326,1,0,0,53,35,34,0,0,0,0,51299,1,0,0
3,1000,3570054,0,0,3,66,45,44,0,0,1,3,11435,1,0,0
8,2000,1628475,1,0,1,30,8,7,0,0,2,0,22379,1,0,0
6,1000,581752,1,0,1,29,11,11,0,0,3,0,15693,1,0,0
17,1500,2187521,1,0,1,30,10,9,0,0,0,0,22785,1,1,0
7,1200,1710166,0,0,0,68,47,46,0,1,1,0,23912,1,1,0
10,1000,1799700,0,0,0,65,44,43,0,0,1,0,30499,0,0,0
6,1500,4244886,1,0,0,28,7,6,0,0,0,0,30566,1,0,1
8,1000,3004948,0,1,2,67,47,47,1,0,0,1,11037,1,0,0
7,1000,1525332,1,0,0,35,16,15,0,0,0,0,37104,1,0,0
2,1200,3946910,1,1,1,39,20,19,0,0,0,0,39015,1,0,0
16,1500,2606442,0,1,0,18,0,0,0,1,1,0,18551,1,0,1
1,1000,4302038,1,0,1,21,2,2,0,0,0,1,20179,1,0,0
14,1000,2269442,1,1,0,26,6,5,0,2,0,3,50760,0,0,1
13,800,2824772,0,0,1,20,2,1,1,0,1,0,31624,0,0,1
17,1200,1330742,0,0,2,25,5,4,0,0,0,3,59708,0,1,1
15,1200,4374336,0,0,1,26,7,7,0,0,0,0,33822,1,0,1
19,1000,4746291,1,1,1,35,15,15,0,0,1,0,46205,1,0,1
3,800,1855204,1,0,1,22,2,2,2,0,0,1,49722,1,1,1
19,1200,4079109,1,0,1,39,17,17,0,1,0,0,40610,1,0,1
5,2000,3279340,0,1,0,54,34,34,0,0,0,0,35750,1,0,0
5,1500,2461886,1,1,0,71,52,52,0,0,1,3,59263,1,0,0
10,2000,4898224,1,1,1,22,1,0,0,0,1,0,10453,0,1,1
16,800,4607030,1,1,4,40,22,22,1,0,1,0,6068,1,0,1
2,2500,2815202,0,1,1,33,13,13,2,0,1,0,14597,1,1,0
12,1200,4542612,1,0,1,22,3,2,0,0,0,0,10078,1,1,1
2,3000,515350,1,0,1,54,35,34,0,0,0,0,10528,1,0,0
15,1200,1445004,1,1,4,61,39,39,0,1,0,1,37470,1,0,0
14,1200,3670323,1,0,1,56,37,36,0,0,0,0,6890,1,0,0
10,1200,4663759,1,0,1,20,0,0,0,0,1,2,57111,1,0,1
17,1200,2447572,1,0,0,43,24,23,0,0,0,0,33085,1,0,0
14,2000,2783115,0,0,0,72,51,50,0,1,1,0,20654,1,0,0
4,1500,3546408,1,0,0,25,7,7,0,1,1,0,24655,1,1,0
15,3000,3965775,1,1,3,38,18,18,0,0,0,0,53622,0,0,0
15,1500,4579859,1,1,0,69,51,51,0,0,0,0,46538,1,0,0
16,1200,1365521,0,0,1,35,15,15,0,0,1,0,39545,1,0,0
8,800,835929,1,1,4,22,4,4,1,1,0,0,28807,1,0,0
2,3000,4145414,0,0,2,23,2,2,0,1,0,0,49888,0,0,1
19,1500,2080787,0,0,1,44,24,24,0,0,0,0,2367,1,0,0
12,1500,4407083,1,0,0,74,54,53,1,0,1,0,14822,1,0,0
2,1200,2915015,1,0,0,39,21,21,0,0,0,3,46387,0,0,0
6,1500,3607509,0,1,0,39,17,17,1,0,1,1,54012,1,0,1
5,2500,1056168,0,0,1,55,33,33,0,0,0,0,52105,1,0,0
8,1000,1666893,0,0,0,73,55,54,1,1,0,3,23430,0,0,0
11,1200,1274532,0,0,0,55,36,36,0,0,0,0,34886,1,0,0
14,1000,1308403,1,1,1,60,42,42,1,1,1,4,12929,1,0,0
19,2000,568966,0,1,0,44,23,22,0,0,0,0,15403,1,0,0
2,800,1999765,1,0,1,62,41,41,0,0,0,0,12128,0,1,0
9,800,1688753,1,1,1,63,44,43,1,0,0,4,50485,0,1,0
0,1200,790553,0,0,1,66,44,44,0,0,0,0,38834,0,0,0
18,1500,4246411,1,1,4,50,29,29,0,0,0,0,53300,1,0,0
18,1200,388106,1,0,0,59,38,37,1,0,0,0,34924,1,0,0
12,800,4799593,1,0,0,48,28,28,0,0,0,0,56875,1,0,1
11,2500,2482632,1,1,0,45,25,24,1,1,1,2,2280,1,1,0
0,2500,2992655,0,1,1,47,28,28,2,0,0,4,22879,1,1,1
18,1200,4677213,1,0,3,51,30,29,0,0,0,3,31506,1,0,0
15,1500,4253365,0,0,4,62,44,43,0,0,0,0,29452,0,1,0
14,1500,4707184,1,0,4,34,12,12,0,1,2,4,8685,0,0,1
15,1000,2726244,1,1,1,68,49,48,1,1,1,2,38223,1,0,0
10,1200,2581578,1,0,1,52,34,33,0,0,1,2,55548,0,1,0
5,1200,4600481,1,1,1,53,35,35,0,0,0,0,46443,0,0,0
10,1200,1295654,1,1,1,23,4,4,0,0,0,0,57460,1,0,0
2,1200,4714189,0,0,0,62,43,43,0,1,1,0,12304,1,0,0
14,2000,3782243,1,1,0,46,25,24,1,0,0,0,46269,1,0,0
0,1200,984388,1,0,0,40,18,17,0,0,0,3,4190,1,0,0
6,1500,2910459,1,1,0,31,10,9,0,0,0,0,56488,1,0,0
0,1000,2475483,1,1,3,26,8,8,0,0,0,3,30371,1,1,0
16,1500,2785981,1,0,1,73,52,52,0,0,2,0,46236,1,0,0
8,1200,1461321,0,0,1,32,11,10,0,2,1,0,40402,1,0,0
12,1500,3068165,1,1,0,55,33,32,0,2,0,0,28814,1,1,0
10,2000,4012361,1,0,1,42,22,21,0,1,0,4,14797,1,0,1
19,2000,4657990,0,0,1,37,15,14,0,0,1,3,36869,1,0,1
5,1200,383521,1,0,0,60,39,38,0,0,0,0,23022,1,0,0
0,1500,3762722,1,0,1,39,19,19,2,0,0,0,56704,1,0,1
6,2500,4687524,0,0,3,24,6,6,1,0,0,0,49880,0,0,1
11,1500,2588885,0,0,1,35,13,13,0,0,0,2,10346,1,0,0
19,1000,3817027,1,0,1,34,15,15,0,0,0,0,35489,1,0,0
18,1500,1470609,0,1,0,31,13,13,1,0,0,0,20351,1,0,0
16,1000,1066582,1,0,1,43,23,23,0,0,0,4,20718,1,0,0
3,2000,2849978,0,0,4,57,39,39,1,0,0,1,28431,1,1,0
2,1500,2442404,0,0,2,49,30,30,0,2,2,4,42817,1,0,1
0,1200,4064624,1,0,0,46,27,26,0,0,1,0,52019,1,0,0
17,800,1491741,1,0,1,57,35,35,0,0,1,2,30864,1,0,0
14,1200,4830149,1,0,0,24,2,2,0,0,0,0,9645,1,0,1
7,2500,3296972,1,0,1,74,53,53,2,1,0,1,53373,1,0,1
0,800,4996744,1,0,2,26,5,4,0,1,0,0,7289,1,0,1
19,1200,4475863,0,1,1,29,11,10,0,0,0,0,27669,1,1,1
13,2500,1112457,1,1,0,20,1,0,0,1,0,0,4747,1,0,0
3,1200,2868478,1,0,0,49,31,31,0,0,0,4,55152,1,0,0
4,1200,2226442,0,1,0,50,30,30,0,1,1,2,27114,1,0,0
12,1500,587580,0,0,2,32,12,12,0,1,0,3,50635,1,0,0
14,1200,4451589,1,1,2,26,5,4,0,1,0,0,35252,1,1,1
5,1000,1025800,0,0,2,66,48,48,0,1,2,2,32788,1,0,0
0,800,2032030,0,0,0,61,41,40,0,0,0,0,35219,1,1,0
18,1500,501134,1,1,1,34,13,13,0,0,2,0,35870,1,0,0
12,2500,600821,1,0,0,45,27,27,0,0,0,0,47517,1,0,0
5,1000,3107013,0,0,0,62,43,43,1,0,1,0,4353,1,1,0
14,1000,899934,0,0,1,30,10,9,0,0,0,0,16627,1,0,0
15,1200,3043734,1,1,0,64,44,44,0,1,0,4,17809,1,1,0
15,2000,810122,1,1,0,38,19,19,0,1,0,0,28089,1,0,0
9,1200,4725020,0,0,0,67,46,45,0,0,2,1,22146,1,0,0
8,2000,1861119,0,0,1,64,44,44,0,0,0,2,18878,1,0,0
8,800,3512778,0,1,0,67,48,47,0,2,0,0,40512,1,0,1
16,2500,2490300,0,0,0,22,1,0,2,0,0,0,32226,1,0,1
16,1500,340492,0,0,0,24,2,2,0,0,0,0,35632,1,0,0
16,1500,2270247,0,0,0,55,34,33,0,0,2,0,46103,1,0,0
11,1200,4326899,0,0,1,54,34,33,0,0,2,0,11776,0,0,0
12,2000,2637006,0,0,4,36,15,14,1,0,0,0,30734,0,1,0
11,1000,2842278,1,0,0,58,38,37,1,1,0,0,30873,0,0,1
13,800,1226808,0,0,4,49,28,28,0,0,0,4,16604,0,0,0
9,1200,1866230,1,1,0,73,51,50,0,0,0,1,54822,1,0,0
18,2000,4264057,1,0,0,60,39,39,0,0,1,0,6673,0,0,0
1,2000,3914909,1,1,1,20,0,0,0,0,0,0,29565,1,0,1
3,1500,1155193,1,0,1,56,36,35,0,0,0,0,13520,1,1,0
18,1500,1420880,1,1,0,52,31,31,1,0,1,4,56645,1,0,0
6,1000,2857925,0,0,0,44,25,24,1,0,0,4,19266,1,0,0
14,2000,745044,0,0,1,55,33,33,1,1,0,1,25596,1,1,0
14,2000,1326936,0,1,4,68,50,49,0,0,1,0,15330,0,0,0
5,1500,3946223,0,0,4,65,43,42,0,0,1,0,22152,1,0,0
2,1200,3257982,1,0,1,25,4,4,0,0,0,2,16460,0,1,0
5,2500,3644920,1,0,1,68,46,45,1,0,2,1,27030,0,0,1
15,2000,1353518,1,0,2,70,49,48,0,1,1,0,50056,1,0,0
1,1500,792797,1,0,1,36,16,15,0,0,0,0,38926,1,0,0
6,1200,1974211,0,0,4,47,27,27,0,0,0,0,41944,1,0,0
10,1500,1880234,1,0,2,65,46,46,0,0,1,3,55558,1,0,0
6,1500,1755464,1,1,1,57,39,39,1,1,0,0,29203,1,0,0
3,1200,4483780,1,1,0,27,7,6,0,1,0,0,46580,0,0,0
19,1200,2056870,1,0,1,47,28,27,1,1,2,0,6493,1,0,1
6,1200,4812657,1,0,3,26,8,8,0,1,0,0,45541,1,0,1
3,1500,3341591,0,1,0,65,46,46,1,0,1,0,9243,1,0,0
11,1200,2181729,1,1,0,39,19,19,0,1,1,2,51071,1,0,0
4,1200,4579705,1,1,0,48,30,30,0,0,0,0,7275,0,0,0
18,2000,3901174,1,0,4,63,43,43,1,0,1,0,31705,1,0,0
4,1500,3457279,0,1,1,27,6,6,2,0,0,0,4796,1,0,0
18,800,2177392,1,1,0,53,35,34,1,0,1,0,54794,1,0,0
2,1200,878776,1,0,0,27,8,8,1,0,0,1,41935,1,0,0
10,2000,479669,1,0,1,69,48,47,0,0,0,2,43276,0,1,0
6,2000,4154362,0,0,1,70,51,51,0,0,1,4,34623,1,0,0
16,1200,2011833,0,0,0,44,24,24,0,0,0,3,43767,1,0,0
8,2500,2858373,1,1,4,32,12,11,1,1,0,1,18993,1,0,0
8,800,524269,0,0,1,36,15,15,0,0,1,1,4372,0,0,0
9,2500,3755476,1,1,1,28,7,7,0,0,0,0,17252,1,0,0
12,1000,529005,1,1,3,49,31,30,0,0,0,4,56587,0,0,0
14,800,4865316,1,0,0,37,18,17,1,1,0,3,20816,1,0,1
4,1200,2515908,1,1,1,63,41,41,1,1,1,0,37007,1,0,0
2,1200,1903262,0,0,1,32,12,11,0,1,0,0,24944,1,0,0
7,1500,2712828,0,0,4,21,0,0,0,0,0,0,19944,0,1,1
19,2000,1823331,1,1,0,34,12,12,0,1,0,0,56131,1,0,0
9,2000,794065,1,0,1,18,0,0,0,0,0,0,5883,0,0,0
12,1200,1345391,1,0,1,74,55,55,0,0,1,0,30393,1,0,0
2,1200,4137587,0,1,2,36,14,13,0,0,0,2,56167,1,0,1
7,1000,1571952,0,1,2,22,3,3,0,0,0,3,8761,1,0,0
8,800,2346899,0,0,0,35,14,14,0,0,0,0,19799,1,1,0
11,1500,2470373,0,1,0,34,12,11,1,2,1,0,13037,1,0,1
10,800,4109361,1,0,0,72,50,49,1,0,0,0,5405,1,0,0
1,1500,4276826,0,1,1,59,39,38,0,0,0,0,5037,1,0,0
17,1500,658124,1,1,4,58,36,36,0,0,1,0,16088,1,0,0
8,1000,3653704,0,0,0,21,3,3,0,1,0,0,40103,1,0,1
1,1500,3952071,1,0,1,69,48,48,0,0,1,4,15312,1,0,0
1,1000,3828429,0,0,3,36,18,17,0,1,1,0,37731,1,0,1
2,1200,3033365,1,0,4,48,26,26,0,0,1,0,50932,0,0,0
15,2000,4328375,1,0,1,20,0,0,0,0,1,0,18669,1,0,1
18,1200,3454001,0,0,2,67,49,49,0,0,0,0,7179,1,0,0
3,1000,1135677,0,1,0,20,0,0,1,0,0,0,39503,1,0,0
17,1500,1176538,0,0,0,46,26,26,0,0,1,0,56638,1,0,0
19,1000,4461878,0,1,0,70,52,52,0,0,0,3,27976,1,0,0
17,1500,4152648,1,0,1,25,7,7,0,0,0,1,14397,0,0,0
9,1200,588574,0,0,1,73,52,52,0,1,0,1,43399,1,0,0
10,1200,3081087,0,1,0,22,2,2,0,2,3,0,5417,1,0,1
16,2000,882721,1,1,0,48,29,29,0,0,0,2,28061,1,0,0
19,1500,4806223,0,0,0,44,22,22,0,0,1,4,51907,1,1,1
15,800,4462403,0,0,0,50,28,27,0,0,1,0,53173,0,0,0
19,1200,464010,0,0,4,35,17,16,1,1,1,1,24469,0,0,0
12,2000,2012705,1,0,4,41,22,21,0,0,2,0,59807,1,0,0
1,800,1684515,0,1,0,43,23,22,1,0,1,0,13095,1,0,0
1,1500,924790,1,1,0,48,28,27,0,0,1,4,26166,1,0,0
13,1500,1904211,0,0,3,31,11,11,0,1,0,0,15186,1,2,1
3,1500,3709938,1,0,0,42,24,23,1,0,1,0,45519,1,0,1
16,2000,2219466,0,0,4,49,31,30,0,0,1,0,18682,1,0,0
12,1500,4340710,0,1,0,56,34,34,0,0,2,1,15792,1,1,0
3,1500,1459538,1,0,1,58,36,35,0,0,1,0,18728,0,0,0
2,2000,2587256,0,1,1,74,54,53,0,1,0,0,31095,1,0,0
11,1500,2154713,1,1,0,31,9,8,0,1,0,0,54535,1,0,0
7,1200,1587282,1,0,0,65,43,42,0,1,1,0,11285,1,0,0
1,1200,1241608,1,1,2,65,45,45,0,1,1,0,15338,1,0,0
5,1500,3260040,1,0,4,44,26,25,0,1,0,0,42033,1,0,0
9,2000,4536429,0,0,1,39,17,17,0,0,1,2,55340,1,0,1
11,1200,3819925,1,0,2,55,37,36,0,0,0,1,22369,1,0,0
9,1200,1319649,0,1,4,24,5,4,0,0,2,0,41095,1,0,0
9,2500,730542,1,0,0,50,32,31,2,1,1,1,20208,0,0,0
2,1500,4493327,0,1,0,60,39,39,0,0,3,2,2048,1,0,0
19,1000,2495378,0,0,0,58,37,36,1,0,0,0,32147,1,0,0
9,1500,869824,1,0,0,50,30,30,0,0,0,2,28396,1,0,0
8,3000,1533718,0,1,1,41,20,19,1,0,1,0,25228,1,0,0
19,2000,3864043,1,1,0,43,24,23,0,0,0,1,37398,1,1,0
18,1500,1451219,0,0,0,67,49,48,0,0,1,1,44313,1,0,0
13,1000,3871950,1,0,0,59,41,40,0,1,2,1,34039,1,0,1
1,2000,4872356,1,0,0,48,26,26,2,0,0,0,10703,0,0,1
4,1500,2946250,0,0,0,44,22,22,1,0,0,0,33949,1,1,0
19,2000,2522792,0,1,0,30,8,7,1,0,2,0,41865,1,0,0
7,1200,4854342,1,0,3,48,30,29,0,0,0,0,30435,1,0,0
6,800,4985089,0,1,1,49,31,31,0,0,2,0,21829,0,0,0
5,1200,2134285,1,0,3,40,18,18,1,0,1,1,31493,0,0,0
10,1200,2371963,0,0,3,54,36,36,0,0,0,0,43353,0,0,0
11,1500,4180546,1,0,4,57,38,37,0,0,1,2,52301,1,0,0
17,2500,1505159,0,0,0,62,40,39,0,0,0,0,29123,1,0,0
18,1500,3091736,1,0,4,33,12,11,0,0,0,0,11738,1,0,0
9,2000,325394,1,1,1,56,34,34,0,0,0,0,22642,1,0,0
13,1200,3193603,0,0,0,25,4,4,2,2,0,0,2485,1,0,1
2,2000,2157478,1,1,1,35,15,14,1,0,0,0,44939,1,0,0
17,2000,3833340,1,0,0,44,23,23,1,0,0,4,29938,0,0,0
14,1500,1479328,1,0,0,26,7,7,0,0,0,1,57158,1,1,0
5,1500,3554097,1,0,0,45,27,27,0,0,0,1,44522,1,0,0
9,1500,935091,1,1,0,39,20,19,0,0,0,4,51933,1,0,0
11,1500,3144397,1,0,2,28,8,8,0,0,0,0,52882,1,0,0
6,1200,985018,1,0,0,71,52,52,1,1,0,3,29064,0,0,0
16,2000,898193,0,0,1,39,20,19,0,0,0,2,53955,1,0,0
0,2500,574072,0,0,0,66,46,45,0,0,0,0,33380,1,1,0
17,1200,4209069,0,0,0,31,12,11,0,1,0,0,32263,1,0,1
14,1500,2448395,0,0,0,40,20,19,0,0,1,0,58657,1,0,0
18,1500,478884,1,1,3,19,1,0,0,0,1,0,45386,1,0,0
0,1500,1334576,1,0,4,32,10,10,2,0,0,0,33454,0,0,0
4,1500,4932568,0,0,0,67,49,49,0,0,1,3,18882,0,0,1
14,2000,2527370,0,0,4,22,4,4,0,1,1,0,5958,1,1,1
2,1200,4125679,1,0,1,46,28,27,2,2,0,3,41834,1,0,1
0,800,2804259,1,0,0,71,52,52,0,0,0,3,52945,0,0,0
7,2000,2111268,0,1,1,50,32,32,0,0,0,0,41081,0,0,0
11,1500,1880585,0,0,2,65,45,44,0,1,0,3,24362,1,0,0
18,2000,4651528,0,1,1,61,41,40,1,0,2,2,10244,0,0,1
11,1000,956568,1,0,1,47,27,27,1,2,2,4,14179,1,0,1
12,800,1564271,0,0,0,63,43,42,0,0,1,4,5146,1,0,0
0,2500,826259,0,1,0,34,16,16,1,0,1,0,19072,1,0,0
18,1000,1457843,0,1,0,18,0,0,0,1,2,0,17051,1,0,0
5,2000,703570,0,0,1,31,9,8,0,0,2,0,23241,1,1,0
7,2000,560371,0,0,1,64,43,42,0,0,3,2,36967,1,0,0
3,1500,2595887,0,0,1,72,53,52,0,0,0,1,3421,0,0,0
4,1000,2814228,1,0,1,61,43,42,0,0,2,4,19994,0,0,0
6,1500,2862556,1,1,0,34,13,13,0,0,1,0,10304,1,0,0
3,2000,3804387,0,0,0,26,8,8,1,0,2,0,15672,1,0,1
19,1200,4384003,1,0,3,52,32,32,2,0,1,4,58787,1,0,1
3,1200,2770429,0,0,0,48,29,29,0,0,0,1,24371,1,0,0
14,1200,4675956,0,0,1,29,8,7,1,0,1,0,4160,1,0,1
4,800,3717768,0,0,0,62,40,40,0,0,2,0,8367,1,0,0
8,2000,4003093,0,0,0,19,0,0,1,1,0,2,14914,0,0,1
1,2000,3385981,1,0,0,71,51,50,0,1,0,3,38786,0,0,0
6,3000,1685946,1,0,1,32,13,12,1,0,0,0,50538,1,0,0
16,1500,1871895,0,0,1,51,31,31,0,0,0,0,38011,1,0,0
15,2000,4996910,1,1,1,54,34,33,0,0,0,0,53180,1,0,0
16,1000,3157384,0,1,4,70,49,49,0,0,0,0,23334,1,1,0
19,1500,1652340,1,0,0,58,38,37,0,0,0,3,17701,1,0,0
1,1500,3793239,0,1,0,47,28,28,0,2,1,1,32282,1,0,1
10,2500,316049,1,1,0,31,13,13,0,1,0,3,24062,1,1,0
1,2000,2081100,1,0,0,62,43,42,0,0,0,1,26971,0,0,0
0,2500,760894,0,1,3,21,2,1,0,0,2,4,55095,1,1,1
1,2000,3166991,0,0,3,25,7,7,0,0,0,1,42547,0,0,0
